mc	mn	quarterbeats	duration_qb	mc_onset	mn_onset	timesig	staff	voice	label	globalkey	localkey	pedal	chord	special	numeral	form	figbass	changes	relativeroot	cadence	phraseend	chord_type	globalkey_is_minor	localkey_is_minor	chord_tones	added_tones	root	bass_note
1	1	0	3.0	0	0	12/8	4	1	c.V	c	i		V		V							M	1	1	1, 5, 2		1	1
1	1	3	1.5	3/4	3/4	12/8	4	1	V2	c	i		V2		V		2					Mm7	1	1	-1, 1, 5, 2		1	-1
1	1	9/2	1.5	9/8	9/8	12/8	4	1	V43	c	i		V43		V		43					Mm7	1	1	2, -1, 1, 5		1	2
2	2	6	1.5	0	0	12/8	4	1	i6	c	i		i6		i		6					m	1	1	-3, 1, 0		0	-3
2	2	15/2	1.5	3/8	3/8	12/8	4	1	V43	c	i		V43		V		43					Mm7	1	1	2, -1, 1, 5		1	2
2	2	9	1.5	3/4	3/4	12/8	4	1	i6	c	i		i6		i		6					m	1	1	-3, 1, 0		0	-3
2	2	21/2	1.5	9/8	9/8	12/8	4	1	V43	c	i		V43		V		43					Mm7	1	1	2, -1, 1, 5		1	2
3	3	12	1.5	0	0	12/8	4	1	i	c	i		i		i							m	1	1	0, -3, 1		0	0
3	3	27/2	1.5	3/8	3/8	12/8	4	1	V65	c	i		V65		V		65					Mm7	1	1	5, 2, -1, 1		1	5
3	3	15	1.5	3/4	3/4	12/8	4	1	VI	c	i		VI		VI							M	1	1	-4, 0, -3		-4	-4
3	3	33/2	1.5	9/8	9/8	12/8	4	1	V43/iv	c	i		V43/iv		V		43		iv			Mm7	1	1	1, -2, 0, 4		0	1
4	4	18	1.5	0	0	12/8	4	1	iv	c	i		iv		iv							m	1	1	-1, -4, 0		-1	-1
4	4	39/2	1.5	3/8	3/8	12/8	4	1	V65/iv	c	i		V65/iv		V		65		iv			Mm7	1	1	4, 1, -2, 0		0	4
4	4	21	1.5	3/4	3/4	12/8	4	1	V(64)/iv	c	i		V(64)/iv		V			64	iv			M	1	1	0, -1, -4		0	0
4	4	45/2	1.5	9/8	9/8	12/8	4	1	V7/iv	c	i		V7/iv		V		7		iv			Mm7	1	1	0, 4, 1, -2		0	0
5	5	24	12.0	0	0	12/8	4	1	iv6	c	i		iv6		iv		6					m	1	1	-4, 0, -1		-1	-4
7	7	36	12.0	0	0	12/8	4	1	viio7/VII	c	i		viio7/VII		vii	o	7		VII			o7	1	1	3, 0, -3, -6		3	3
9	9	48	3.0	0	0	12/8	4	1	III64	c	i		III64		III		64					M	1	1	-2, -3, 1		-3	-2
9	9	51	3.0	3/4	3/4	12/8	4	1	viio65/VII	c	i		viio65/VII		vii	o	65		VII			o7	1	1	0, -3, -6, 3		3	0
10	10	54	3.0	0	0	12/8	4	1	VII6	c	i		VII6		VII		6					M	1	1	2, -1, -2		-2	2
10	10	57	3.0	3/4	3/4	12/8	4	1	#viio43	c	i		#viio43		#vii	o	43					o7	1	1	-1, -4, 5, 2		5	-1
11	11	60	1.5	0	0	12/8	4	1	i6	c	i		i6		i		6					m	1	1	-3, 1, 0		0	-3
11	11	123/2	1.5	3/8	3/8	12/8	4	1	V43	c	i		V43		V		43					Mm7	1	1	2, -1, 1, 5		1	2
11	11	63	1.5	3/4	3/4	12/8	4	1	i	c	i		i		i							m	1	1	0, -3, 1		0	0
11	11	129/2	1.5	9/8	9/8	12/8	4	1	V2/iv	c	i		V2/iv		V		2		iv			Mm7	1	1	-2, 0, 4, 1		0	-2
12	12	66	1.5	0	0	12/8	4	1	iv6	c	i		iv6		iv		6					m	1	1	-4, 0, -1		-1	-4
12	12	135/2	1.5	3/8	3/8	12/8	4	1	V43/iv	c	i		V43/iv		V		43		iv			Mm7	1	1	1, -2, 0, 4		0	1
12	12	69	1.5	3/4	3/4	12/8	4	1	V65/iv	c	i		V65/iv		V		65		iv			Mm7	1	1	4, 1, -2, 0		0	4
12	12	141/2	1.5	9/8	9/8	12/8	4	1	iv	c	i		iv		iv							m	1	1	-1, -4, 0		-1	-1
13	13	72	3.0	0	0	12/8	4	1	V(64)	c	i		V(64)		V			64				M	1	1	1, 0, -3		1	1
13	13	75	3.0	3/4	3/4	12/8	4	1	V7	c	i		V7		V		7					Mm7	1	1	1, 5, 2, -1		1	1
14	14	78	6.0	0	0	12/8	4	1	i\\	c	i		i		i						\\	m	1	1	0, -3, 1		0	0
15	15	84	1.5	0	0	12/8	4	1	V43	c	i		V43		V		43					Mm7	1	1	2, -1, 1, 5		1	2
15	15	171/2	1.5	3/8	3/8	12/8	4	1	#viio6	c	i		#viio6		#vii	o	6					o	1	1	2, -1, 5		5	2
15	15	87	1.5	3/4	3/4	12/8	4	1	i6	c	i		i6		i		6					m	1	1	-3, 1, 0		0	-3
15	15	177/2	1.0	9/8	9/8	12/8	4	1	V43	c	i		V43		V		43					Mm7	1	1	2, -1, 1, 5		1	2
15	15	179/2	0.5	11/8	11/8	12/8	4	1	i	c	i		i		i							m	1	1	0, -3, 1		0	0
16	16	90	2.5	0	0	12/8	4	1	ii65(2)/III	c	i		ii65(2)/III		ii		65	2	III			mm7	1	1	-4, 0, -3, 1		-1	-4
16	16	185/2	0.5	5/8	5/8	12/8	4	1	ii65/III	c	i		ii65/III		ii		65		III			mm7	1	1	-4, 0, -3, -1		-1	-4
16	16	93	1.0	3/4	3/4	12/8	4	1	V2(11)/III	c	i		V2(11)/III		V		2	11	III			Mm7	1	1	-4, -2, 2, -1	-3	-2	-4
16	16	94	0.5	1	1	12/8	4	1	V2/III	c	i		V2/III		V		2		III			Mm7	1	1	-4, -2, 2, -1		-2	-4
16	16	189/2	1.0	9/8	9/8	12/8	4	1	V2(9)/III	c	i		V2(9)/III		V		2	9	III			Mm7	1	1	-4, -2, 2, -1	0	-2	-4
16	16	191/2	0.5	11/8	11/8	12/8	4	1	V2/III	c	i		V2/III		V		2		III			Mm7	1	1	-4, -2, 2, -1		-2	-4
17	17	96	2.5	0	0	12/8	4	1	III6(9)	c	i		III6(9)		III		6	9				M	1	1	1, -2, -3	-1	-3	1
17	17	197/2	0.5	5/8	5/8	12/8	4	1	III6	c	i		III6		III		6					M	1	1	1, -2, -3		-3	1
17	17	99	3.0	3/4	3/4	12/8	4	1	ii%65	c	i		ii%65		ii	%	65					%7	1	1	-1, -4, 0, 2		2	-1
18	18	102	1.5	0	0	12/8	4	1	V(64)	c	i		V(64)		V			64				M	1	1	1, 0, -3		1	1
18	18	207/2	1.5	3/8	3/8	12/8	4	1	V7	c	i		V7		V		7					Mm7	1	1	1, 5, 2, -1		1	1
18	18	105	1.5	3/4	3/4	12/8	4	1	i	c	i		i		i							m	1	1	0, -3, 1		0	0
18	18	213/2	1.5	9/8	9/8	12/8	4	1	V(64)	c	i		V(64)		V			64				M	1	1	1, 0, -3		1	1
19	19	108	1.5	0	0	12/8	4	1	V43	c	i		V43		V		43					Mm7	1	1	2, -1, 1, 5		1	2
19	19	219/2	1.5	3/8	3/8	12/8	4	1	V7	c	i		V7		V		7					Mm7	1	1	1, 5, 2, -1		1	1
19	19	111	1.5	3/4	3/4	12/8	4	1	i6	c	i		i6		i		6					m	1	1	-3, 1, 0		0	-3
19	19	225/2	1.0	9/8	9/8	12/8	4	1	V43	c	i		V43		V		43					Mm7	1	1	2, -1, 1, 5		1	2
19	19	227/2	0.5	11/8	11/8	12/8	4	1	i	c	i		i		i							m	1	1	0, -3, 1		0	0
20	20	114	2.5	0	0	12/8	4	1	III.ii65(2)	c	III		ii65(2)		ii		65	2				mm7	1	0	-1, 3, 0, 4		2	-1
20	20	233/2	0.5	5/8	5/8	12/8	4	1	ii65	c	III		ii65		ii		65					mm7	1	0	-1, 3, 0, 2		2	-1
20	20	117	1.0	3/4	3/4	12/8	4	1	V2(11)	c	III		V2(11)		V		2	11				Mm7	1	0	-1, 1, 5, 2	0	1	-1
20	20	118	2.0	1	1	12/8	4	1	V2	c	III		V2		V		2					Mm7	1	0	-1, 1, 5, 2		1	-1
21	21	120	1.0	0	0	12/8	4	1	I6(9)	c	III		I6(9)		I		6	9				M	1	0	4, 1, 0	2	0	4
21	21	121	0.5	1/4	1/4	12/8	4	1	I6	c	III		I6		I		6					M	1	0	4, 1, 0		0	4
21	21	243/2	1.0	3/8	3/8	12/8	4	1	I	c	III		I		I							M	1	0	0, 4, 1		0	0
21	21	245/2	0.5	5/8	5/8	12/8	4	1	vi65	c	III		vi65		vi		65					mm7	1	0	0, 4, 1, 3		3	0
21	21	123	1.5	3/4	3/4	12/8	4	1	V65	c	III		V65		V		65					Mm7	1	0	5, 2, -1, 1		1	5
21	21	249/2	1.5	9/8	9/8	12/8	4	1	V7	c	III		V7		V		7					Mm7	1	0	1, 5, 2, -1		1	1
22	22	126	1.5	0	0	12/8	4	1	I	c	III		I		I							M	1	0	0, 4, 1		0	0
22	22	255/2	1.0	3/8	3/8	12/8	4	1	I6(11)	c	III		I6(11)		I		6	11				M	1	0	4, 1, 0	-1	0	4
22	22	257/2	0.5	5/8	5/8	12/8	4	1	I6	c	III		I6		I		6					M	1	0	4, 1, 0		0	4
22	22	129	1.0	3/4	3/4	12/8	4	1	V2(13)	c	III		V2(13)		V		2	13				Mm7	1	0	-1, 1, 5, 2	4	1	-1
22	22	130	0.5	1	1	12/8	4	1	V2	c	III		V2		V		2					Mm7	1	0	-1, 1, 5, 2		1	-1
22	22	261/2	1.0	9/8	9/8	12/8	4	1	V2(11)	c	III		V2(11)		V		2	11				Mm7	1	0	-1, 1, 5, 2	0	1	-1
22	22	263/2	0.5	11/8	11/8	12/8	4	1	V2	c	III		V2		V		2					Mm7	1	0	-1, 1, 5, 2		1	-1
23	23	132	1.0	0	0	12/8	4	1	I6(9)	c	III		I6(9)		I		6	9				M	1	0	4, 1, 0	2	0	4
23	23	133	0.5	1/4	1/4	12/8	4	1	I6	c	III		I6		I		6					M	1	0	4, 1, 0		0	4
23	23	267/2	1.0	3/8	3/8	12/8	4	1	I	c	III		I		I							M	1	0	0, 4, 1		0	0
23	23	269/2	0.5	5/8	5/8	12/8	4	1	vi65	c	III		vi65		vi		65					mm7	1	0	0, 4, 1, 3		3	0
23	23	135	1.5	3/4	3/4	12/8	4	1	V65	c	III		V65		V		65					Mm7	1	0	5, 2, -1, 1		1	5
23	23	273/2	1.5	9/8	9/8	12/8	4	1	V7	c	III		V7		V		7					Mm7	1	0	1, 5, 2, -1		1	1
24	24	138	1.5	0	0	12/8	4	1	I\\	c	III		I		I						\\	M	1	0	0, 4, 1		0	0
24	24	279/2	1.5	3/8	3/8	12/8	4	1	I6	c	III		I6		I		6					M	1	0	4, 1, 0		0	4
24	24	141	1.5	3/4	3/4	12/8	4	1	I	c	III		I		I							M	1	0	0, 4, 1		0	0
24	24	285/2	1.5	9/8	9/8	12/8	4	1	I6	c	III		I6		I		6					M	1	0	4, 1, 0		0	4
25	25	144	1.5	0	0	12/8	4	1	IV(94)	c	III		IV(94)		IV			94				M	1	0	-1, 5, 0	1	-1	-1
25	25	291/2	1.0	3/8	3/8	12/8	4	1	IV	c	III		IV		IV							M	1	0	-1, 3, 0		-1	-1
25	25	293/2	0.5	5/8	5/8	12/8	4	1	ii65	c	III		ii65		ii		65					mm7	1	0	-1, 3, 0, 2		2	-1
25	25	147	1.5	3/4	3/4	12/8	4	1	ii	c	III		ii		ii							m	1	0	2, -1, 3		2	2
25	25	297/2	1.5	9/8	9/8	12/8	4	1	ii6	c	III		ii6		ii		6					m	1	0	-1, 3, 2		2	-1
26	26	150	1.5	0	0	12/8	4	1	vi(64)	c	III		vi(64)		vi			64				m	1	0	3, 2, -1		3	3
26	26	303/2	1.5	3/8	3/8	12/8	4	1	vi	c	III		vi		vi							m	1	0	3, 0, 4		3	3
26	26	153	1.5	3/4	3/4	12/8	4	1	IV	c	III		IV		IV							M	1	0	-1, 3, 0		-1	-1
26	26	309/2	1.5	9/8	9/8	12/8	4	1	IV6	c	III		IV6		IV		6					M	1	0	3, 0, -1		-1	3
27	27	156	1.5	0	0	12/8	4	1	I(64)	c	III		I(64)		I			64				M	1	0	0, -1, 3		0	0
27	27	315/2	1.5	3/8	3/8	12/8	4	1	I	c	III		I		I							M	1	0	0, 4, 1		0	0
27	27	159	1.5	3/4	3/4	12/8	4	1	iv	c	III		iv		iv							m	1	0	-1, -4, 0		-1	-1
27	27	321/2	1.5	9/8	9/8	12/8	4	1	iv6	c	III		iv6		iv		6					m	1	0	-4, 0, -1		-1	-4
28	28	162	1.5	0	0	12/8	4	1	I(b64)	c	III		I(b64)		I			b64				M	1	0	0, -1, -4		0	0
28	28	327/2	1.5	3/8	3/8	12/8	4	1	I	c	III		I		I							M	1	0	0, 4, 1		0	0
28	28	165	1.5	3/4	3/4	12/8	4	1	#viio43/iii	c	III		#viio43/iii		#vii	o	43		iii			o7	1	0	3, 0, 9, 6		9	3
28	28	333/2	1.5	9/8	9/8	12/8	4	1	#viio65/iii	c	III		#viio65/iii		#vii	o	65		iii			o7	1	0	6, 3, 0, 9		9	6
29	29	168	1.5	0	0	12/8	4	1	I64	c	III		I64		I		64					M	1	0	1, 0, 4		0	1
29	29	339/2	1.5	3/8	3/8	12/8	4	1	#viio65/iii	c	III		#viio65/iii		#vii	o	65		iii			o7	1	0	6, 3, 0, 9		9	6
29	29	171	1.5	3/4	3/4	12/8	4	1	V2	c	III		V2		V		2					Mm7	1	0	-1, 1, 5, 2		1	-1
29	29	345/2	1.5	9/8	9/8	12/8	4	1	I6	c	III		I6		I		6					M	1	0	4, 1, 0		0	4
30	30	174	1.5	0	0	12/8	4	1	i.#viio43/iv	c	i		#viio43/iv		#vii	o	43		iv			o7	1	1	-2, -5, 4, 1		4	-2
30	30	351/2	1.5	3/8	3/8	12/8	4	1	iv6	c	i		iv6		iv		6					m	1	1	-4, 0, -1		-1	-4
30	30	177	1.5	3/4	3/4	12/8	4	1	V64/iv	c	i		V64/iv		V		64		iv			M	1	1	1, 0, 4		0	1
30	30	357/2	1.5	9/8	9/8	12/8	4	1	iv	c	i		iv		iv							m	1	1	-1, -4, 0		-1	-1
31	31	180	1.5	0	0	12/8	4	1	#viio43	c	i		#viio43		#vii	o	43					o7	1	1	-1, -4, 5, 2		5	-1
31	31	363/2	1.5	3/8	3/8	12/8	4	1	i6	c	i		i6		i		6					m	1	1	-3, 1, 0		0	-3
31	31	183	1.5	3/4	3/4	12/8	4	1	V43	c	i		V43		V		43					Mm7	1	1	2, -1, 1, 5		1	2
31	31	369/2	1.5	9/8	9/8	12/8	4	1	i	c	i		i		i							m	1	1	0, -3, 1		0	0
32	32	186	7.5	0	0	12/8	4	1	#viio65/iv	c	i		#viio65/iv		#vii	o	65		iv			o7	1	1	1, -2, -5, 4		4	1
33	33	387/2	1.5	3/8	3/8	12/8	4	1	IV6	c	i		IV6		IV		6					M	1	1	3, 0, -1		-1	3
33	33	195	3.0	3/4	3/4	12/8	4	1	Ger6	c	i		Ger6	Ger	vii	o	65	b3	V			Ger	1	1	-4, 0, -3, 6		6	-4
34	34	198	4.5	0	0	12/8	4	1	V(64)	c	i		V(64)		V			64				M	1	1	1, 0, -3		1	1
34	34	405/2	1.5	9/8	9/8	12/8	4	1	V7	c	i		V7		V		7					Mm7	1	1	1, 5, 2, -1		1	1
35	35	204	3.0	0	0	12/8	4	1	i\\	c	i		i		i						\\	m	1	1	0, -3, 1		0	0
35	35	207	1.5	3/4	3/4	12/8	4	1	V	c	i		V		V							M	1	1	1, 5, 2		1	1
35	35	417/2	1.5	9/8	9/8	12/8	4	1	V43	c	i		V43		V		43					Mm7	1	1	2, -1, 1, 5		1	2
36	36	210	3.0	0	0	12/8	4	1	i	c	i		i		i							m	1	1	0, -3, 1		0	0
36	36	213	1.5	3/4	3/4	12/8	4	1	V	c	i		V		V							M	1	1	1, 5, 2		1	1
36	36	429/2	1.5	9/8	9/8	12/8	4	1	V43	c	i		V43		V		43					Mm7	1	1	2, -1, 1, 5		1	2
37	37	216	3.0	0	0	12/8	4	1	i6	c	i		i6		i		6					m	1	1	-3, 1, 0		0	-3
37	37	219	1.5	3/4	3/4	12/8	4	1	#viio	c	i		#viio		#vii	o						o	1	1	5, 2, -1		5	5
37	37	441/2	1.5	9/8	9/8	12/8	4	1	#viio43	c	i		#viio43		#vii	o	43					o7	1	1	-1, -4, 5, 2		5	-1
38	38	222	1.5	0	0	12/8	4	1	i6	c	i		i6		i		6					m	1	1	-3, 1, 0		0	-3
38	38	447/2	4.5	3/8	3/8	12/8	4	1	iv.V65	c	iv		V65		V		65					Mm7	1	1	5, 2, -1, 1		1	5
39	39	228	3.0	0	0	12/8	4	1	i\\	c	iv		i		i						\\	m	1	1	0, -3, 1		0	0
39	39	231	1.5	3/4	3/4	12/8	4	1	V	c	iv		V		V							M	1	1	1, 5, 2		1	1
39	39	465/2	1.5	9/8	9/8	12/8	4	1	V43	c	iv		V43		V		43					Mm7	1	1	2, -1, 1, 5		1	2
40	40	234	3.0	0	0	12/8	4	1	i	c	iv		i		i							m	1	1	0, -3, 1		0	0
40	40	237	1.5	3/4	3/4	12/8	4	1	V	c	iv		V		V							M	1	1	1, 5, 2		1	1
40	40	477/2	1.5	9/8	9/8	12/8	4	1	V43	c	iv		V43		V		43					Mm7	1	1	2, -1, 1, 5		1	2
41	41	240	3.0	0	0	12/8	4	1	i	c	iv		i		i							m	1	1	0, -3, 1		0	0
41	41	243	1.5	3/4	3/4	12/8	4	1	#vii%7	c	iv		#vii%7		#vii	%	7					%7	1	1	5, 2, -1, 3		5	5
41	41	489/2	1.5	9/8	9/8	12/8	4	1	#viio43	c	iv		#viio43		#vii	o	43					o7	1	1	-1, -4, 5, 2		5	-1
42	42	246	1.5	0	0	12/8	4	1	i6	c	iv		i6		i		6					m	1	1	-3, 1, 0		0	-3
42	42	495/2	1.5	3/8	3/8	12/8	4	1	V43	c	iv		V43		V		43					Mm7	1	1	2, -1, 1, 5		1	2
42	42	249	1.5	3/4	3/4	12/8	4	1	i	c	iv		i		i							m	1	1	0, -3, 1		0	0
42	42	501/2	1.5	9/8	9/8	12/8	4	1	v.iv6	c	v		iv6		iv		6					m	1	1	-4, 0, -1		-1	-4
43	43	252	6.0	0	0	12/8	4	1	V7	c	v		V7		V		7					Mm7	1	1	1, 5, 2, -1		1	1
44	44	258	3.0	0	0	12/8	4	1	i	c	v		i		i							m	1	1	0, -3, 1		0	0
44	44	261	3.0	3/4	3/4	12/8	4	1	i6	c	v		i6		i		6					m	1	1	-3, 1, 0		0	-3
45	45	264	3.0	0	0	12/8	4	1	#viio65	c	v		#viio65		#vii	o	65					o7	1	1	2, -1, -4, 5		5	2
45	45	267	2.5	3/4	3/4	12/8	4	1	V7(9)	c	v		V7(9)		V		7	9				Mm7	1	1	1, 5, 2, -1	-4	1	1
45	45	539/2	0.5	11/8	11/8	12/8	4	1	V7	c	v		V7		V		7					Mm7	1	1	1, 5, 2, -1		1	1
46	46	270	3.0	0	0	12/8	4	1	i	c	v		i		i							m	1	1	0, -3, 1		0	0
46	46	273	3.0	3/4	3/4	12/8	4	1	i6	c	v		i6		i		6					m	1	1	-3, 1, 0		0	-3
47	47	276	3.0	0	0	12/8	4	1	#viio65	c	v		#viio65		#vii	o	65					o7	1	1	2, -1, -4, 5		5	2
47	47	279	2.5	3/4	3/4	12/8	4	1	V7(9)	c	v		V7(9)		V		7	9				Mm7	1	1	1, 5, 2, -1	-4	1	1
47	47	563/2	0.5	11/8	11/8	12/8	4	1	V7	c	v		V7		V		7					Mm7	1	1	1, 5, 2, -1		1	1
48	48	282	3.0	0	0	12/8	4	1	V2/iv	c	v		V2/iv		V		2		iv			Mm7	1	1	-2, 0, 4, 1		0	-2
48	48	285	3.0	3/4	3/4	12/8	4	1	iv6	c	v		iv6		iv		6					m	1	1	-4, 0, -1		-1	-4
49	49	288	3.0	0	0	12/8	4	1	V65/iv	c	v		V65/iv		V		65		iv			Mm7	1	1	4, 1, -2, 0		0	4
49	49	291	3.0	3/4	3/4	12/8	4	1	iv	c	v		iv		iv							m	1	1	-1, -4, 0		-1	-1
50	50	294	1.5	0	0	12/8	4	1	#viio65	c	v		#viio65		#vii	o	65					o7	1	1	2, -1, -4, 5		5	2
50	50	591/2	1.5	3/8	3/8	12/8	4	1	iv64	c	v		iv64		iv		64					m	1	1	0, -1, -4		-1	0
50	50	297	3.0	3/4	3/4	12/8	4	1	#viio7	c	v		#viio7		#vii	o	7					o7	1	1	5, 2, -1, -4		5	5
51	51	300	1.5	0	0	12/8	4	1	#viio65	c	v		#viio65		#vii	o	65					o7	1	1	2, -1, -4, 5		5	2
51	51	603/2	1.5	3/8	3/8	12/8	4	1	iv64	c	v		iv64		iv		64					m	1	1	0, -1, -4		-1	0
51	51	303	3.0	3/4	3/4	12/8	4	1	#viio7	c	v		#viio7		#vii	o	7					o7	1	1	5, 2, -1, -4		5	5
52	52	306	1.5	0	0	12/8	4	1	#viio65	c	v		#viio65		#vii	o	65					o7	1	1	2, -1, -4, 5		5	2
52	52	615/2	1.5	3/8	3/8	12/8	4	1	iv43	c	v		iv43		iv		43					mm7	1	1	0, -3, -1, -4		-1	0
52	52	309	9.0	3/4	3/4	12/8	4	1	#viio7	c	v		#viio7		#vii	o	7					o7	1	1	5, 2, -1, -4		5	5
54	54	318	6.0	0	0	12/8	4	1	V7	c	v		V7		V		7					Mm7	1	1	1, 5, 2, -1		1	1
55	55	324	1.5	0	0	12/8	4	1	i6	c	v		i6		i		6					m	1	1	-3, 1, 0		0	-3
55	55	651/2	1.5	3/8	3/8	12/8	4	1	i	c	v		i		i							m	1	1	0, -3, 1		0	0
55	55	327	1.5	3/4	3/4	12/8	4	1	i6	c	v		i6		i		6					m	1	1	-3, 1, 0		0	-3
55	55	657/2	1.5	9/8	9/8	12/8	4	1	i	c	v		i		i							m	1	1	0, -3, 1		0	0
56	56	330	1.5	0	0	12/8	4	1	iv7	c	v		iv7		iv		7					mm7	1	1	-1, -4, 0, -3		-1	-1
56	56	663/2	1.5	3/8	3/8	12/8	4	1	iv43	c	v		iv43		iv		43					mm7	1	1	0, -3, -1, -4		-1	0
56	56	333	1.5	3/4	3/4	12/8	4	1	i64	c	v		i64		i		64					m	1	1	1, 0, -3		0	1
56	56	669/2	1.5	9/8	9/8	12/8	4	1	i	c	v		i		i							m	1	1	0, -3, 1		0	0
57	57	336	1.5	0	0	12/8	4	1	Ger6	c	v		Ger6	Ger	vii	o	65	b3	V			Ger	1	1	-4, 0, -3, 6		6	-4
57	57	675/2	1.5	3/8	3/8	12/8	4	1	i	c	v		i		i							m	1	1	0, -3, 1		0	0
57	57	339	4.5	3/4	3/4	12/8	4	1	V65	c	v		V65		V		65					Mm7	1	1	5, 2, -1, 1		1	5
58	58	687/2	1.5	3/8	3/8	12/8	4	1	i	c	v		i		i							m	1	1	0, -3, 1		0	0
58	58	345	1.5	3/4	3/4	12/8	4	1	V(64)	c	v		V(64)		V			64				M	1	1	1, 0, -3		1	1
58	58	693/2	1.5	9/8	9/8	12/8	4	1	V7	c	v		V7		V		7					Mm7	1	1	1, 5, 2, -1		1	1
59	59	348	1.5	0	0	12/8	4	1	i\\	c	v		i		i						\\	m	1	1	0, -3, 1		0	0
59	59	699/2	1.5	3/8	3/8	12/8	4	1	i64	c	v		i64		i		64					m	1	1	1, 0, -3		0	1
59	59	351	1.5	3/4	3/4	12/8	4	1	i6	c	v		i6		i		6					m	1	1	-3, 1, 0		0	-3
59	59	705/2	1.5	9/8	9/8	12/8	4	1	i	c	v		i		i							m	1	1	0, -3, 1		0	0
60	60	354	1.5	0	0	12/8	4	1	iv7	c	v		iv7		iv		7					mm7	1	1	-1, -4, 0, -3		-1	-1
60	60	711/2	1.5	3/8	3/8	12/8	4	1	iv43	c	v		iv43		iv		43					mm7	1	1	0, -3, -1, -4		-1	0
60	60	357	1.5	3/4	3/4	12/8	4	1	i64	c	v		i64		i		64					m	1	1	1, 0, -3		0	1
60	60	717/2	1.5	9/8	9/8	12/8	4	1	i	c	v		i		i							m	1	1	0, -3, 1		0	0
61	61	360	1.5	0	0	12/8	4	1	Ger6	c	v		Ger6	Ger	vii	o	65	b3	V			Ger	1	1	-4, 0, -3, 6		6	-4
61	61	723/2	1.5	3/8	3/8	12/8	4	1	i	c	v		i		i							m	1	1	0, -3, 1		0	0
61	61	363	3.0	3/4	3/4	12/8	4	1	V65	c	v		V65		V		65					Mm7	1	1	5, 2, -1, 1		1	5
62	62	366	1.5	0	0	12/8	4	1	i	c	v		i		i							m	1	1	0, -3, 1		0	0
62	62	735/2	3.0	3/8	3/8	12/8	4	1	V	c	v		V		V							M	1	1	1, 5, 2		1	1
62	62	741/2	1.5	9/8	9/8	12/8	4	1	V65	c	v		V65		V		65					Mm7	1	1	5, 2, -1, 1		1	5
63	63	372	1.5	0	0	12/8	4	1	i	c	v		i		i							m	1	1	0, -3, 1		0	0
63	63	747/2	3.0	3/8	3/8	12/8	4	1	V	c	v		V		V							M	1	1	1, 5, 2		1	1
63	63	753/2	1.5	9/8	9/8	12/8	4	1	V65	c	v		V65		V		65					Mm7	1	1	5, 2, -1, 1		1	5
64	64	378	1.5	0	0	12/8	4	1	i\\	c	v		i		i						\\	m	1	1	0, -3, 1		0	0
64	64	759/2	4.5	3/8	3/8	12/8	4	1	V	c	v		V		V							M	1	1	1, 5, 2		1	1
65	65	384	4.5	0	0	12/8	4	1	III	c	v		III		III							M	1	1	-3, 1, -2		-3	-3
65	65	777/2	1.5	9/8	9/8	12/8	4	1	III6	c	v		III6		III		6					M	1	1	1, -2, -3		-3	1
66	66	390	1.5	0	0	12/8	4	1	V7/III	c	v		V7/III		V		7		III			Mm7	1	1	-2, 2, -1, -4		-2	-2
66	66	783/2	1.5	3/8	3/8	12/8	4	1	IV6/III	c	v		IV6/III		IV		6		III			M	1	1	0, -3, -4		-4	0
66	66	393	1.5	3/4	3/4	12/8	4	1	V65/III	c	v		V65/III		V		65		III			Mm7	1	1	2, -1, -4, -2		-2	2
66	66	789/2	1.5	9/8	9/8	12/8	4	1	V43/III	c	v		V43/III		V		43		III			Mm7	1	1	-1, -4, -2, 2		-2	-1
67	67	396	3.0	0	0	12/8	4	1	III	c	v		III		III							M	1	1	-3, 1, -2		-3	-3
67	67	399	1.5	3/4	3/4	12/8	4	1	IV/III	c	v		IV/III		IV				III			M	1	1	-4, 0, -3		-4	-4
67	67	801/2	1.0	9/8	9/8	12/8	4	1	ii6(112)/III	c	v		ii6(112)/III		ii		6	112	III			m	1	1	-4, 0, 1	-2	-1	-4
67	67	803/2	0.5	11/8	11/8	12/8	4	1	ii6/III	c	v		ii6/III		ii		6		III			m	1	1	-4, 0, -1		-1	-4
68	68	402	3.0	0	0	12/8	4	1	V(64)/III	c	v		V(64)/III		V			64	III			M	1	1	-2, -3, 1		-2	-2
68	68	405	3.0	3/4	3/4	12/8	4	1	V/III	c	v		V/III		V				III			M	1	1	-2, 2, -1		-2	-2
69	69	408	6.0	0	0	12/8	4	1	iv	c	v		iv		iv							m	1	1	-1, -4, 0		-1	-1
70	70	414	1.5	0	0	12/8	4	1	i	c	v		i		i							m	1	1	0, -3, 1		0	0
70	70	831/2	1.5	3/8	3/8	12/8	4	1	#viio64(+2)	c	v		#viio64(+2)		#vii	o	64	+2				o	1	1	-1, 5, 2	0	5	-1
70	70	417	1.5	3/4	3/4	12/8	4	1	i	c	v		i		i							m	1	1	0, -3, 1		0	0
70	70	837/2	1.5	9/8	9/8	12/8	4	1	i2	c	v		i2		i		2					mm7	1	1	-2, 0, -3, 1		0	-2
71	71	420	4.5	0	0	12/8	4	1	IV/III	c	v		IV/III		IV				III			M	1	1	-4, 0, -3		-4	-4
71	71	849/2	1.5	9/8	9/8	12/8	4	1	viio43/III	c	v		viio43/III		vii	o	43		III			o7	1	1	-4, -7, 2, -1		2	-4
72	72	426	4.5	0	0	12/8	4	1	III	c	v		III		III							M	1	1	-3, 1, -2		-3	-3
72	72	861/2	1.5	9/8	9/8	12/8	4	1	viio43/III	c	v		viio43/III		vii	o	43		III			o7	1	1	-4, -7, 2, -1		2	-4
73	73	432	4.5	0	0	12/8	4	1	III	c	v		III		III							M	1	1	-3, 1, -2		-3	-3
73	73	873/2	1.5	9/8	9/8	12/8	4	1	#viio43	c	v		#viio43		#vii	o	43					o7	1	1	-1, -4, 5, 2		5	-1
74	74	438	4.5	0	0	12/8	4	1	V7	c	v		V7		V		7					Mm7	1	1	1, 5, 2, -1		1	1
74	74	885/2	1.5	9/8	9/8	12/8	4	1	#viio43	c	v		#viio43		#vii	o	43					o7	1	1	-1, -4, 5, 2		5	-1
75	75	444	4.5	0	0	12/8	4	1	V7	c	v		V7		V		7					Mm7	1	1	1, 5, 2, -1		1	1
75	75	897/2	1.5	9/8	9/8	12/8	4	1	#viio43	c	v		#viio43		#vii	o	43					o7	1	1	-1, -4, 5, 2		5	-1
76	76	450	4.5	0	0	12/8	4	1	V7	c	v		V7		V		7					Mm7	1	1	1, 5, 2, -1		1	1
76	76	909/2	1.5	9/8	9/8	12/8	4	1	V2	c	v		V2		V		2					Mm7	1	1	-1, 1, 5, 2		1	-1
77	77	456	1.5	0	0	12/8	4	1	V(64)	c	v		V(64)		V			64				M	1	1	1, 0, -3		1	1
77	77	915/2	1.5	3/8	3/8	12/8	4	1	i	c	v		i		i							m	1	1	0, -3, 1		0	0
77	77	459	1.5	3/4	3/4	12/8	4	1	V7	c	v		V7		V		7					Mm7	1	1	1, 5, 2, -1		1	1
77	77	921/2	1.5	9/8	9/8	12/8	4	1	V43	c	v		V43		V		43					Mm7	1	1	2, -1, 1, 5		1	2
78	78	462	1.5	0	0	12/8	4	1	V(64)	c	v		V(64)		V			64				M	1	1	1, 0, -3		1	1
78	78	927/2	1.5	3/8	3/8	12/8	4	1	i6	c	v		i6		i		6					m	1	1	-3, 1, 0		0	-3
78	78	465	3.0	3/4	3/4	12/8	4	1	V2/iv	c	v		V2/iv		V		2		iv			Mm7	1	1	-2, 0, 4, 1		0	-2
79	79	468	6.0	0	0	12/8	4	1	iv6	c	v		iv6		iv		6					m	1	1	-4, 0, -1		-1	-4
80	80	474	6.0	0	0	12/8	4	1	V(64)	c	v		V(64)		V			64				M	1	1	1, 0, -3		1	1
81	81	480	1.5	0	0	12/8	4	1	iv7	c	v		iv7		iv		7					mm7	1	1	-1, -4, 0, -3		-1	-1
81	81	963/2	4.5	3/8	3/8	12/8	4	1	#viio43	c	v		#viio43		#vii	o	43					o7	1	1	-1, -4, 5, 2		5	-1
82	82	486	1.5	0	0	12/8	4	1	#viio64	c	v		#viio64		#vii	o	64					o	1	1	-1, 5, 2		5	-1
82	82	975/2	4.5	3/8	3/8	12/8	4	1	#viio43	c	v		#viio43		#vii	o	43					o7	1	1	-1, -4, 5, 2		5	-1
83	83	492	4.5	0	0	12/8	4	1	#viio7	c	v		#viio7		#vii	o	7					o7	1	1	5, 2, -1, -4		5	5
83	83	993/2	12.0	9/8	9/8	12/8	4	1	iio	c	v		iio		ii	o						o	1	1	2, -1, -4		2	2
85	85	1017/2	1.5	9/8	9/8	12/8	4	1	V	c	v		V		V							M	1	1	1, 5, 2		1	1
86	86	510	3.0	0	0	12/8	4	1	i	c	v		i		i							m	1	1	0, -3, 1		0	0
86	86	513	3.0	3/4	3/4	12/8	4	1	i64	c	v		i64		i		64					m	1	1	1, 0, -3		0	1
87	87	516	3.0	0	0	12/8	4	1	i6	c	v		i6		i		6					m	1	1	-3, 1, 0		0	-3
87	87	519	3.0	3/4	3/4	12/8	4	1	i	c	v		i		i							m	1	1	0, -3, 1		0	0
88	88	522	3.0	0	0	12/8	4	1	i64	c	v		i64		i		64					m	1	1	1, 0, -3		0	1
88	88	525	3.0	3/4	3/4	12/8	4	1	i6	c	v		i6		i		6					m	1	1	-3, 1, 0		0	-3
89	89	528	1.5	0	0	12/8	4	1	i	c	v		i		i							m	1	1	0, -3, 1		0	0
89	89	1059/2	1.5	3/8	3/8	12/8	4	1	VI	c	v		VI		VI							M	1	1	-4, 0, -3		-4	-4
89	89	531	1.5	3/4	3/4	12/8	4	1	iio6	c	v		iio6		ii	o	6					o	1	1	-1, -4, 2		2	-1
89	89	1065/2	1.5	9/8	9/8	12/8	4	1	V7	c	v		V7		V		7					Mm7	1	1	1, 5, 2, -1		1	1
90	90	534	3.0	0	0	12/8	4	1	i	c	v		i		i							m	1	1	0, -3, 1		0	0
90	90	537	3.0	3/4	3/4	12/8	4	1	i6	c	v		i6		i		6					m	1	1	-3, 1, 0		0	-3
91	91	540	3.0	0	0	12/8	4	1	i64	c	v		i64		i		64					m	1	1	1, 0, -3		0	1
91	91	543	3.0	3/4	3/4	12/8	4	1	i	c	v		i		i							m	1	1	0, -3, 1		0	0
92	92	546	4.5	0	0	12/8	4	1	i6	c	v		i6		i		6					m	1	1	-3, 1, 0		0	-3
92	92	1101/2	1.5	9/8	9/8	12/8	4	1	iio	c	v		iio		ii	o						o	1	1	2, -1, -4		2	2
93	93	552	1.5	0	0	12/8	4	1	i	c	v		i		i							m	1	1	0, -3, 1		0	0
93	93	1107/2	1.5	3/8	3/8	12/8	4	1	#viio	c	v		#viio		#vii	o						o	1	1	5, 2, -1		5	5
93	93	555	1.5	3/4	3/4	12/8	4	1	i	c	v		i		i							m	1	1	0, -3, 1		0	0
93	93	1113/2	1.5	9/8	9/8	12/8	4	1	III6	c	v		III6		III		6					M	1	1	1, -2, -3		-3	1
94	94	558	1.5	0	0	12/8	4	1	iv6	c	v		iv6		iv		6					m	1	1	-4, 0, -1		-1	-4
94	94	1119/2	1.5	3/8	3/8	12/8	4	1	iio6	c	v		iio6		ii	o	6					o	1	1	-1, -4, 2		2	-1
94	94	561	1.5	3/4	3/4	12/8	4	1	III6	c	v		III6		III		6					M	1	1	1, -2, -3		-3	1
94	94	1125/2	1.5	9/8	9/8	12/8	4	1	iv6	c	v		iv6		iv		6					m	1	1	-4, 0, -1		-1	-4
95	95	564	1.5	0	0	12/8	4	1	#viio	c	v		#viio		#vii	o						o	1	1	5, 2, -1		5	5
95	95	1131/2	1.5	3/8	3/8	12/8	4	1	i	c	v		i		i							m	1	1	0, -3, 1		0	0
95	95	567	1.5	3/4	3/4	12/8	4	1	iio	c	v		iio		ii	o						o	1	1	2, -1, -4		2	2
95	95	1137/2	1.5	9/8	9/8	12/8	4	1	i6	c	v		i6		i		6					m	1	1	-3, 1, 0		0	-3
96	96	570	3.0	0	0	12/8	4	1	iv	c	v		iv		iv							m	1	1	-1, -4, 0		-1	-1
96	96	573	3.0	3/4	3/4	12/8	4	1	iio	c	v		iio		ii	o						o	1	1	2, -1, -4		2	2
97	97	576	4.5	0	0	12/8	4	1	#viio65	c	v		#viio65		#vii	o	65					o7	1	1	2, -1, -4, 5		5	2
97	97	1161/2	4.5	9/8	9/8	12/8	4	1	V	c	v		V		V							M	1	1	1, 5, 2		1	1
98	98	585	3.0	3/4	3/4	12/8	4	1	i	c	v		i		i							m	1	1	0, -3, 1		0	0
99	99	588	3.0	0	0	12/8	4	1	iv	c	v		iv		iv							m	1	1	-1, -4, 0		-1	-1
99	99	591	3.0	3/4	3/4	12/8	4	1	V7	c	v		V7		V		7					Mm7	1	1	1, 5, 2, -1		1	1
100	100	594	36.0	0	0	12/8	4	1	i\\	c	v		i		i						\\	m	1	1	0, -3, 1		0	0
106	106	630	8.0	0	0	4/4	4	1	iv.V	c	iv		V		V							M	1	1	1, 5, 2		1	1
108	108	638	4.0	0	0	4/4	4	1	V(64)	c	iv		V(64)		V			64				M	1	1	1, 0, -3		1	1
109	109	642	4.0	0	0	4/4	4	1	V7	c	iv		V7		V		7					Mm7	1	1	1, 5, 2, -1		1	1
110	110	646	4.0	0	0	4/4	4	1	V(64)	c	iv		V(64)		V			64				M	1	1	1, 0, -3		1	1
111	111	650	1.0	0	0	4/4	4	1	V7	c	iv		V7		V		7					Mm7	1	1	1, 5, 2, -1		1	1
111	111	651	1.0	1/4	1/4	4/4	4	1	V43	c	iv		V43		V		43					Mm7	1	1	2, -1, 1, 5		1	2
111	111	652	1.0	1/2	1/2	4/4	4	1	V65	c	iv		V65		V		65					Mm7	1	1	5, 2, -1, 1		1	5
111	111	653	1.0	3/4	3/4	4/4	4	1	V43	c	iv		V43		V		43					Mm7	1	1	2, -1, 1, 5		1	2
112	112	654	2.0	0	0	4/4	4	1	i	c	iv		i		i							m	1	1	0, -3, 1		0	0
112	112	656	2.0	1/2	1/2	4/4	4	1	i6	c	iv		i6		i		6					m	1	1	-3, 1, 0		0	-3
113	113	658	2.0	0	0	4/4	4	1	V43	c	iv		V43		V		43					Mm7	1	1	2, -1, 1, 5		1	2
113	113	660	2.0	1/2	1/2	4/4	4	1	i	c	iv		i		i							m	1	1	0, -3, 1		0	0
114	114	662	2.0	0	0	4/4	4	1	V6	c	iv		V6		V		6					M	1	1	5, 2, 1		1	5
114	114	664	1.0	1/2	1/2	4/4	4	1	i(4)	c	iv		i(4)		i			4				m	1	1	0, -1, 1		0	0
114	114	665	1.0	3/4	3/4	4/4	4	1	i	c	iv		i		i							m	1	1	0, -3, 1		0	0
115	115	666	2.0	0	0	4/4	4	1	V(64)	c	iv		V(64)		V			64				M	1	1	1, 0, -3		1	1
115	115	668	2.0	1/2	1/2	4/4	4	1	V	c	iv		V		V							M	1	1	1, 5, 2		1	1
116	116	670	4.0	0	0	4/4	4	1	V(64)	c	iv		V(64)		V			64				M	1	1	1, 0, -3		1	1
117	117	674	1.0	0	0	4/4	4	1	V7	c	iv		V7		V		7					Mm7	1	1	1, 5, 2, -1		1	1
117	117	675	1.0	1/4	1/4	4/4	4	1	V43	c	iv		V43		V		43					Mm7	1	1	2, -1, 1, 5		1	2
117	117	676	1.0	1/2	1/2	4/4	4	1	V65	c	iv		V65		V		65					Mm7	1	1	5, 2, -1, 1		1	5
117	117	677	1.0	3/4	3/4	4/4	4	1	V43	c	iv		V43		V		43					Mm7	1	1	2, -1, 1, 5		1	2
118	118	678	4.0	0	0	4/4	4	1	V(64)	c	iv		V(64)		V			64				M	1	1	1, 0, -3		1	1
119	119	682	1.0	0	0	4/4	4	1	V7	c	iv		V7		V		7					Mm7	1	1	1, 5, 2, -1		1	1
119	119	683	1.0	1/4	1/4	4/4	4	1	V43	c	iv		V43		V		43					Mm7	1	1	2, -1, 1, 5		1	2
119	119	684	1.0	1/2	1/2	4/4	4	1	V65	c	iv		V65		V		65					Mm7	1	1	5, 2, -1, 1		1	5
119	119	685	1.0	3/4	3/4	4/4	4	1	V7	c	iv		V7		V		7					Mm7	1	1	1, 5, 2, -1		1	1
120	120	686	6.0	0	0	12/8	4	1	i	c	iv		i		i							m	1	1	0, -3, 1		0	0
121	121	692	1.5	0	0	12/8	4	1	vii%43(9)/VII	c	iv		vii%43(9)/VII		vii	%	43	9	VII			%7	1	1	-3, 1, 3, 0	-2	3	-3
121	121	1387/2	4.5	3/8	3/8	12/8	4	1	vii%43/VII	c	iv		vii%43/VII		vii	%	43		VII			%7	1	1	-3, 1, 3, 0		3	-3
122	122	698	6.0	0	0	12/8	4	1	vii%65/VII	c	iv		vii%65/VII		vii	%	65		VII			%7	1	1	0, -3, 1, 3		3	0
123	123	704	1.5	0	0	12/8	4	1	vii%43(9)/VII	c	iv		vii%43(9)/VII		vii	%	43	9	VII			%7	1	1	-3, 1, 3, 0	-2	3	-3
123	123	1411/2	4.5	3/8	3/8	12/8	4	1	vii%43/VII	c	iv		vii%43/VII		vii	%	43		VII			%7	1	1	-3, 1, 3, 0		3	-3
124	124	710	12.0	0	0	12/8	4	1	viio7/IV	c	iv		viio7/IV		vii	o	7		IV			o7	1	1	4, 1, -2, -5		4	4
126	126	722	1.5	0	0	12/8	4	1	V6	c	iv		V6		V		6					M	1	1	5, 2, 1		1	5
126	126	1447/2	1.5	3/8	3/8	12/8	4	1	V65	c	iv		V65		V		65					Mm7	1	1	5, 2, -1, 1		1	5
126	126	725	1.5	3/4	3/4	12/8	4	1	V2	c	iv		V2		V		2					Mm7	1	1	-1, 1, 5, 2		1	-1
126	126	1453/2	1.5	9/8	9/8	12/8	4	1	V43	c	iv		V43		V		43					Mm7	1	1	2, -1, 1, 5		1	2
127	127	728	1.5	0	0	12/8	4	1	i6	c	iv		i6		i		6					m	1	1	-3, 1, 0		0	-3
127	127	1459/2	1.5	3/8	3/8	12/8	4	1	#viio6	c	iv		#viio6		#vii	o	6					o	1	1	2, -1, 5		5	2
127	127	731	1.5	3/4	3/4	12/8	4	1	i6	c	iv		i6		i		6					m	1	1	-3, 1, 0		0	-3
127	127	1465/2	1.5	9/8	9/8	12/8	4	1	#viio6	c	iv		#viio6		#vii	o	6					o	1	1	2, -1, 5		5	2
128	128	734	1.5	0	0	12/8	4	1	i	c	iv		i		i							m	1	1	0, -3, 1		0	0
128	128	1471/2	1.5	3/8	3/8	12/8	4	1	V65	c	iv		V65		V		65					Mm7	1	1	5, 2, -1, 1		1	5
128	128	737	1.5	3/4	3/4	12/8	4	1	i	c	iv		i		i							m	1	1	0, -3, 1		0	0
128	128	1477/2	1.0	9/8	9/8	12/8	4	1	V(64)	c	iv		V(64)		V			64				M	1	1	1, 0, -3		1	1
128	128	1479/2	0.5	11/8	11/8	12/8	4	1	i	c	iv		i		i							m	1	1	0, -3, 1		0	0
129	129	740	1.5	0	0	12/8	4	1	V43	c	iv		V43		V		43					Mm7	1	1	2, -1, 1, 5		1	2
129	129	1483/2	1.0	3/8	3/8	12/8	4	1	V7	c	iv		V7		V		7					Mm7	1	1	1, 5, 2, -1		1	1
129	129	1485/2	0.5	5/8	5/8	12/8	4	1	#viio6	c	iv		#viio6		#vii	o	6					o	1	1	2, -1, 5		5	2
129	129	743	1.5	3/4	3/4	12/8	4	1	i6	c	iv		i6		i		6					m	1	1	-3, 1, 0		0	-3
129	129	1489/2	1.0	9/8	9/8	12/8	4	1	V43	c	iv		V43		V		43					Mm7	1	1	2, -1, 1, 5		1	2
129	129	1491/2	0.5	11/8	11/8	12/8	4	1	i	c	iv		i		i							m	1	1	0, -3, 1		0	0
130	130	746	2.5	0	0	12/8	4	1	ii65(2)/III	c	iv		ii65(2)/III		ii		65	2	III			mm7	1	1	-4, 0, -3, 1		-1	-4
130	130	1497/2	0.5	5/8	5/8	12/8	4	1	ii65/III	c	iv		ii65/III		ii		65		III			mm7	1	1	-4, 0, -3, -1		-1	-4
130	130	749	1.0	3/4	3/4	12/8	4	1	V2(11)/III	c	iv		V2(11)/III		V		2	11	III			Mm7	1	1	-4, -2, 2, -1	-3	-2	-4
130	130	750	0.5	1	1	12/8	4	1	V2/III	c	iv		V2/III		V		2		III			Mm7	1	1	-4, -2, 2, -1		-2	-4
130	130	1501/2	1.0	9/8	9/8	12/8	4	1	V2(9)/III	c	iv		V2(9)/III		V		2	9	III			Mm7	1	1	-4, -2, 2, -1	0	-2	-4
130	130	1503/2	0.5	11/8	11/8	12/8	4	1	V2/III	c	iv		V2/III		V		2		III			Mm7	1	1	-4, -2, 2, -1		-2	-4
131	131	752	2.5	0	0	12/8	4	1	III6(9)	c	iv		III6(9)		III		6	9				M	1	1	1, -2, -3	-1	-3	1
131	131	1509/2	0.5	5/8	5/8	12/8	4	1	III6	c	iv		III6		III		6					M	1	1	1, -2, -3		-3	1
131	131	755	3.0	3/4	3/4	12/8	4	1	ii%65	c	iv		ii%65		ii	%	65					%7	1	1	-1, -4, 0, 2		2	-1
132	132	758	1.5	0	0	12/8	4	1	V(64)	c	iv		V(64)		V			64				M	1	1	1, 0, -3		1	1
132	132	1519/2	1.5	3/8	3/8	12/8	4	1	V7	c	iv		V7		V		7					Mm7	1	1	1, 5, 2, -1		1	1
132	132	761	3.0	3/4	3/4	12/8	4	1	i	c	iv		i		i							m	1	1	0, -3, 1		0	0
133	133	764	1.5	0	0	12/8	4	1	V43	c	iv		V43		V		43					Mm7	1	1	2, -1, 1, 5		1	2
133	133	1531/2	1.5	3/8	3/8	12/8	4	1	V7	c	iv		V7		V		7					Mm7	1	1	1, 5, 2, -1		1	1
133	133	767	1.5	3/4	3/4	12/8	4	1	i6	c	iv		i6		i		6					m	1	1	-3, 1, 0		0	-3
133	133	1537/2	1.0	9/8	9/8	12/8	4	1	V43	c	iv		V43		V		43					Mm7	1	1	2, -1, 1, 5		1	2
133	133	1539/2	0.5	11/8	11/8	12/8	4	1	i	c	iv		i		i							m	1	1	0, -3, 1		0	0
134	134	770	2.5	0	0	12/8	4	1	III.ii65(2)	c	III		ii65(2)		ii		65	2				mm7	1	0	-1, 3, 0, 4		2	-1
134	134	1545/2	0.5	5/8	5/8	12/8	4	1	ii65	c	III		ii65		ii		65					mm7	1	0	-1, 3, 0, 2		2	-1
134	134	773	1.0	3/4	3/4	12/8	4	1	V2(11)	c	III		V2(11)		V		2	11				Mm7	1	0	-1, 1, 5, 2	0	1	-1
134	134	774	2.0	1	1	12/8	4	1	V2	c	III		V2		V		2					Mm7	1	0	-1, 1, 5, 2		1	-1
135	135	776	1.0	0	0	12/8	4	1	I6(9)	c	III		I6(9)		I		6	9				M	1	0	4, 1, 0	2	0	4
135	135	777	0.5	1/4	1/4	12/8	4	1	I6	c	III		I6		I		6					M	1	0	4, 1, 0		0	4
135	135	1555/2	1.0	3/8	3/8	12/8	4	1	I	c	III		I		I							M	1	0	0, 4, 1		0	0
135	135	1557/2	0.5	5/8	5/8	12/8	4	1	vi65	c	III		vi65		vi		65					mm7	1	0	0, 4, 1, 3		3	0
135	135	779	1.5	3/4	3/4	12/8	4	1	V65	c	III		V65		V		65					Mm7	1	0	5, 2, -1, 1		1	5
135	135	1561/2	1.5	9/8	9/8	12/8	4	1	V7	c	III		V7		V		7					Mm7	1	0	1, 5, 2, -1		1	1
136	136	782	1.5	0	0	12/8	4	1	I\\	c	III		I		I						\\	M	1	0	0, 4, 1		0	0
136	136	1567/2	1.5	3/8	3/8	12/8	4	1	I6	c	III		I6		I		6					M	1	0	4, 1, 0		0	4
136	136	785	1.5	3/4	3/4	12/8	4	1	I	c	III		I		I							M	1	0	0, 4, 1		0	0
136	136	1573/2	1.5	9/8	9/8	12/8	4	1	I6	c	III		I6		I		6					M	1	0	4, 1, 0		0	4
137	137	788	1.5	0	0	12/8	4	1	IV(94)	c	III		IV(94)		IV			94				M	1	0	-1, 5, 0	1	-1	-1
137	137	1579/2	1.0	3/8	3/8	12/8	4	1	IV	c	III		IV		IV							M	1	0	-1, 3, 0		-1	-1
137	137	1581/2	0.5	5/8	5/8	12/8	4	1	ii65	c	III		ii65		ii		65					mm7	1	0	-1, 3, 0, 2		2	-1
137	137	791	1.5	3/4	3/4	12/8	4	1	ii	c	III		ii		ii							m	1	0	2, -1, 3		2	2
137	137	1585/2	1.5	9/8	9/8	12/8	4	1	ii6	c	III		ii6		ii		6					m	1	0	-1, 3, 2		2	-1
138	138	794	1.5	0	0	12/8	4	1	vi(64)	c	III		vi(64)		vi			64				m	1	0	3, 2, -1		3	3
138	138	1591/2	1.5	3/8	3/8	12/8	4	1	vi	c	III		vi		vi							m	1	0	3, 0, 4		3	3
138	138	797	1.5	3/4	3/4	12/8	4	1	IV	c	III		IV		IV							M	1	0	-1, 3, 0		-1	-1
138	138	1597/2	1.5	9/8	9/8	12/8	4	1	IV6	c	III		IV6		IV		6					M	1	0	3, 0, -1		-1	3
139	139	800	1.5	0	0	12/8	4	1	I(64)	c	III		I(64)		I			64				M	1	0	0, -1, 3		0	0
139	139	1603/2	1.5	3/8	3/8	12/8	4	1	I	c	III		I		I							M	1	0	0, 4, 1		0	0
139	139	803	1.5	3/4	3/4	12/8	4	1	iv	c	III		iv		iv							m	1	0	-1, -4, 0		-1	-1
139	139	1609/2	1.5	9/8	9/8	12/8	4	1	iv6	c	III		iv6		iv		6					m	1	0	-4, 0, -1		-1	-4
140	140	806	1.5	0	0	12/8	4	1	I(b64)	c	III		I(b64)		I			b64				M	1	0	0, -1, -4		0	0
140	140	1615/2	1.5	3/8	3/8	12/8	4	1	I	c	III		I		I							M	1	0	0, 4, 1		0	0
140	140	809	1.5	3/4	3/4	12/8	4	1	#viio43/iii	c	III		#viio43/iii		#vii	o	43		iii			o7	1	0	3, 0, 9, 6		9	3
140	140	1621/2	1.5	9/8	9/8	12/8	4	1	#viio65/iii	c	III		#viio65/iii		#vii	o	65		iii			o7	1	0	6, 3, 0, 9		9	6
141	141	812	1.5	0	0	12/8	4	1	I64	c	III		I64		I		64					M	1	0	1, 0, 4		0	1
141	141	1627/2	1.5	3/8	3/8	12/8	4	1	viio7/V	c	III		viio7/V		vii	o	7		V			o7	1	0	6, 3, 0, -3		6	6
141	141	815	1.5	3/4	3/4	12/8	4	1	V2	c	III		V2		V		2					Mm7	1	0	-1, 1, 5, 2		1	-1
141	141	1633/2	1.5	9/8	9/8	12/8	4	1	I6	c	III		I6		I		6					M	1	0	4, 1, 0		0	4
142	142	818	1.5	0	0	12/8	4	1	i.#viio43/iv	c	i		#viio43/iv		#vii	o	43		iv			o7	1	1	-2, -5, 4, 1		4	-2
142	142	1639/2	1.5	3/8	3/8	12/8	4	1	iv6	c	i		iv6		iv		6					m	1	1	-4, 0, -1		-1	-4
142	142	821	1.5	3/4	3/4	12/8	4	1	V65/iv	c	i		V65/iv		V		65		iv			Mm7	1	1	4, 1, -2, 0		0	4
142	142	1645/2	1.5	9/8	9/8	12/8	4	1	iv	c	i		iv		iv							m	1	1	-1, -4, 0		-1	-1
143	143	824	7.5	0	0	12/8	4	1	#viio43	c	i		#viio43		#vii	o	43					o7	1	1	-1, -4, 5, 2		5	-1
144	144	1663/2	1.5	3/8	3/8	12/8	4	1	i6	c	i		i6		i		6					m	1	1	-3, 1, 0		0	-3
144	144	833	12.0	3/4	3/4	12/8	4	1	viio43/IV	c	i		viio43/IV		vii	o	43		IV			o7	1	1	-2, -5, 4, 1		4	-2
146	146	845	3.0	3/4	3/4	12/8	4	1	IV6	c	i		IV6		IV		6					M	1	1	3, 0, -1		-1	3
147	147	848	12.0	0	0	12/8	4	1	Ger6	c	i		Ger6	Ger	vii	o	65	b3	V			Ger	1	1	-4, 0, -3, 6		6	-4
149	149	860	3.0	0	0	12/8	4	1	i6	c	i		i6		i		6					m	1	1	-3, 1, 0		0	-3
149	149	863	3.0	3/4	3/4	12/8	4	1	V43	c	i		V43		V		43					Mm7	1	1	2, -1, 1, 5		1	2
150	150	866	3.0	0	0	12/8	4	1	i	c	i		i		i							m	1	1	0, -3, 1		0	0
150	150	869	3.0	3/4	3/4	12/8	4	1	V7/VI	c	i		V7/VI		V		7		VI			Mm7	1	1	-3, 1, -2, -5		-3	-3
151	151	872	3.0	0	0	12/8	4	1	VI	c	i		VI		VI							M	1	1	-4, 0, -3		-4	-4
151	151	875	1.5	3/4	3/4	12/8	4	1	V6/iv	c	i		V6/iv		V		6		iv			M	1	1	4, 1, 0		0	4
151	151	1753/2	1.5	9/8	9/8	12/8	4	1	V65/iv	c	i		V65/iv		V		65		iv			Mm7	1	1	4, 1, -2, 0		0	4
152	152	878	3.0	0	0	12/8	4	1	iv	c	i		iv		iv							m	1	1	-1, -4, 0		-1	-1
152	152	881	1.5	3/4	3/4	12/8	4	1	V6/iv	c	i		V6/iv		V		6		iv			M	1	1	4, 1, 0		0	4
152	152	1765/2	1.5	9/8	9/8	12/8	4	1	V65/iv	c	i		V65/iv		V		65		iv			Mm7	1	1	4, 1, -2, 0		0	4
153	153	884	1.5	0	0	12/8	4	1	iv	c	i		iv		iv							m	1	1	-1, -4, 0		-1	-1
153	153	1771/2	1.5	3/8	3/8	12/8	4	1	iv7	c	i		iv7		iv		7					mm7	1	1	-1, -4, 0, -3		-1	-1
153	153	887	1.5	3/4	3/4	12/8	4	1	ii%65	c	i		ii%65		ii	%	65					%7	1	1	-1, -4, 0, 2		2	-1
153	153	1777/2	1.5	9/8	9/8	12/8	4	1	ii%2	c	i		ii%2		ii	%	2					%7	1	1	0, 2, -1, -4		2	0
154	154	890	1.5	0	0	12/8	4	1	V64/iv	c	i		V64/iv		V		64		iv			M	1	1	1, 0, 4		0	1
154	154	1783/2	1.0	3/8	3/8	12/8	4	1	#viio6(2)/iv	c	i		#viio6(2)/iv		#vii	o	6	2	iv			o	1	1	1, -2, -1		4	1
154	154	1785/2	0.5	5/8	5/8	12/8	4	1	#viio6/iv	c	i		#viio6/iv		#vii	o	6		iv			o	1	1	1, -2, 4		4	1
154	154	893	1.5	3/4	3/4	12/8	4	1	V64/iv	c	i		V64/iv		V		64		iv			M	1	1	1, 0, 4		0	1
154	154	1789/2	1.5	9/8	9/8	12/8	4	1	V7/iv	c	i		V7/iv		V		7		iv			Mm7	1	1	0, 4, 1, -2		0	0
155	155	896	1.5	0	0	12/8	4	1	iv6	c	i		iv6		iv		6					m	1	1	-4, 0, -1		-1	-4
155	155	1795/2	1.0	3/8	3/8	12/8	4	1	i	c	i		i		i							m	1	1	0, -3, 1		0	0
155	155	1797/2	0.5	5/8	5/8	12/8	4	1	iv64	c	i		iv64		iv		64					m	1	1	0, -1, -4		-1	0
155	155	899	1.5	3/4	3/4	12/8	4	1	#vio	c	i		#vio		#vi	o						o	1	1	3, 0, -3		3	3
155	155	1801/2	1.0	9/8	9/8	12/8	4	1	i	c	i		i		i							m	1	1	0, -3, 1		0	0
155	155	1803/2	0.5	11/8	11/8	12/8	4	1	viio43/V	c	i		viio43/V		vii	o	43		V			o7	1	1	0, -3, 6, 3		6	0
156	156	902	6.0	0	0	12/8	4	1	V65	c	i		V65		V		65					Mm7	1	1	5, 2, -1, 1		1	5
157	157	908	3.0	0	0	12/8	4	1	i	c	i		i		i							m	1	1	0, -3, 1		0	0
157	157	911	3.0	3/4	3/4	12/8	4	1	i6	c	i		i6		i		6					m	1	1	-3, 1, 0		0	-3
158	158	914	3.0	0	0	12/8	4	1	#viio65	c	i		#viio65		#vii	o	65					o7	1	1	2, -1, -4, 5		5	2
158	158	917	2.5	3/4	3/4	12/8	4	1	V7(9)	c	i		V7(9)		V		7	9				Mm7	1	1	1, 5, 2, -1	-4	1	1
158	158	1839/2	0.5	11/8	11/8	12/8	4	1	V7	c	i		V7		V		7					Mm7	1	1	1, 5, 2, -1		1	1
159	159	920	6.0	0	0	12/8	4	1	i[i	c	i	i	i		i							m	1	1	0, -3, 1		0	0
160	160	926	3.0	0	0	12/8	4	1	#viio2	c	i	i	#viio2		#vii	o	2					o7	1	1	-4, 5, 2, -1		5	-4
160	160	929	3.0	3/4	3/4	12/8	4	1	#viio7	c	i	i	#viio7		#vii	o	7					o7	1	1	5, 2, -1, -4		5	5
161	161	932	3.0	0	0	12/8	4	1	i]	c	i	i	i		i							m	1	1	0, -3, 1		0	0
161	161	935	1.5	3/4	3/4	12/8	4	1	i6	c	i		i6		i		6					m	1	1	-3, 1, 0		0	-3
161	161	1873/2	1.5	9/8	9/8	12/8	4	1	V6/iv	c	i		V6/iv		V		6		iv			M	1	1	4, 1, 0		0	4
162	162	938	1.5	0	0	12/8	4	1	iv	c	i		iv		iv							m	1	1	-1, -4, 0		-1	-1
162	162	1879/2	0.5	3/8	3/8	12/8	4	1	iv6	c	i		iv6		iv		6					m	1	1	-4, 0, -1		-1	-4
162	162	940	0.5	1/2	1/2	12/8	4	1	iio6/iv	c	i		iio6/iv		ii	o	6		iv			o	1	1	-2, -5, 1		1	-2
162	162	1881/2	0.5	5/8	5/8	12/8	4	1	iv6	c	i		iv6		iv		6					m	1	1	-4, 0, -1		-1	-4
162	162	941	1.5	3/4	3/4	12/8	4	1	#viio6/iv	c	i		#viio6/iv		#vii	o	6		iv			o	1	1	1, -2, 4		4	1
162	162	1885/2	1.5	9/8	9/8	12/8	4	1	#viio7/iv	c	i		#viio7/iv		#vii	o	7		iv			o7	1	1	4, 1, -2, -5		4	4
163	163	944	3.0	0	0	12/8	4	1	iv	c	i		iv		iv							m	1	1	-1, -4, 0		-1	-1
163	163	947	1.5	3/4	3/4	12/8	4	1	V/iv	c	i		V/iv		V				iv			M	1	1	0, 4, 1		0	0
163	163	1897/2	1.5	9/8	9/8	12/8	4	1	V7/iv	c	i		V7/iv		V		7		iv			Mm7	1	1	0, 4, 1, -2		0	0
164	164	950	1.5	0	0	12/8	4	1	iv	c	i		iv		iv							m	1	1	-1, -4, 0		-1	-1
164	164	1903/2	1.5	3/8	3/8	12/8	4	1	V2/iv	c	i		V2/iv		V		2		iv			Mm7	1	1	-2, 0, 4, 1		0	-2
164	164	953	1.5	3/4	3/4	12/8	4	1	iv6	c	i		iv6		iv		6					m	1	1	-4, 0, -1		-1	-4
164	164	1909/2	1.5	9/8	9/8	12/8	4	1	V64/iv	c	i		V64/iv		V		64		iv			M	1	1	1, 0, 4		0	1
165	165	956	1.5	0	0	12/8	4	1	iv	c	i		iv		iv							m	1	1	-1, -4, 0		-1	-1
165	165	1915/2	1.5	3/8	3/8	12/8	4	1	V64/iv	c	i		V64/iv		V		64		iv			M	1	1	1, 0, 4		0	1
165	165	959	3.0	3/4	3/4	12/8	4	1	iv6	c	i		iv6		iv		6					m	1	1	-4, 0, -1		-1	-4
166	166	962	1.5	0	0	12/8	4	1	iv	c	i		iv		iv							m	1	1	-1, -4, 0		-1	-1
166	166	1927/2	1.5	3/8	3/8	12/8	4	1	V64/iv	c	i		V64/iv		V		64		iv			M	1	1	1, 0, 4		0	1
166	166	965	3.0	3/4	3/4	12/8	4	1	iv6	c	i		iv6		iv		6					m	1	1	-4, 0, -1		-1	-4
167	167	968	1.5	0	0	12/8	4	1	viio/V	c	i		viio/V		vii	o			V			o	1	1	6, 3, 0		6	6
167	167	1939/2	1.5	3/8	3/8	12/8	4	1	iio64/V	c	i		iio64/V		ii	o	64		V			o	1	1	-3, 3, 0		3	-3
167	167	971	3.0	3/4	3/4	12/8	4	1	V7(9)/V	c	i		V7(9)/V		V		7	9	V			Mm7	1	1	2, 6, 3, 0	4	2	2
168	168	974	1.5	0	0	12/8	4	1	viio/V	c	i		viio/V		vii	o			V			o	1	1	6, 3, 0		6	6
168	168	1951/2	1.5	3/8	3/8	12/8	4	1	iio64/V	c	i		iio64/V		ii	o	64		V			o	1	1	-3, 3, 0		3	-3
168	168	977	3.0	3/4	3/4	12/8	4	1	V7(9)/V	c	i		V7(9)/V		V		7	9	V			Mm7	1	1	2, 6, 3, 0	4	2	2
169	169	980	18.0	0	0	12/8	4	1	#viio7\\	c	i		#viio7		#vii	o	7				\\	o7	1	1	5, 2, -1, -4		5	5
172	172	998	1.5	0	0	12/8	4	1	i6	c	i		i6		i		6					m	1	1	-3, 1, 0		0	-3
172	172	1999/2	1.5	3/8	3/8	12/8	4	1	i	c	i		i		i							m	1	1	0, -3, 1		0	0
172	172	1001	1.5	3/4	3/4	12/8	4	1	i6	c	i		i6		i		6					m	1	1	-3, 1, 0		0	-3
172	172	2005/2	1.5	9/8	9/8	12/8	4	1	i	c	i		i		i							m	1	1	0, -3, 1		0	0
173	173	1004	1.5	0	0	12/8	4	1	iv7	c	i		iv7		iv		7					mm7	1	1	-1, -4, 0, -3		-1	-1
173	173	2011/2	1.5	3/8	3/8	12/8	4	1	iv43	c	i		iv43		iv		43					mm7	1	1	0, -3, -1, -4		-1	0
173	173	1007	1.5	3/4	3/4	12/8	4	1	i64	c	i		i64		i		64					m	1	1	1, 0, -3		0	1
173	173	2017/2	1.5	9/8	9/8	12/8	4	1	i	c	i		i		i							m	1	1	0, -3, 1		0	0
174	174	1010	1.5	0	0	12/8	4	1	viio65/V	c	i		viio65/V		vii	o	65		V			o7	1	1	3, 0, -3, 6		6	3
174	174	2023/2	1.5	3/8	3/8	12/8	4	1	i	c	i		i		i							m	1	1	0, -3, 1		0	0
174	174	1013	4.5	3/4	3/4	12/8	4	1	V65	c	i		V65		V		65					Mm7	1	1	5, 2, -1, 1		1	5
175	175	2035/2	1.5	3/8	3/8	12/8	4	1	i	c	i		i		i							m	1	1	0, -3, 1		0	0
175	175	1019	1.5	3/4	3/4	12/8	4	1	V(64)	c	i		V(64)		V			64				M	1	1	1, 0, -3		1	1
175	175	2041/2	1.5	9/8	9/8	12/8	4	1	V7	c	i		V7		V		7					Mm7	1	1	1, 5, 2, -1		1	1
176	176	1022	3.0	0	0	12/8	4	1	i\\	c	i		i		i						\\	m	1	1	0, -3, 1		0	0
176	176	1025	1.5	3/4	3/4	12/8	4	1	i6	c	i		i6		i		6					m	1	1	-3, 1, 0		0	-3
176	176	2053/2	1.5	9/8	9/8	12/8	4	1	i	c	i		i		i							m	1	1	0, -3, 1		0	0
177	177	1028	1.5	0	0	12/8	4	1	iv7	c	i		iv7		iv		7					mm7	1	1	-1, -4, 0, -3		-1	-1
177	177	2059/2	1.5	3/8	3/8	12/8	4	1	VI6	c	i		VI6		VI		6					M	1	1	0, -3, -4		-4	0
177	177	1031	1.5	3/4	3/4	12/8	4	1	i64	c	i		i64		i		64					m	1	1	1, 0, -3		0	1
177	177	2065/2	1.5	9/8	9/8	12/8	4	1	i6	c	i		i6		i		6					m	1	1	-3, 1, 0		0	-3
178	178	1034	1.5	0	0	12/8	4	1	viio65/V	c	i		viio65/V		vii	o	65		V			o7	1	1	3, 0, -3, 6		6	3
178	178	2071/2	1.5	3/8	3/8	12/8	4	1	viio2/V	c	i		viio2/V		vii	o	2		V			o7	1	1	-3, 6, 3, 0		6	-3
178	178	1037	3.0	3/4	3/4	12/8	4	1	V65	c	i		V65		V		65					Mm7	1	1	5, 2, -1, 1		1	5
179	179	1040	1.5	0	0	12/8	4	1	i	c	i		i		i							m	1	1	0, -3, 1		0	0
179	179	2083/2	3.0	3/8	3/8	12/8	4	1	V	c	i		V		V							M	1	1	1, 5, 2		1	1
179	179	2089/2	1.5	9/8	9/8	12/8	4	1	V65	c	i		V65		V		65					Mm7	1	1	5, 2, -1, 1		1	5
180	180	1046	1.5	0	0	12/8	4	1	i	c	i		i		i							m	1	1	0, -3, 1		0	0
180	180	2095/2	3.0	3/8	3/8	12/8	4	1	V	c	i		V		V							M	1	1	1, 5, 2		1	1
180	180	2101/2	1.5	9/8	9/8	12/8	4	1	V65	c	i		V65		V		65					Mm7	1	1	5, 2, -1, 1		1	5
181	181	1052	1.5	0	0	12/8	4	1	i\\	c	i		i		i						\\	m	1	1	0, -3, 1		0	0
181	181	2107/2	4.5	3/8	3/8	12/8	4	1	V	c	i		V		V							M	1	1	1, 5, 2		1	1
182	182	1058	1.5	0	0	12/8	4	1	V2/iv	c	i		V2/iv		V		2		iv			Mm7	1	1	-2, 0, 4, 1		0	-2
182	182	2119/2	1.5	3/8	3/8	12/8	4	1	iv6	c	i		iv6		iv		6					m	1	1	-4, 0, -1		-1	-4
182	182	1061	3.0	3/4	3/4	12/8	4	1	V65/iv	c	i		V65/iv		V		65		iv			Mm7	1	1	4, 1, -2, 0		0	4
183	183	1064	1.5	0	0	12/8	4	1	iv	c	i		iv		iv							m	1	1	-1, -4, 0		-1	-1
183	183	2131/2	1.5	3/8	3/8	12/8	4	1	V43/iv	c	i		V43/iv		V		43		iv			Mm7	1	1	1, -2, 0, 4		0	1
183	183	1067	1.5	3/4	3/4	12/8	4	1	iv6	c	i		iv6		iv		6					m	1	1	-4, 0, -1		-1	-4
183	183	2137/2	1.5	9/8	9/8	12/8	4	1	#viio43(+2)	c	i		#viio43(+2)		#vii	o	43	+2				o7	1	1	-1, -4, 5, 2	0	5	-1
184	184	1070	4.5	0	0	12/8	4	1	V/iv	c	i		V/iv		V				iv			M	1	1	0, 4, 1		0	0
184	184	2149/2	1.5	9/8	9/8	12/8	4	1	V6/iv	c	i		V6/iv		V		6		iv			M	1	1	4, 1, 0		0	4
185	185	1076	1.5	0	0	12/8	4	1	iv	c	i		iv		iv							m	1	1	-1, -4, 0		-1	-1
185	185	2155/2	1.5	3/8	3/8	12/8	4	1	V43/iv	c	i		V43/iv		V		43		iv			Mm7	1	1	1, -2, 0, 4		0	1
185	185	1079	1.5	3/4	3/4	12/8	4	1	iv6	c	i		iv6		iv		6					m	1	1	-4, 0, -1		-1	-4
185	185	2161/2	1.5	9/8	9/8	12/8	4	1	iv	c	i		iv		iv							m	1	1	-1, -4, 0		-1	-1
186	186	1082	3.0	0	0	12/8	4	1	V/VI	c	i		V/VI		V				VI			M	1	1	-3, 1, -2		-3	-3
186	186	1085	1.5	3/4	3/4	12/8	4	1	V6/VI	c	i		V6/VI		V		6		VI			M	1	1	1, -2, -3		-3	1
186	186	2173/2	1.5	9/8	9/8	12/8	4	1	V/VI	c	i		V/VI		V				VI			M	1	1	-3, 1, -2		-3	-3
187	187	1088	1.5	0	0	12/8	4	1	VI	c	i		VI		VI							M	1	1	-4, 0, -3		-4	-4
187	187	2179/2	1.5	3/8	3/8	12/8	4	1	V64/VI	c	i		V64/VI		V		64		VI			M	1	1	-2, -3, 1		-3	-2
187	187	1091	1.5	3/4	3/4	12/8	4	1	VI6	c	i		VI6		VI		6					M	1	1	0, -3, -4		-4	0
187	187	2185/2	1.5	9/8	9/8	12/8	4	1	VI	c	i		VI		VI							M	1	1	-4, 0, -3		-4	-4
188	188	1094	4.5	0	0	12/8	4	1	iv	c	i		iv		iv							m	1	1	-1, -4, 0		-1	-1
188	188	2197/2	1.5	9/8	9/8	12/8	4	1	#viio43	c	i		#viio43		#vii	o	43					o7	1	1	-1, -4, 5, 2		5	-1
189	189	1100	4.5	0	0	12/8	4	1	i	c	i		i		i							m	1	1	0, -3, 1		0	0
189	189	2209/2	1.5	9/8	9/8	12/8	4	1	#viio43	c	i		#viio43		#vii	o	43					o7	1	1	-1, -4, 5, 2		5	-1
190	190	1106	4.5	0	0	12/8	4	1	i	c	i		i		i							m	1	1	0, -3, 1		0	0
190	190	2221/2	1.5	9/8	9/8	12/8	4	1	#viio43	c	i		#viio43		#vii	o	43					o7	1	1	-1, -4, 5, 2		5	-1
191	191	1112	1.5	0	0	12/8	4	1	i6	c	i		i6		i		6					m	1	1	-3, 1, 0		0	-3
191	191	2227/2	1.5	3/8	3/8	12/8	4	1	V43	c	i		V43		V		43					Mm7	1	1	2, -1, 1, 5		1	2
191	191	1115	1.5	3/4	3/4	12/8	4	1	i	c	i		i		i							m	1	1	0, -3, 1		0	0
191	191	2233/2	1.0	9/8	9/8	12/8	4	1	V(9)	c	i		V(9)		V			9				M	1	1	1, 5, 2	-4	1	1
191	191	2235/2	0.5	11/8	11/8	12/8	4	1	V	c	i		V		V							M	1	1	1, 5, 2		1	1
192	192	1118	1.5	0	0	12/8	4	1	i64	c	i		i64		i		64					m	1	1	1, 0, -3		0	1
192	192	2239/2	1.5	3/8	3/8	12/8	4	1	V2	c	i		V2		V		2					Mm7	1	1	-1, 1, 5, 2		1	-1
192	192	1121	1.5	3/4	3/4	12/8	4	1	i6	c	i		i6		i		6					m	1	1	-3, 1, 0		0	-3
192	192	2245/2	1.5	9/8	9/8	12/8	4	1	V43	c	i		V43		V		43					Mm7	1	1	2, -1, 1, 5		1	2
193	193	1124	1.5	0	0	12/8	4	1	i6	c	i		i6		i		6					m	1	1	-3, 1, 0		0	-3
193	193	2251/2	1.5	3/8	3/8	12/8	4	1	V65	c	i		V65		V		65					Mm7	1	1	5, 2, -1, 1		1	5
193	193	1127	1.5	3/4	3/4	12/8	4	1	i	c	i		i		i							m	1	1	0, -3, 1		0	0
193	193	2257/2	1.5	9/8	9/8	12/8	4	1	#viio43	c	i		#viio43		#vii	o	43					o7	1	1	-1, -4, 5, 2		5	-1
194	194	1130	1.5	0	0	12/8	4	1	i6	c	i		i6		i		6					m	1	1	-3, 1, 0		0	-3
194	194	2263/2	1.5	3/8	3/8	12/8	4	1	V65	c	i		V65		V		65					Mm7	1	1	5, 2, -1, 1		1	5
194	194	1133	1.5	3/4	3/4	12/8	4	1	i	c	i		i		i							m	1	1	0, -3, 1		0	0
194	194	2269/2	1.5	9/8	9/8	12/8	4	1	iv	c	i		iv		iv							m	1	1	-1, -4, 0		-1	-1
195	195	1136	1.5	0	0	12/8	4	1	V6/iv	c	i		V6/iv		V		6		iv			M	1	1	4, 1, 0		0	4
195	195	2275/2	1.5	3/8	3/8	12/8	4	1	V65/iv	c	i		V65/iv		V		65		iv			Mm7	1	1	4, 1, -2, 0		0	4
195	195	1139	1.5	3/4	3/4	12/8	4	1	V6(6)/iv	c	i		V6(6)/iv		V		6	6	iv			M	1	1	4, -4, 0		0	4
195	195	2281/2	1.5	9/8	9/8	12/8	4	1	V6/iv	c	i		V6/iv		V		6		iv			M	1	1	4, 1, 0		0	4
196	196	1142	1.5	0	0	12/8	4	1	iv(4)	c	i		iv(4)		iv			4				m	1	1	-1, -2, 0		-1	-1
196	196	2287/2	1.5	3/8	3/8	12/8	4	1	iv	c	i		iv		iv							m	1	1	-1, -4, 0		-1	-1
196	196	1145	1.5	3/4	3/4	12/8	4	1	iv(94)	c	i		iv(94)		iv			94				m	1	1	-1, -2, 0	1	-1	-1
196	196	2293/2	1.5	9/8	9/8	12/8	4	1	iv	c	i		iv		iv							m	1	1	-1, -4, 0		-1	-1
197	197	1148	3.0	0	0	12/8	4	1	V(64)	c	i		V(64)		V			64				M	1	1	1, 0, -3		1	1
197	197	1151	2.5	3/4	3/4	12/8	4	1	V(134)	c	i		V(134)		V			134				M	1	1	1, 0, 2	-3	1	1
197	197	2307/2	0.5	11/8	11/8	12/8	4	1	V(64)	c	i		V(64)		V			64				M	1	1	1, 0, -3		1	1
198	198	1154	3.0	0	0	12/8	4	1	V7	c	i		V7		V		7					Mm7	1	1	1, 5, 2, -1		1	1
198	198	1157	3.0	3/4	3/4	12/8	4	1	V(64)	c	i		V(64)		V			64				M	1	1	1, 0, -3		1	1
199	199	1160	3.0	0	0	12/8	4	1	iv65(2)	c	i		iv65(2)		iv		65	2				mm7	1	1	-4, 0, -3, 1		-1	-4
199	199	1163	3.0	3/4	3/4	12/8	4	1	iv6(9#7)	c	i		iv6(9#7)		iv		6	9#7				m	1	1	-4, 0, 4	1	-1	-4
200	200	1166	1.0	0	0	12/8	4	1	iv6(9)	c	i		iv6(9)		iv		6	9				m	1	1	-4, 0, -1	1	-1	-4
200	200	1167	2.0	1/4	1/4	12/8	4	1	iv6	c	i		iv6		iv		6					m	1	1	-4, 0, -1		-1	-4
200	200	1169	1.5	3/4	3/4	12/8	4	1	iv	c	i		iv		iv							m	1	1	-1, -4, 0		-1	-1
200	200	2341/2	1.5	9/8	9/8	12/8	4	1	iv6	c	i		iv6		iv		6					m	1	1	-4, 0, -1		-1	-4
201	201	1172	1.5	0	0	12/8	4	1	V7	c	i		V7		V		7					Mm7	1	1	1, 5, 2, -1		1	1
201	201	2347/2	4.5	3/8	3/8	12/8	4	1	V(64)	c	i		V(64)		V			64				M	1	1	1, 0, -3		1	1
202	202	1178	1.5	0	0	12/8	4	1	iv7	c	i		iv7		iv		7					mm7	1	1	-1, -4, 0, -3		-1	-1
202	202	2359/2	10.5	3/8	3/8	12/8	4	1	#viio43	c	i		#viio43		#vii	o	43					o7	1	1	-1, -4, 5, 2		5	-1
204	204	1190	1.5	0	0	12/8	4	1	#viio	c	i		#viio		#vii	o						o	1	1	5, 2, -1		5	5
204	204	2383/2	3.0	3/8	3/8	12/8	4	1	iio	c	i		iio		ii	o						o	1	1	2, -1, -4		2	2
204	204	2389/2	9.0	9/8	9/8	12/8	4	1	#viio	c	i		#viio		#vii	o						o	1	1	5, 2, -1		5	5
206	206	2407/2	10.5	3/8	3/8	12/8	4	1	iio	c	i		iio		ii	o						o	1	1	2, -1, -4		2	2
208	208	1214	12.0	0	0	12/8	4	1	#viio7	c	i		#viio7		#vii	o	7					o7	1	1	5, 2, -1, -4		5	5
210	210	1226	3.0	0	0	12/8	4	1	i	c	i		i		i							m	1	1	0, -3, 1		0	0
210	210	1229	3.0	3/4	3/4	12/8	4	1	i6	c	i		i6		i		6					m	1	1	-3, 1, 0		0	-3
211	211	1232	3.0	0	0	12/8	4	1	i64	c	i		i64		i		64					m	1	1	1, 0, -3		0	1
211	211	1235	3.0	3/4	3/4	12/8	4	1	i	c	i		i		i							m	1	1	0, -3, 1		0	0
212	212	1238	3.0	0	0	12/8	4	1	i6	c	i		i6		i		6					m	1	1	-3, 1, 0		0	-3
212	212	1241	1.5	3/4	3/4	12/8	4	1	i64	c	i		i64		i		64					m	1	1	1, 0, -3		0	1
212	212	2485/2	3.0	9/8	9/8	12/8	4	1	i	c	i		i		i							m	1	1	0, -3, 1		0	0
213	213	2491/2	1.5	3/8	3/8	12/8	4	1	VI	c	i		VI		VI							M	1	1	-4, 0, -3		-4	-4
213	213	1247	1.5	3/4	3/4	12/8	4	1	iio6	c	i		iio6		ii	o	6					o	1	1	-1, -4, 2		2	-1
213	213	2497/2	1.5	9/8	9/8	12/8	4	1	V7	c	i		V7		V		7					Mm7	1	1	1, 5, 2, -1		1	1
214	214	1250	1.5	0	0	12/8	4	1	i	c	i		i		i							m	1	1	0, -3, 1		0	0
214	214	2503/2	1.5	3/8	3/8	12/8	4	1	V	c	i		V		V							M	1	1	1, 5, 2		1	1
214	214	1253	2.5	3/4	3/4	12/8	4	1	i6	c	i		i6		i		6					m	1	1	-3, 1, 0		0	-3
214	214	2511/2	0.5	11/8	11/8	12/8	4	1	VII6	c	i		VII6		VII		6					M	1	1	2, -1, -2		-2	2
215	215	1256	1.5	0	0	12/8	4	1	VI6	c	i		VI6		VI		6					M	1	1	0, -3, -4		-4	0
215	215	2515/2	1.5	3/8	3/8	12/8	4	1	V/iv	c	i		V/iv		V				iv			M	1	1	0, 4, 1		0	0
215	215	1259	2.5	3/4	3/4	12/8	4	1	iv6	c	i		iv6		iv		6					m	1	1	-4, 0, -1		-1	-4
215	215	2523/2	0.5	11/8	11/8	12/8	4	1	III6	c	i		III6		III		6					M	1	1	1, -2, -3		-3	1
216	216	1262	3.0	0	0	12/8	4	1	iio6	c	i		iio6		ii	o	6					o	1	1	-1, -4, 2		2	-1
216	216	1265	3.0	3/4	3/4	12/8	4	1	#viio43	c	i		#viio43		#vii	o	43					o7	1	1	-1, -4, 5, 2		5	-1
217	217	1268	3.0	0	0	12/8	4	1	i6	c	i		i6		i		6					m	1	1	-3, 1, 0		0	-3
217	217	1271	3.0	3/4	3/4	12/8	4	1	V	c	i		V		V							M	1	1	1, 5, 2		1	1
218	218	1274	3.0	0	0	12/8	4	1	i6	c	i		i6		i		6					m	1	1	-3, 1, 0		0	-3
218	218	1277	3.0	3/4	3/4	12/8	4	1	V	c	i		V		V							M	1	1	1, 5, 2		1	1
219	219	1280	3.0	0	0	12/8	4	1	i	c	i		i		i							m	1	1	0, -3, 1		0	0
219	219	1283	3.0	3/4	3/4	12/8	4	1	iv	c	i		iv		iv							m	1	1	-1, -4, 0		-1	-1
220	220	1286	3.0	0	0	12/8	4	1	V/III	c	i		V/III		V				III			M	1	1	-2, 2, -1		-2	-2
220	220	1289	1.5	3/4	3/4	12/8	4	1	III	c	i		III		III							M	1	1	-3, 1, -2		-3	-3
220	220	2581/2	1.5	9/8	9/8	12/8	4	1	viio/III	c	i		viio/III		vii	o			III			o	1	1	2, -1, -4		2	2
221	221	1292	1.5	0	0	12/8	4	1	III	c	i		III		III							M	1	1	-3, 1, -2		-3	-3
221	221	2587/2	1.5	3/8	3/8	12/8	4	1	#viio	c	i		#viio		#vii	o						o	1	1	5, 2, -1		5	5
221	221	1295	1.5	3/4	3/4	12/8	4	1	i	c	i		i		i							m	1	1	0, -3, 1		0	0
221	221	2593/2	1.5	9/8	9/8	12/8	4	1	V6/VI	c	i		V6/VI		V		6		VI			M	1	1	1, -2, -3		-3	1
222	222	1298	1.5	0	0	12/8	4	1	VI	c	i		VI		VI							M	1	1	-4, 0, -3		-4	-4
222	222	2599/2	1.5	3/8	3/8	12/8	4	1	iio6	c	i		iio6		ii	o	6					o	1	1	-1, -4, 2		2	-1
222	222	1301	1.5	3/4	3/4	12/8	4	1	V(64)	c	i		V(64)		V			64				M	1	1	1, 0, -3		1	1
222	222	2605/2	1.5	9/8	9/8	12/8	4	1	V	c	i		V		V							M	1	1	1, 5, 2		1	1
223	223	1304	3.0	0	0	12/8	4	1	V6/iv	c	i		V6/iv		V		6		iv			M	1	1	4, 1, 0		0	4
223	223	1307	1.5	3/4	3/4	12/8	4	1	V2/iv	c	i		V2/iv		V		2		iv			Mm7	1	1	-2, 0, 4, 1		0	-2
223	223	2617/2	1.5	9/8	9/8	12/8	4	1	V43/iv	c	i		V43/iv		V		43		iv			Mm7	1	1	1, -2, 0, 4		0	1
224	224	1310	1.5	0	0	12/8	4	1	iv	c	i		iv		iv							m	1	1	-1, -4, 0		-1	-1
224	224	2623/2	1.5	3/8	3/8	12/8	4	1	V6/iv	c	i		V6/iv		V		6		iv			M	1	1	4, 1, 0		0	4
224	224	1313	1.5	3/4	3/4	12/8	4	1	iv	c	i		iv		iv							m	1	1	-1, -4, 0		-1	-1
224	224	2629/2	1.5	9/8	9/8	12/8	4	1	i	c	i		i		i							m	1	1	0, -3, 1		0	0
225	225	1316	3.5	0	0	12/8	4	1	V65	c	i		V65		V		65					Mm7	1	1	5, 2, -1, 1		1	5
225	225	2639/2	2.5	7/8	7/8	12/8	4	1	#viio6	c	i		#viio6		#vii	o	6					o	1	1	2, -1, 5		5	2
226	226	1322	1.5	0	0	12/8	4	1	i	c	i		i		i							m	1	1	0, -3, 1		0	0
226	226	2647/2	1.5	3/8	3/8	12/8	4	1	#viio	c	i		#viio		#vii	o						o	1	1	5, 2, -1		5	5
226	226	1325	1.5	3/4	3/4	12/8	4	1	iv6	c	i		iv6		iv		6					m	1	1	-4, 0, -1		-1	-4
226	226	2653/2	1.5	9/8	9/8	12/8	4	1	#viio6/iv	c	i		#viio6/iv		#vii	o	6		iv			o	1	1	1, -2, 4		4	1
227	227	1328	6.0	0	0	12/8	4	1	iv	c	i		iv		iv							m	1	1	-1, -4, 0		-1	-1
228	228	1334	3.0	0	0	12/8	4	1	V	c	i		V		V							M	1	1	1, 5, 2		1	1
228	228	1337	3.0	3/4	3/4	12/8	4	1	V7	c	i		V7		V		7					Mm7	1	1	1, 5, 2, -1		1	1
229	229	1340	1.0	0	0	4/4	4	1	i	c	i		i		i							m	1	1	0, -3, 1		0	0
229	229	1341	1.0	1/4	1/4	4/4	4	1	i2	c	i		i2		i		2					mm7	1	1	-2, 0, -3, 1		0	-2
229	229	1342	1.0	1/2	1/2	4/4	4	1	VI	c	i		VI		VI							M	1	1	-4, 0, -3		-4	-4
229	229	1343	1.0	3/4	3/4	4/4	4	1	i64	c	i		i64		i		64					m	1	1	1, 0, -3		0	1
230	230	1344	1.0	0	0	4/4	4	1	VI	c	i		VI		VI							M	1	1	-4, 0, -3		-4	-4
230	230	1345	1.0	1/4	1/4	4/4	4	1	i64	c	i		i64		i		64					m	1	1	1, 0, -3		0	1
230	230	1346	1.0	1/2	1/2	4/4	4	1	iv7	c	i		iv7		iv		7					mm7	1	1	-1, -4, 0, -3		-1	-1
230	230	1347	1.0	3/4	3/4	4/4	4	1	i6	c	i		i6		i		6					m	1	1	-3, 1, 0		0	-3
231	231	1348	1.0	0	0	4/4	4	1	i	c	i		i		i							m	1	1	0, -3, 1		0	0
231	231	1349	1.0	1/4	1/4	4/4	4	1	i2	c	i		i2		i		2					mm7	1	1	-2, 0, -3, 1		0	-2
231	231	1350	1.0	1/2	1/2	4/4	4	1	VI	c	i		VI		VI							M	1	1	-4, 0, -3		-4	-4
231	231	1351	1.0	3/4	3/4	4/4	4	1	i64	c	i		i64		i		64					m	1	1	1, 0, -3		0	1
232	232	1352	1.0	0	0	4/4	4	1	VI	c	i		VI		VI							M	1	1	-4, 0, -3		-4	-4
232	232	1353	1.0	1/4	1/4	4/4	4	1	i64	c	i		i64		i		64					m	1	1	1, 0, -3		0	1
232	232	1354	1.0	1/2	1/2	4/4	4	1	iv7	c	i		iv7		iv		7					mm7	1	1	-1, -4, 0, -3		-1	-1
232	232	1355	1.0	3/4	3/4	4/4	4	1	i6	c	i		i6		i		6					m	1	1	-3, 1, 0		0	-3
233	233	1356	4.0	0	0	4/4	4	1	i	c	i		i		i							m	1	1	0, -3, 1		0	0
234	234	1360	2.0	0	0	4/4	4	1	iv	c	i		iv		iv							m	1	1	-1, -4, 0		-1	-1
234	234	1362	1.5	1/2	1/2	4/4	4	1	#viio6/iv	c	i		#viio6/iv		#vii	o	6		iv			o	1	1	1, -2, 4		4	1
234	234	2727/2	0.5	7/8	7/8	4/4	4	1	iv6	c	i		iv6		iv		6					m	1	1	-4, 0, -1		-1	-4
235	235	1364	4.0	0	0	4/4	4	1	III.V(64)	c	III		V(64)		V			64				M	1	0	1, 0, 4		1	1
236	236	1368	4.0	0	0	4/4	4	1	V7	c	III		V7		V		7					Mm7	1	0	1, 5, 2, -1		1	1
237	237	1372	1.0	0	0	4/4	4	1	I	c	III		I		I							M	1	0	0, 4, 1		0	0
237	237	1373	1.0	1/4	1/4	4/4	4	1	IM2	c	III		IM2		I	M	2					MM7	1	0	5, 0, 4, 1		0	5
237	237	1374	1.0	1/2	1/2	4/4	4	1	vi	c	III		vi		vi							m	1	0	3, 0, 4		3	3
237	237	1375	1.0	3/4	3/4	4/4	4	1	I64	c	III		I64		I		64					M	1	0	1, 0, 4		0	1
238	238	1376	1.0	0	0	4/4	4	1	vi	c	III		vi		vi							m	1	0	3, 0, 4		3	3
238	238	1377	1.0	1/4	1/4	4/4	4	1	I64	c	III		I64		I		64					M	1	0	1, 0, 4		0	1
238	238	1378	1.0	1/2	1/2	4/4	4	1	IVM7	c	III		IVM7		IV	M	7					MM7	1	0	-1, 3, 0, 4		-1	-1
238	238	1379	1.0	3/4	3/4	4/4	4	1	I6	c	III		I6		I		6					M	1	0	4, 1, 0		0	4
239	239	1380	1.0	0	0	4/4	4	1	I	c	III		I		I							M	1	0	0, 4, 1		0	0
239	239	1381	1.0	1/4	1/4	4/4	4	1	IM2	c	III		IM2		I	M	2					MM7	1	0	5, 0, 4, 1		0	5
239	239	1382	1.0	1/2	1/2	4/4	4	1	vi	c	III		vi		vi							m	1	0	3, 0, 4		3	3
239	239	1383	1.0	3/4	3/4	4/4	4	1	I64	c	III		I64		I		64					M	1	0	1, 0, 4		0	1
240	240	1384	1.0	0	0	4/4	4	1	vi	c	III		vi		vi							m	1	0	3, 0, 4		3	3
240	240	1385	1.0	1/4	1/4	4/4	4	1	I64	c	III		I64		I		64					M	1	0	1, 0, 4		0	1
240	240	1386	1.0	1/2	1/2	4/4	4	1	IVM7	c	III		IVM7		IV	M	7					MM7	1	0	-1, 3, 0, 4		-1	-1
240	240	1387	1.0	3/4	3/4	4/4	4	1	I6	c	III		I6		I		6					M	1	0	4, 1, 0		0	4
241	241	1388	4.0	0	0	4/4	4	1	ii65	c	III		ii65		ii		65					mm7	1	0	-1, 3, 0, 2		2	-1
242	242	1392	2.0	0	0	4/4	4	1	ii65(9)	c	III		ii65(9)		ii		65	9				mm7	1	0	-1, 3, 0, 2	4	2	-1
242	242	1394	2.0	1/2	1/2	4/4	4	1	ii65	c	III		ii65		ii		65					mm7	1	0	-1, 3, 0, 2		2	-1
243	243	1396	4.0	0	0	4/4	4	1	ii65	c	III		ii65		ii		65					mm7	1	0	-1, 3, 0, 2		2	-1
244	244	1400	2.0	0	0	4/4	4	1	ii65(9)	c	III		ii65(9)		ii		65	9				mm7	1	0	-1, 3, 0, 2	4	2	-1
244	244	1402	2.0	1/2	1/2	4/4	4	1	ii65	c	III		ii65		ii		65					mm7	1	0	-1, 3, 0, 2		2	-1
245	245	1404	8.0	0	0	4/4	4	1	V(64)	c	III		V(64)		V			64				M	1	0	1, 0, 4		1	1
247	247	1412	6.0	0	0	4/4	4	1	V7	c	III		V7		V		7					Mm7	1	0	1, 5, 2, -1		1	1
248	248	1418	2.0	1/2	1/2	4/4	4	1	V2	c	III		V2		V		2					Mm7	1	0	-1, 1, 5, 2		1	-1
249	249	1420	8.0	0	0	4/4	4	1	I6	c	III		I6		I		6					M	1	0	4, 1, 0		0	4
251	251	1428	8.0	0	0	4/4	4	1	ii6	c	III		ii6		ii		6					m	1	0	-1, 3, 2		2	-1
253	253	1436	12.0	0	0	4/4	4	1	ii	c	III		ii		ii							m	1	0	2, -1, 3		2	2
256	256	1448	4.0	0	0	4/4	4	1	V/ii	c	III		V/ii		V				ii			M	1	0	3, 7, 4		3	3
257	257	1452	4.0	0	0	4/4	4	1	ii	c	III		ii		ii							m	1	0	2, -1, 3		2	2
258	258	1456	4.0	0	0	4/4	4	1	V/ii	c	III		V/ii		V				ii			M	1	0	3, 7, 4		3	3
259	259	1460	4.0	0	0	4/4	4	1	V(64)/ii	c	III		V(64)/ii		V			64	ii			M	1	0	3, 2, -1		3	3
260	260	1464	1.0	0	0	4/4	4	1	V7/ii	c	III		V7/ii		V		7		ii			Mm7	1	0	3, 7, 4, 1		3	3
260	260	1465	1.0	1/4	1/4	4/4	4	1	V43/ii	c	III		V43/ii		V		43		ii			Mm7	1	0	4, 1, 3, 7		3	4
260	260	1466	1.0	1/2	1/2	4/4	4	1	V65/ii	c	III		V65/ii		V		65		ii			Mm7	1	0	7, 4, 1, 3		3	7
260	260	1467	1.0	3/4	3/4	4/4	4	1	V43/ii	c	III		V43/ii		V		43		ii			Mm7	1	0	4, 1, 3, 7		3	4
261	261	1468	4.0	0	0	4/4	4	1	V(64)/ii	c	III		V(64)/ii		V			64	ii			M	1	0	3, 2, -1		3	3
262	262	1472	1.0	0	0	4/4	4	1	V7/ii	c	III		V7/ii		V		7		ii			Mm7	1	0	3, 7, 4, 1		3	3
262	262	1473	1.0	1/4	1/4	4/4	4	1	V43/ii	c	III		V43/ii		V		43		ii			Mm7	1	0	4, 1, 3, 7		3	4
262	262	1474	1.0	1/2	1/2	4/4	4	1	V65/ii	c	III		V65/ii		V		65		ii			Mm7	1	0	7, 4, 1, 3		3	7
262	262	1475	1.0	3/4	3/4	4/4	4	1	V43/ii	c	III		V43/ii		V		43		ii			Mm7	1	0	4, 1, 3, 7		3	4
263	263	1476	4.0	0	0	4/4	4	1	ii	c	III		ii		ii							m	1	0	2, -1, 3		2	2
264	264	1480	4.0	0	0	4/4	4	1	#viio7/iii	c	III		#viio7/iii		#vii	o	7		iii			o7	1	0	9, 6, 3, 0		9	9
265	265	1484	4.0	0	0	4/4	4	1	iv64/iii	c	III		iv64/iii		iv		64		iii			m	1	0	4, 3, 0		3	4
266	266	1488	2.0	0	0	4/4	4	1	ii%7/iii	c	III		ii%7/iii		ii	%	7		iii			%7	1	0	6, 3, 0, 4		6	6
266	266	1490	2.0	1/2	1/2	4/4	4	1	#viio65/iii	c	III		#viio65/iii		#vii	o	65		iii			o7	1	0	6, 3, 0, 9		9	6
267	267	1492	2.0	0	0	4/4	4	1	iio/iii	c	III		iio/iii		ii	o			iii			o	1	0	6, 3, 0		6	6
267	267	1494	2.0	1/2	1/2	4/4	4	1	iv64/iii	c	III		iv64/iii		iv		64		iii			m	1	0	4, 3, 0		3	4
268	268	1496	2.0	0	0	4/4	4	1	ii%7/iii	c	III		ii%7/iii		ii	%	7		iii			%7	1	0	6, 3, 0, 4		6	6
268	268	1498	2.0	1/2	1/2	4/4	4	1	#viio65/iii	c	III		#viio65/iii		#vii	o	65		iii			o7	1	0	6, 3, 0, 9		9	6
269	269	1500	2.0	0	0	4/4	4	1	iio/iii	c	III		iio/iii		ii	o			iii			o	1	0	6, 3, 0		6	6
269	269	1502	2.0	1/2	1/2	4/4	4	1	iv64/iii	c	III		iv64/iii		iv		64		iii			m	1	0	4, 3, 0		3	4
270	270	1504	4.0	0	0	4/4	4	1	ii%7/iii	c	III		ii%7/iii		ii	%	7		iii			%7	1	0	6, 3, 0, 4		6	6
271	271	1508	7.0	0	0	4/4	4	1	#viio65/iii	c	III		#viio65/iii		#vii	o	65		iii			o7	1	0	6, 3, 0, 9		9	6
272	272	1515	1.0	3/4	3/4	4/4	4	1	I64	c	III		I64		I		64					M	1	0	1, 0, 4		0	1
273	273	1516	2.0	0	0	4/4	4	1	V43/V	c	III		V43/V		V		43		V			Mm7	1	0	3, 0, 2, 6		2	3
273	273	1518	2.0	1/2	1/2	4/4	4	1	V	c	III		V		V							M	1	0	1, 5, 2		1	1
274	274	1520	2.0	0	0	4/4	4	1	V2	c	III		V2		V		2					Mm7	1	0	-1, 1, 5, 2		1	-1
274	274	1522	2.0	1/2	1/2	4/4	4	1	I6	c	III		I6		I		6					M	1	0	4, 1, 0		0	4
275	275	1524	2.0	0	0	4/4	4	1	ii7(119)	c	III		ii7(119)		ii		7	119				mm7	1	0	2, -1, 3, 0	1, 4	2	2
275	275	1526	2.0	1/2	1/2	4/4	4	1	V7	c	III		V7		V		7					Mm7	1	0	1, 5, 2, -1		1	1
276	276	1528	2.0	0	0	4/4	4	1	I	c	III		I		I							M	1	0	0, 4, 1		0	0
276	276	1530	2.0	1/2	1/2	4/4	4	1	V6	c	III		V6		V		6					M	1	0	5, 2, 1		1	5
277	277	1532	2.0	0	0	4/4	4	1	V43/V	c	III		V43/V		V		43		V			Mm7	1	0	3, 0, 2, 6		2	3
277	277	1534	2.0	1/2	1/2	4/4	4	1	V	c	III		V		V							M	1	0	1, 5, 2		1	1
278	278	1536	2.0	0	0	4/4	4	1	V2	c	III		V2		V		2					Mm7	1	0	-1, 1, 5, 2		1	-1
278	278	1538	2.0	1/2	1/2	4/4	4	1	I6	c	III		I6		I		6					M	1	0	4, 1, 0		0	4
279	279	1540	2.0	0	0	4/4	4	1	ii7(119)	c	III		ii7(119)		ii		7	119				mm7	1	0	2, -1, 3, 0	1, 4	2	2
279	279	1542	2.0	1/2	1/2	4/4	4	1	V7	c	III		V7		V		7					Mm7	1	0	1, 5, 2, -1		1	1
280	280	1544	2.0	0	0	4/4	4	1	I\\	c	III		I		I						\\	M	1	0	0, 4, 1		0	0
280	280	1546	2.0	1/2	1/2	4/4	4	1	V43	c	III		V43		V		43					Mm7	1	0	2, -1, 1, 5		1	2
281	281	1548	2.0	0	0	4/4	4	1	I6	c	III		I6		I		6					M	1	0	4, 1, 0		0	4
281	281	1550	2.0	1/2	1/2	4/4	4	1	#viio65/ii	c	III		#viio65/ii		#vii	o	65		ii			o7	1	0	4, 1, -2, 7		7	4
282	282	1552	1.0	0	0	4/4	4	1	ii6	c	III		ii6		ii		6					m	1	0	-1, 3, 2		2	-1
282	282	1553	1.0	1/4	1/4	4/4	4	1	ii65	c	III		ii65		ii		65					mm7	1	0	-1, 3, 0, 2		2	-1
282	282	1554	1.0	1/2	1/2	4/4	4	1	ii(6)	c	III		ii(6)		ii			6				m	1	0	2, -1, 5		2	2
282	282	1555	1.0	3/4	3/4	4/4	4	1	ii	c	III		ii		ii							m	1	0	2, -1, 3		2	2
283	283	1556	1.0	0	0	4/4	4	1	V(964)	c	III		V(964)		V			964				M	1	0	1, 0, 4	3	1	1
283	283	1557	1.0	1/4	1/4	4/4	4	1	V(64)	c	III		V(64)		V			64				M	1	0	1, 0, 4		1	1
283	283	1558	2.0	1/2	1/2	4/4	4	1	V7	c	III		V7		V		7					Mm7	1	0	1, 5, 2, -1		1	1
284	284	1560	2.0	0	0	4/4	4	1	I\\	c	III		I		I						\\	M	1	0	0, 4, 1		0	0
284	284	1562	2.0	1/2	1/2	4/4	4	1	V43	c	III		V43		V		43					Mm7	1	0	2, -1, 1, 5		1	2
285	285	1564	2.0	0	0	4/4	4	1	I6	c	III		I6		I		6					M	1	0	4, 1, 0		0	4
285	285	1566	2.0	1/2	1/2	4/4	4	1	#viio65/ii	c	III		#viio65/ii		#vii	o	65		ii			o7	1	0	4, 1, -2, 7		7	4
286	286	1568	1.0	0	0	4/4	4	1	ii6	c	III		ii6		ii		6					m	1	0	-1, 3, 2		2	-1
286	286	1569	1.0	1/4	1/4	4/4	4	1	ii65	c	III		ii65		ii		65					mm7	1	0	-1, 3, 0, 2		2	-1
286	286	1570	1.0	1/2	1/2	4/4	4	1	viio7(11)/V	c	III		viio7(11)/V		vii	o	7	11	V			o7	1	0	6, 3, 0, -3	5	6	6
286	286	1571	1.0	3/4	3/4	4/4	4	1	viio7/V	c	III		viio7/V		vii	o	7		V			o7	1	0	6, 3, 0, -3		6	6
287	287	1572	1.0	0	0	4/4	4	1	V(964)	c	III		V(964)		V			964				M	1	0	1, 0, 4	3	1	1
287	287	1573	1.0	1/4	1/4	4/4	4	1	V(64)	c	III		V(64)		V			64				M	1	0	1, 0, 4		1	1
287	287	1574	1.0	1/2	1/2	4/4	4	1	V65/vi	c	III		V65/vi		V		65		vi			Mm7	1	0	8, 5, 2, 4		4	8
287	287	1575	1.0	3/4	3/4	4/4	4	1	V7/vi	c	III		V7/vi		V		7		vi			Mm7	1	0	4, 8, 5, 2		4	4
288	288	1576	1.0	0	0	4/4	4	1	vi	c	III		vi		vi							m	1	0	3, 0, 4		3	3
288	288	1577	1.0	1/4	1/4	4/4	4	1	vi64	c	III		vi64		vi		64					m	1	0	4, 3, 0		3	4
288	288	1578	1.0	1/2	1/2	4/4	4	1	V2/vi	c	III		V2/vi		V		2		vi			Mm7	1	0	2, 4, 8, 5		4	2
288	288	1579	1.0	3/4	3/4	4/4	4	1	V/vi	c	III		V/vi		V				vi			M	1	0	4, 8, 5		4	4
289	289	1580	1.0	0	0	4/4	4	1	V(64)/vi	c	III		V(64)/vi		V			64	vi			M	1	0	4, 3, 0		4	4
289	289	1581	3.0	1/4	1/4	4/4	4	1	V2/vi	c	III		V2/vi		V		2		vi			Mm7	1	0	2, 4, 8, 5		4	2
290	290	1584	1.0	0	0	4/4	4	1	vi6	c	III		vi6		vi		6					m	1	0	0, 4, 3		3	0
290	290	1585	3.0	1/4	1/4	4/4	4	1	V43/vi	c	III		V43/vi		V		43		vi			Mm7	1	0	5, 2, 4, 8		4	5
291	291	1588	4.0	0	0	4/4	4	1	vi	c	III		vi		vi							m	1	0	3, 0, 4		3	3
292	292	1592	1.0	0	0	4/4	4	1	ii65(13)	c	III		ii65(13)		ii		65	13				mm7	1	0	-1, 3, 0, 2	5	2	-1
292	292	1593	1.0	1/4	1/4	4/4	4	1	ii65	c	III		ii65		ii		65					mm7	1	0	-1, 3, 0, 2		2	-1
292	292	1594	2.0	1/2	1/2	4/4	4	1	ii7	c	III		ii7		ii		7					mm7	1	0	2, -1, 3, 0		2	2
293	293	1596	4.0	0	0	4/4	4	1	V(64)	c	III		V(64)		V			64				M	1	0	1, 0, 4		1	1
294	294	1600	4.0	0	0	4/4	4	1	V7	c	III		V7		V		7					Mm7	1	0	1, 5, 2, -1		1	1
295	295	1604	2.0	0	0	4/4	4	1	I[I\\	c	III	I	I		I						\\	M	1	0	0, 4, 1		0	0
295	295	1606	2.0	1/2	1/2	4/4	4	1	V2/IV	c	III	I	V2/IV		V		2		IV			Mm7	1	0	-2, 0, 4, 1		0	-2
296	296	1608	2.0	0	0	4/4	4	1	IV6	c	III	I	IV6		IV		6					M	1	0	3, 0, -1		-1	3
296	296	1610	2.0	1/2	1/2	4/4	4	1	V43/IV	c	III	I	V43/IV		V		43		IV			Mm7	1	0	1, -2, 0, 4		0	1
297	297	1612	1.0	0	0	4/4	4	1	viio7(b4)/V	c	III	I	viio7(b4)/V		vii	o	7	b4	V			o7	1	0	6, -2, 0, -3		6	6
297	297	1613	1.0	1/4	1/4	4/4	4	1	viio7/V	c	III	I	viio7/V		vii	o	7		V			o7	1	0	6, 3, 0, -3		6	6
297	297	1614	2.0	1/2	1/2	4/4	4	1	viio64	c	III	I	viio64		vii	o	64					o	1	0	-1, 5, 2		5	-1
298	298	1616	2.0	0	0	4/4	4	1	I6	c	III	I	I6		I		6					M	1	0	4, 1, 0		0	4
298	298	1618	2.0	1/2	1/2	4/4	4	1	V43	c	III	I	V43		V		43					Mm7	1	0	2, -1, 1, 5		1	2
299	299	1620	1.0	0	0	4/4	4	1	I(4)	c	III	I	I(4)		I			4				M	1	0	0, -1, 1		0	0
299	299	1621	1.0	1/4	1/4	4/4	4	1	I	c	III	I	I		I							M	1	0	0, 4, 1		0	0
299	299	1622	2.0	1/2	1/2	4/4	4	1	V2/IV	c	III	I	V2/IV		V		2		IV			Mm7	1	0	-2, 0, 4, 1		0	-2
300	300	1624	2.0	0	0	4/4	4	1	IV6	c	III	I	IV6		IV		6					M	1	0	3, 0, -1		-1	3
300	300	1626	2.0	1/2	1/2	4/4	4	1	V43/IV	c	III	I	V43/IV		V		43		IV			Mm7	1	0	1, -2, 0, 4		0	1
301	301	1628	1.0	0	0	4/4	4	1	viio7(b11)/V	c	III	I	viio7(b11)/V		vii	o	7	b11	V			o7	1	0	6, 3, 0, -3	-2	6	6
301	301	1629	1.0	1/4	1/4	4/4	4	1	viio7/V	c	III	I	viio7/V		vii	o	7		V			o7	1	0	6, 3, 0, -3		6	6
301	301	1630	2.0	1/2	1/2	4/4	4	1	V2	c	III	I	V2		V		2					Mm7	1	0	-1, 1, 5, 2		1	-1
302	302	1632	2.0	0	0	4/4	4	1	I6]	c	III	I	I6		I		6					M	1	0	4, 1, 0		0	4
302	302	1634	2.0	1/2	1/2	4/4	4	1	V43(+4)	c	III		V43(+4)		V		43	+4				Mm7	1	0	2, -1, 1, 5	0	1	2
303	303	1636	1.0	0	0	4/4	4	1	I(4)	c	III		I(4)		I			4				M	1	0	0, -1, 1		0	0
303	303	1637	3.0	1/4	1/4	4/4	4	1	I	c	III		I		I							M	1	0	0, 4, 1		0	0
304	304	1640	1.0	0	0	4/4	4	1	V(4)	c	III		V(4)		V			4				M	1	0	1, 0, 2		1	1
304	304	1641	1.0	1/4	1/4	4/4	4	1	V	c	III		V		V							M	1	0	1, 5, 2		1	1
304	304	1642	1.0	1/2	1/2	4/4	4	1	V7	c	III		V7		V		7					Mm7	1	0	1, 5, 2, -1		1	1
304	304	1643	1.0	3/4	3/4	4/4	4	1	V	c	III		V		V							M	1	0	1, 5, 2		1	1
305	305	1644	1.0	0	0	4/4	4	1	I(4)	c	III		I(4)		I			4				M	1	0	0, -1, 1		0	0
305	305	1645	3.0	1/4	1/4	4/4	4	1	I	c	III		I		I							M	1	0	0, 4, 1		0	0
306	306	1648	1.0	0	0	4/4	4	1	V7(4)	c	III		V7(4)		V		7	4				Mm7	1	0	1, 0, 2, -1		1	1
306	306	1649	2.0	1/4	1/4	4/4	4	1	V7	c	III		V7		V		7					Mm7	1	0	1, 5, 2, -1		1	1
306	306	1651	1.0	3/4	3/4	4/4	4	1	V	c	III		V		V							M	1	0	1, 5, 2		1	1
307	307	1652	28.0	0	0	4/4	4	1	I\\	c	III		I		I						\\	M	1	0	0, 4, 1		0	0
