mc	mn	mc_onset	mn_onset	timesig	staff	voice	label	globalkey	localkey	pedal	chord	special	numeral	form	figbass	changes	relativeroot	cadence	phraseend	chord_type	globalkey_is_minor	localkey_is_minor	chord_tones	added_tones	root	bass_note
1	1	0	0	4/4	4	1	Eb.I	Eb	I		I		I							M	0	0	0, 4, 1		0	0
1	1	1/2	1/2	4/4	4	1	V7/IV	Eb	I		V7/IV		V		7		IV			Mm7	0	0	0, 4, 1, -2		0	0
2	2	0	0	4/4	4	1	IV	Eb	I		IV		IV							M	0	0	-1, 3, 0		-1	-1
3	3	1/8	1/8	4/4	4	1	V2	Eb	I		V2		V		2					Mm7	0	0	-1, 1, 5, 2		1	-1
3	3	1/4	1/4	4/4	4	1	I6	Eb	I		I6		I		6					M	0	0	4, 1, 0		0	4
3	3	3/8	3/8	4/4	4	1	V43	Eb	I		V43		V		43					Mm7	0	0	2, -1, 1, 5		1	2
3	3	1/2	1/2	4/4	4	1	I(74)	Eb	I		I(74)		I			74				M	0	0	0, -1, 1	5	0	0
3	3	3/4	3/4	4/4	4	1	I\\	Eb	I		I		I						\\	M	0	0	0, 4, 1		0	0
4	4	0	0	4/4	4	1	iv6/iii	Eb	I		iv6/iii		iv		6		iii			m	0	0	0, 4, 3		3	0
5	5	0	0	4/4	4	1	V7/iii	Eb	I		V7/iii		V		7		iii			Mm7	0	0	5, 9, 6, 3		5	5
6	6	1/8	1/8	4/4	4	1	vi	Eb	I		vi		vi							m	0	0	3, 0, 4		3	3
6	6	1/4	1/4	4/4	4	1	vi6	Eb	I		vi6		vi		6					m	0	0	0, 4, 3		3	0
6	6	1/2	1/2	4/4	4	1	viio64/V	Eb	I		viio64/V		vii	o	64		V			o	0	0	0, 6, 3		6	0
6	6	3/4	3/4	4/4	4	1	#viio6/vi	Eb	I		#viio6/vi		#vii	o	6		vi			o	0	0	5, 2, 8		8	5
7	7	0	0	4/4	4	1	#viio6(2)/vi	Eb	I		#viio6(2)/vi		#vii	o	6	2	vi			o	0	0	5, 2, 3		8	5
7	7	1/4	1/4	4/4	4	1	V64(b5)/vi	Eb	I		V64(b5)/vi		V		64	b5	vi			M	0	0	-2, 4, 8		4	-2
7	7	1/2	1/2	4/4	4	1	V65(6)/ii	Eb	I		V65(6)/ii		V		65	6	ii			Mm7	0	0	7, -1, 1, 3		3	7
7	7	3/4	3/4	4/4	4	1	V65/ii	Eb	I		V65/ii		V		65		ii			Mm7	0	0	7, 4, 1, 3		3	7
8	8	0	0	4/4	4	1	ii(9)	Eb	I		ii(9)		ii			9				m	0	0	2, -1, 3	4	2	2
8	8	1/8	1/8	4/4	4	1	ii	Eb	I		ii		ii							m	0	0	2, -1, 3		2	2
8	8	1/4	1/4	4/4	4	1	ii6	Eb	I		ii6		ii		6					m	0	0	-1, 3, 2		2	-1
8	8	1/2	1/2	4/4	4	1	V7(4)	Eb	I		V7(4)		V		7	4				Mm7	0	0	1, 0, 2, -1		1	1
8	8	3/4	3/4	4/4	4	1	V7	Eb	I		V7		V		7					Mm7	0	0	1, 5, 2, -1		1	1
8	8	7/8	7/8	4/4	4	1	V7(9)	Eb	I		V7(9)		V		7	9				Mm7	0	0	1, 5, 2, -1	3	1	1
9	9	1/4	1/4	4/4	4	1	V6(6)	Eb	I		V6(6)		V		6	6				M	0	0	5, 4, 1		1	5
9	9	3/8	3/8	4/4	4	1	V65	Eb	I		V65		V		65					Mm7	0	0	5, 2, -1, 1		1	5
9	9	1/2	1/2	4/4	4	1	I(94)	Eb	I		I(94)		I			94				M	0	0	0, -1, 1	2	0	0
9	9	3/4	3/4	4/4	4	1	I\\	Eb	I		I		I						\\	M	0	0	0, 4, 1		0	0
9	9	7/8	7/8	4/4	4	1	vi	Eb	I		vi		vi							m	0	0	3, 0, 4		3	3
10	10	0	0	4/4	4	1	I6	Eb	I		I6		I		6					M	0	0	4, 1, 0		0	4
10	10	1/4	1/4	4/4	4	1	V43	Eb	I		V43		V		43					Mm7	0	0	2, -1, 1, 5		1	2
10	10	3/8	3/8	4/4	4	1	I	Eb	I		I		I							M	0	0	0, 4, 1		0	0
10	10	1/2	1/2	4/4	4	1	ii6(#7)	Eb	I		ii6(#7)		ii		6	#7				m	0	0	-1, 3, 7		2	-1
10	10	3/4	3/4	4/4	4	1	ii6	Eb	I		ii6		ii		6					m	0	0	-1, 3, 2		2	-1
10	10	7/8	7/8	4/4	4	1	I	Eb	I		I		I							M	0	0	0, 4, 1		0	0
11	11	0	0	4/4	4	1	vi6	Eb	I		vi6		vi		6					m	0	0	0, 4, 3		3	0
11	11	1/8	1/8	4/4	4	1	ii2	Eb	I		ii2		ii		2					mm7	0	0	0, 2, -1, 3		2	0
11	11	1/4	1/4	4/4	4	1	ii6	Eb	I		ii6		ii		6					m	0	0	-1, 3, 2		2	-1
11	11	3/8	3/8	4/4	4	1	bVII64	Eb	I		bVII64		bVII		64					M	0	0	-1, -2, 2		-2	-1
11	11	1/2	1/2	4/4	4	1	V43(4)/IV	Eb	I		V43(4)/IV		V		43	4	IV			Mm7	0	0	1, -2, 0, -1		0	1
11	11	3/4	3/4	4/4	4	1	V43/IV	Eb	I		V43/IV		V		43		IV			Mm7	0	0	1, -2, 0, 4		0	1
11	11	7/8	7/8	4/4	4	1	I	Eb	I		I		I							M	0	0	0, 4, 1		0	0
12	12	0	0	4/4	4	1	V7/IV	Eb	I		V7/IV		V		7		IV			Mm7	0	0	0, 4, 1, -2		0	0
12	12	1/4	1/4	4/4	4	1	viio6/IV	Eb	I		viio6/IV		vii	o	6		IV			o	0	0	1, -2, 4		4	1
12	12	1/2	1/2	4/4	4	1	V43/V	Eb	I		V43/V		V		43		V			Mm7	0	0	3, 0, 2, 6		2	3
12	12	3/4	3/4	4/4	4	1	viio6/V	Eb	I		viio6/V		vii	o	6		V			o	0	0	3, 0, 6		6	3
12	12	7/8	7/8	4/4	4	1	viio64/V	Eb	I		viio64/V		vii	o	64		V			o	0	0	0, 6, 3		6	0
13	13	0	0	4/4	4	1	iv6	Eb	I		iv6		iv		6					m	0	0	-4, 0, -1		-1	-4
13	13	1/8	1/8	4/4	4	1	iv64	Eb	I		iv64		iv		64					m	0	0	0, -1, -4		-1	0
13	13	3/8	3/8	4/4	4	1	iv6	Eb	I		iv6		iv		6					m	0	0	-4, 0, -1		-1	-4
13	13	1/2	1/2	4/4	4	1	I64	Eb	I		I64		I		64					M	0	0	1, 0, 4		0	1
13	13	5/8	5/8	4/4	4	1	I	Eb	I		I		I							M	0	0	0, 4, 1		0	0
13	13	7/8	7/8	4/4	4	1	I64	Eb	I		I64		I		64					M	0	0	1, 0, 4		0	1
14	14	0	0	4/4	4	1	viio7/V	Eb	I		viio7/V		vii	o	7		V			o7	0	0	6, 3, 0, -3		6	6
14	14	1/2	1/2	4/4	4	1	V2(4)	Eb	I		V2(4)		V		2	4				Mm7	0	0	-1, 1, 0, 2		1	-1
14	14	5/8	5/8	4/4	4	1	V2	Eb	I		V2		V		2					Mm7	0	0	-1, 1, 5, 2		1	-1
15	15	0	0	4/4	4	1	I6	Eb	I		I6		I		6					M	0	0	4, 1, 0		0	4
15	15	3/8	3/8	4/4	4	1	V7/vi	Eb	I		V7/vi		V		7		vi			Mm7	0	0	4, 8, 5, 2		4	4
15	15	1/2	1/2	4/4	4	1	IV(11)	Eb	I		IV(11)		IV			11				M	0	0	-1, 3, 0	5	-1	-1
15	15	3/4	3/4	4/4	4	1	IV	Eb	I		IV		IV							M	0	0	-1, 3, 0		-1	-1
16	16	3/4	3/4	4/4	4	1	ii	Eb	I		ii		ii							m	0	0	2, -1, 3		2	2
16	16	7/8	7/8	4/4	4	1	ii7	Eb	I		ii7		ii		7					mm7	0	0	2, -1, 3, 0		2	2
17	17	0	0	4/4	4	1	V43(4)	Eb	I		V43(4)		V		43	4				Mm7	0	0	2, -1, 1, 0		1	2
17	17	1/2	1/2	4/4	4	1	V43\\	Eb	I		V43		V		43				\\	Mm7	0	0	2, -1, 1, 5		1	2
18	17	0	3/4	4/4	4	1	I6	Eb	I		I6		I		6					M	0	0	4, 1, 0		0	4
19	18	0	0	4/4	4	1	vi	Eb	I		vi		vi							m	0	0	3, 0, 4		3	3
19	18	1/4	1/4	4/4	4	1	viio6/V	Eb	I		viio6/V		vii	o	6		V			o	0	0	3, 0, 6		6	3
19	18	1/2	1/2	4/4	4	1	V	Eb	I		V		V							M	0	0	1, 5, 2		1	1
20	19	0	0	4/4	4	1	IV(11)	Eb	I		IV(11)		IV			11				M	0	0	-1, 3, 0	5	-1	-1
20	19	1/4	1/4	4/4	4	1	vii%43	Eb	I		vii%43		vii	%	43					%7	0	0	-1, 3, 5, 2		5	-1
20	19	1/2	1/2	4/4	4	1	I6	Eb	I		I6		I		6					M	0	0	4, 1, 0		0	4
20	19	3/4	3/4	4/4	4	1	vi43	Eb	I		vi43		vi		43					mm7	0	0	4, 1, 3, 0		3	4
21	20	0	0	4/4	4	1	ii(94)	Eb	I		ii(94)		ii			94				m	0	0	2, 1, 3	4	2	2
21	20	1/2	1/2	4/4	4	1	V	Eb	I		V		V							M	0	0	1, 5, 2		1	1
21	20	3/4	3/4	4/4	4	1	V7	Eb	I		V7		V		7					Mm7	0	0	1, 5, 2, -1		1	1
22	21	0	0	4/4	4	1	I\\	Eb	I		I		I						\\	M	0	0	0, 4, 1		0	0
22	21	3/4	3/4	4/4	4	1	I6	Eb	I		I6		I		6					M	0	0	4, 1, 0		0	4
23	22	0	0	4/4	4	1	ii65(2)	Eb	I		ii65(2)		ii		65	2				mm7	0	0	-1, 3, 0, 4		2	-1
23	22	1/4	1/4	4/4	4	1	ii65	Eb	I		ii65		ii		65					mm7	0	0	-1, 3, 0, 2		2	-1
23	22	1/2	1/2	4/4	4	1	V43(9)/IV	Eb	I		V43(9)/IV		V		43	9	IV			Mm7	0	0	1, -2, 0, 4	2	0	1
23	22	3/4	3/4	4/4	4	1	V43/IV	Eb	I		V43/IV		V		43		IV			Mm7	0	0	1, -2, 0, 4		0	1
24	23	0	0	4/4	4	1	IV6(7)	Eb	I		IV6(7)		IV		6	7				M	0	0	3, 0, 4		-1	3
24	23	1/4	1/4	4/4	4	1	IV6	Eb	I		IV6		IV		6					M	0	0	3, 0, -1		-1	3
24	23	1/2	1/2	4/4	4	1	I(64)	Eb	I		I(64)		I			64				M	0	0	0, -1, 3		0	0
25	24	0	0	4/4	4	1	I	Eb	I		I		I							M	0	0	0, 4, 1		0	0
25	24	1/2	1/2	4/4	4	1	IV6	Eb	I		IV6		IV		6					M	0	0	3, 0, -1		-1	3
25	24	3/4	3/4	4/4	4	1	vii%7/V	Eb	I		vii%7/V		vii	%	7		V			%7	0	0	6, 3, 0, 4		6	6
26	25	0	0	4/4	4	1	V(64)	Eb	I		V(64)		V			64				M	0	0	1, 0, 4		1	1
26	25	1/2	1/2	4/4	4	1	V\\	Eb	I		V		V						\\	M	0	0	1, 5, 2		1	1
26	25	3/4	3/4	4/4	4	1	I6	Eb	I		I6		I		6					M	0	0	4, 1, 0		0	4
27	26	0	0	4/4	4	1	vi	Eb	I		vi		vi							m	0	0	3, 0, 4		3	3
27	26	1/4	1/4	4/4	4	1	viio6/V	Eb	I		viio6/V		vii	o	6		V			o	0	0	3, 0, 6		6	3
27	26	1/2	1/2	4/4	4	1	V	Eb	I		V		V							M	0	0	1, 5, 2		1	1
27	26	3/4	3/4	4/4	4	1	I	Eb	I		I		I							M	0	0	0, 4, 1		0	0
28	27	0	0	4/4	4	1	IV(11)	Eb	I		IV(11)		IV			11				M	0	0	-1, 3, 0	5	-1	-1
28	27	1/4	1/4	4/4	4	1	vii%43	Eb	I		vii%43		vii	%	43					%7	0	0	-1, 3, 5, 2		5	-1
28	27	1/2	1/2	4/4	4	1	I6	Eb	I		I6		I		6					M	0	0	4, 1, 0		0	4
28	27	3/4	3/4	4/4	4	1	vi	Eb	I		vi		vi							m	0	0	3, 0, 4		3	3
29	28	0	0	4/4	4	1	ii(94)	Eb	I		ii(94)		ii			94				m	0	0	2, 1, 3	4	2	2
29	28	1/4	1/4	4/4	4	1	ii7(94)	Eb	I		ii7(94)		ii		7	94				mm7	0	0	2, 1, 3, 0	4	2	2
29	28	1/2	1/2	4/4	4	1	V(6)	Eb	I		V(6)		V			6				M	0	0	1, 5, 4		1	1
29	28	3/4	3/4	4/4	4	1	V7	Eb	I		V7		V		7					Mm7	0	0	1, 5, 2, -1		1	1
30	29	0	0	4/4	4	1	I\\	Eb	I		I		I						\\	M	0	0	0, 4, 1		0	0
31	30	0	0	4/4	4	1	V2/IV	Eb	I		V2/IV		V		2		IV			Mm7	0	0	-2, 0, 4, 1		0	-2
32	31	0	0	4/4	4	1	IV6(14)	Eb	I		IV6(14)		IV		6	14				M	0	0	3, 0, -1	4	-1	3
32	31	1/4	1/4	4/4	4	1	IV6	Eb	I		IV6		IV		6					M	0	0	3, 0, -1		-1	3
33	32	0	0	4/4	4	1	V43/IV	Eb	I		V43/IV		V		43		IV			Mm7	0	0	1, -2, 0, 4		0	1
33	32	1/2	1/2	4/4	4	1	IV	Eb	I		IV		IV							M	0	0	-1, 3, 0		-1	-1
33	32	3/4	3/4	4/4	4	1	V+65/IV	Eb	I		V+65/IV		V	+	65		IV			+7	0	0	4, 8, -2, 0		0	4
34	33	0	0	4/4	4	1	IV(#9)	Eb	I		IV(#9)		IV			#9				M	0	0	-1, 3, 0	8	-1	-1
34	33	1/8	1/8	4/4	4	1	IV	Eb	I		IV		IV							M	0	0	-1, 3, 0		-1	-1
34	33	3/4	3/4	4/4	4	1	ii65	Eb	I		ii65		ii		65					mm7	0	0	-1, 3, 0, 2		2	-1
35	34	0	0	4/4	4	1	V2	Eb	I		V2		V		2					Mm7	0	0	-1, 1, 5, 2		1	-1
36	35	0	0	4/4	4	1	I6	Eb	I		I6		I		6					M	0	0	4, 1, 0		0	4
36	35	1/2	1/2	4/4	4	1	ii6	Eb	I		ii6		ii		6					m	0	0	-1, 3, 2		2	-1
37	36	0	0	4/4	4	1	V7	Eb	I		V7		V		7					Mm7	0	0	1, 5, 2, -1		1	1
37	36	1/4	1/4	4/4	4	1	V(64)	Eb	I		V(64)		V			64				M	0	0	1, 0, 4		1	1
37	36	1/2	1/2	4/4	4	1	V7(96)	Eb	I		V7(96)		V		7	96				Mm7	0	0	1, 5, 4, -1	3	1	1
37	36	3/4	3/4	4/4	4	1	V7(6)	Eb	I		V7(6)		V		7	6				Mm7	0	0	1, 5, 4, -1		1	1
37	36	7/8	7/8	4/4	4	1	V7	Eb	I		V7		V		7					Mm7	0	0	1, 5, 2, -1		1	1
38	37	0	0	4/4	4	1	I\\	Eb	I		I		I						\\	M	0	0	0, 4, 1		0	0
38	37	1/2	1/2	4/4	4	1	V2	Eb	I		V2		V		2					Mm7	0	0	-1, 1, 5, 2		1	-1
39	38	0	0	4/4	4	1	I6	Eb	I		I6		I		6					M	0	0	4, 1, 0		0	4
39	38	1/2	1/2	4/4	4	1	V65	Eb	I		V65		V		65					Mm7	0	0	5, 2, -1, 1		1	5
40	39	0	0	4/4	4	1	I	Eb	I		I		I							M	0	0	0, 4, 1		0	0
40	39	1/2	1/2	4/4	4	1	vi6	Eb	I		vi6		vi		6					m	0	0	0, 4, 3		3	0
41	40	0	0	4/4	4	1	V(4)	Eb	I		V(4)		V			4				M	0	0	1, 0, 2		1	1
41	40	1/4	1/4	4/4	4	1	V7(4)	Eb	I		V7(4)		V		7	4				Mm7	0	0	1, 0, 2, -1		1	1
41	40	1/2	1/2	4/4	4	1	V	Eb	I		V		V							M	0	0	1, 5, 2		1	1
41	40	3/4	3/4	4/4	4	1	V7	Eb	I		V7		V		7					Mm7	0	0	1, 5, 2, -1		1	1
42	41	0	0	4/4	4	1	I\\	Eb	I		I		I						\\	M	0	0	0, 4, 1		0	0
42	41	1/2	1/2	4/4	4	1	V2	Eb	I		V2		V		2					Mm7	0	0	-1, 1, 5, 2		1	-1
43	42	0	0	4/4	4	1	I6	Eb	I		I6		I		6					M	0	0	4, 1, 0		0	4
43	42	1/2	1/2	4/4	4	1	V7	Eb	I		V7		V		7					Mm7	0	0	1, 5, 2, -1		1	1
44	43	0	0	4/4	4	1	I	Eb	I		I		I							M	0	0	0, 4, 1		0	0
44	43	1/2	1/2	4/4	4	1	viio43(+2)/V	Eb	I		viio43(+2)/V		vii	o	43	+2	V			o7	0	0	0, -3, 6, 3	1	6	0
45	44	0	0	4/4	4	1	V(4)	Eb	I		V(4)		V			4				M	0	0	1, 0, 2		1	1
45	44	1/4	1/4	4/4	4	1	V7(4)	Eb	I		V7(4)		V		7	4				Mm7	0	0	1, 0, 2, -1		1	1
45	44	1/2	1/2	4/4	4	1	V	Eb	I		V		V							M	0	0	1, 5, 2		1	1
45	44	3/4	3/4	4/4	4	1	V7	Eb	I		V7		V		7					Mm7	0	0	1, 5, 2, -1		1	1
46	45	0	0	4/4	4	1	I\\	Eb	I		I		I						\\	M	0	0	0, 4, 1		0	0
46	45	1/2	1/2	4/4	4	1	vi6(#7)	Eb	I		vi6(#7)		vi		6	#7				m	0	0	0, 4, 8		3	0
47	46	0	0	4/4	4	1	vi6	Eb	I		vi6		vi		6					m	0	0	0, 4, 3		3	0
47	46	1/2	1/2	4/4	4	1	V65(6)/ii	Eb	I		V65(6)/ii		V		65	6	ii			Mm7	0	0	7, -1, 1, 3		3	7
47	46	3/4	3/4	4/4	4	1	V7/ii	Eb	I		V7/ii		V		7		ii			Mm7	0	0	3, 7, 4, 1		3	3
48	47	0	0	4/4	4	1	ii(9#7)	Eb	I		ii(9#7)		ii			9#7				m	0	0	2, -1, 3	4, 7	2	2
48	47	1/4	1/4	4/4	4	1	ii6	Eb	I		ii6		ii		6					m	0	0	-1, 3, 2		2	-1
48	47	1/2	1/2	4/4	4	1	V.bIII6	Eb	V		bIII6		bIII		6					M	0	0	1, -2, -3		-3	1
49	48	0	0	4/4	4	1	viio6/IV	Eb	V		viio6/IV		vii	o	6		IV			o	0	0	1, -2, 4		4	1
49	48	1/2	1/2	4/4	4	1	V6(13)/vi	Eb	V		V6(13)/vi		V		6	13	vi			M	0	0	8, 5, 4	0	4	8
49	48	3/4	3/4	4/4	4	1	V7/vi	Eb	V		V7/vi		V		7		vi			Mm7	0	0	4, 8, 5, 2		4	4
50	49	0	0	4/4	4	1	vi(9#74)	Eb	V		vi(9#74)		vi			9#74				m	0	0	3, 2, 4	5, 8	3	3
50	49	1/4	1/4	4/4	4	1	vi	Eb	V		vi		vi							m	0	0	3, 0, 4		3	3
50	49	1/2	1/2	4/4	4	1	V2/vi	Eb	V		V2/vi		V		2		vi			Mm7	0	0	2, 4, 8, 5		4	2
51	50	0	0	4/4	4	1	vi6	Eb	V		vi6		vi		6					m	0	0	0, 4, 3		3	0
51	50	1/4	1/4	4/4	4	1	V(64)/vi	Eb	V		V(64)/vi		V			64	vi			M	0	0	4, 3, 0		4	4
51	50	1/2	1/2	4/4	4	1	V65/vi	Eb	V		V65/vi		V		65		vi			Mm7	0	0	8, 5, 2, 4		4	8
51	50	3/4	3/4	4/4	4	1	V7/vi	Eb	V		V7/vi		V		7		vi			Mm7	0	0	4, 8, 5, 2		4	4
52	51	0	0	4/4	4	1	vi	Eb	V		vi		vi							m	0	0	3, 0, 4		3	3
52	51	1/2	1/2	4/4	4	1	V2/vi	Eb	V		V2/vi		V		2		vi			Mm7	0	0	2, 4, 8, 5		4	2
53	52	0	0	4/4	4	1	vi	Eb	V		vi		vi							m	0	0	3, 0, 4		3	3
53	52	1/4	1/4	4/4	4	1	vi6	Eb	V		vi6		vi		6					m	0	0	0, 4, 3		3	0
53	52	1/2	1/2	4/4	4	1	V65/vi	Eb	V		V65/vi		V		65		vi			Mm7	0	0	8, 5, 2, 4		4	8
53	52	3/4	3/4	4/4	4	1	V7/vi	Eb	V		V7/vi		V		7		vi			Mm7	0	0	4, 8, 5, 2		4	4
54	53	0	0	4/4	4	1	vi	Eb	V		vi		vi							m	0	0	3, 0, 4		3	3
54	53	3/4	3/4	4/4	4	1	#viio/vi	Eb	V		#viio/vi		#vii	o			vi			o	0	0	8, 5, 2		8	8
55	54	0	0	4/4	4	1	vi	Eb	V		vi		vi							m	0	0	3, 0, 4		3	3
56	55	0	0	4/4	4	1	viio65/V	Eb	V		viio65/V		vii	o	65		V			o7	0	0	3, 0, -3, 6		6	3
58	57	0	0	4/4	4	1	V65	Eb	V		V65		V		65					Mm7	0	0	5, 2, -1, 1		1	5
60	59	0	0	4/4	4	1	V[I	Eb	V	V	I		I							M	0	0	0, 4, 1		0	0
60	59	1/2	1/2	4/4	4	1	V43	Eb	V	V	V43		V		43					Mm7	0	0	2, -1, 1, 5		1	2
61	60	0	0	4/4	4	1	I6	Eb	V	V	I6		I		6					M	0	0	4, 1, 0		0	4
61	60	1/2	1/2	4/4	4	1	V65	Eb	V	V	V65		V		65					Mm7	0	0	5, 2, -1, 1		1	5
62	61	0	0	4/4	4	1	I	Eb	V	V	I		I							M	0	0	0, 4, 1		0	0
62	61	1/2	1/2	4/4	4	1	V43	Eb	V	V	V43		V		43					Mm7	0	0	2, -1, 1, 5		1	2
63	62	0	0	4/4	4	1	I6	Eb	V	V	I6		I		6					M	0	0	4, 1, 0		0	4
63	62	1/2	1/2	4/4	4	1	V65]	Eb	V	V	V65		V		65					Mm7	0	0	5, 2, -1, 1		1	5
64	63	0	0	4/4	4	1	I	Eb	V		I		I							M	0	0	0, 4, 1		0	0
64	63	1/2	1/2	4/4	4	1	V65/ii	Eb	V		V65/ii		V		65		ii			Mm7	0	0	7, 4, 1, 3		3	7
64	63	3/4	3/4	4/4	4	1	V7/ii	Eb	V		V7/ii		V		7		ii			Mm7	0	0	3, 7, 4, 1		3	3
65	64	0	0	4/4	4	1	ii	Eb	V		ii		ii							m	0	0	2, -1, 3		2	2
65	64	1/2	1/2	4/4	4	1	V65/IV	Eb	V		V65/IV		V		65		IV			Mm7	0	0	4, 1, -2, 0		0	4
65	64	3/4	3/4	4/4	4	1	V7/IV	Eb	V		V7/IV		V		7		IV			Mm7	0	0	0, 4, 1, -2		0	0
66	65	0	0	4/4	4	1	IV	Eb	V		IV		IV							M	0	0	-1, 3, 0		-1	-1
66	65	1/4	1/4	4/4	4	1	I6	Eb	V		I6		I		6					M	0	0	4, 1, 0		0	4
66	65	1/2	1/2	4/4	4	1	ii65	Eb	V		ii65		ii		65					mm7	0	0	-1, 3, 0, 2		2	-1
66	65	3/4	3/4	4/4	4	1	I6	Eb	V		I6		I		6					M	0	0	4, 1, 0		0	4
67	66	0	0	4/4	4	1	ii	Eb	V		ii		ii							m	0	0	2, -1, 3		2	2
67	66	1/2	1/2	4/4	4	1	V7	Eb	V		V7		V		7					Mm7	0	0	1, 5, 2, -1		1	1
68	67	0	0	4/4	4	1	I64	Eb	V		I64		I		64					M	0	0	1, 0, 4		0	1
68	67	1/4	1/4	4/4	4	1	V	Eb	V		V		V							M	0	0	1, 5, 2		1	1
68	67	1/2	1/2	4/4	4	1	V7	Eb	V		V7		V		7					Mm7	0	0	1, 5, 2, -1		1	1
68	67	3/4	3/4	4/4	4	1	V64	Eb	V		V64		V		64					M	0	0	2, 1, 5		1	2
69	68	0	0	4/4	4	1	I	Eb	V		I		I							M	0	0	0, 4, 1		0	0
69	68	1/4	1/4	4/4	4	1	vi7	Eb	V		vi7		vi		7					mm7	0	0	3, 0, 4, 1		3	3
69	68	1/2	1/2	4/4	4	1	V	Eb	V		V		V							M	0	0	1, 5, 2		1	1
69	68	3/4	3/4	4/4	4	1	V2	Eb	V		V2		V		2					Mm7	0	0	-1, 1, 5, 2		1	-1
70	69	0	0	4/4	4	1	I6	Eb	V		I6		I		6					M	0	0	4, 1, 0		0	4
70	69	1/4	1/4	4/4	4	1	I64	Eb	V		I64		I		64					M	0	0	1, 0, 4		0	1
70	69	1/2	1/2	4/4	4	1	V2	Eb	V		V2		V		2					Mm7	0	0	-1, 1, 5, 2		1	-1
70	69	3/4	3/4	4/4	4	1	V64	Eb	V		V64		V		64					M	0	0	2, 1, 5		1	2
71	70	0	0	4/4	4	1	I	Eb	V		I		I							M	0	0	0, 4, 1		0	0
71	70	1/4	1/4	4/4	4	1	vi	Eb	V		vi		vi							m	0	0	3, 0, 4		3	3
71	70	1/2	1/2	4/4	4	1	V7	Eb	V		V7		V		7					Mm7	0	0	1, 5, 2, -1		1	1
71	70	3/4	3/4	4/4	4	1	V2	Eb	V		V2		V		2					Mm7	0	0	-1, 1, 5, 2		1	-1
72	71	0	0	4/4	4	1	I6	Eb	V		I6		I		6					M	0	0	4, 1, 0		0	4
72	71	1/2	1/2	4/4	4	1	V65/IV	Eb	V		V65/IV		V		65		IV			Mm7	0	0	4, 1, -2, 0		0	4
73	72	0	0	4/4	4	1	iv	Eb	V		iv		iv							m	0	0	-1, -4, 0		-1	-1
73	72	1/2	1/2	4/4	4	1	V2/iv	Eb	V		V2/iv		V		2		iv			Mm7	0	0	-2, 0, 4, 1		0	-2
74	73	0	0	4/4	4	1	iv6	Eb	V		iv6		iv		6					m	0	0	-4, 0, -1		-1	-4
74	73	1/2	1/2	4/4	4	1	V65/iv	Eb	V		V65/iv		V		65		iv			Mm7	0	0	4, 1, -2, 0		0	4
75	74	0	0	4/4	4	1	iv	Eb	V		iv		iv							m	0	0	-1, -4, 0		-1	-1
75	74	1/2	1/2	4/4	4	1	V64/iv	Eb	V		V64/iv		V		64		iv			M	0	0	1, 0, 4		0	1
76	75	0	0	4/4	4	1	iv6	Eb	V		iv6		iv		6					m	0	0	-4, 0, -1		-1	-4
76	75	1/2	1/2	4/4	4	1	iv65	Eb	V		iv65		iv		65					mm7	0	0	-4, 0, -3, -1		-1	-4
77	76	0	0	4/4	4	1	viio65/V	Eb	V		viio65/V		vii	o	65		V			o7	0	0	3, 0, -3, 6		6	3
78	77	0	0	4/4	4	1	bIII64	Eb	V		bIII64		bIII		64					M	0	0	-2, -3, 1		-3	-2
79	78	0	0	4/4	4	1	viio65/bVII	Eb	V		viio65/bVII		vii	o	65		bVII			o7	0	0	0, -3, -6, 3		3	0
80	79	0	0	4/4	4	1	bVII6	Eb	V		bVII6		bVII		6					M	0	0	2, -1, -2		-2	2
80	79	1/2	1/2	4/4	4	1	V65/bIII	Eb	V		V65/bIII		V		65		bIII			Mm7	0	0	2, -1, -4, -2		-2	2
81	80	0	0	4/4	4	1	Ger6/iv	Eb	V		Ger6/iv	Ger	vii	o	65	b3	V/iv			Ger	0	0	-5, -1, -4, 5		5	-5
81	80	1/2	1/2	4/4	4	1	iv64	Eb	V		iv64		iv		64					m	0	0	0, -1, -4		-1	0
82	81	0	0	4/4	4	1	viio7	Eb	V		viio7		vii	o	7					o7	0	0	5, 2, -1, -4		5	5
83	82	1/2	1/2	4/4	4	1	viio2	Eb	V		viio2		vii	o	2					o7	0	0	-4, 5, 2, -1		5	-4
84	83	0	0	4/4	4	1	V7	Eb	V		V7		V		7					Mm7	0	0	1, 5, 2, -1		1	1
84	83	1/2	1/2	4/4	4	1	V7(b9)	Eb	V		V7(b9)		V		7	b9				Mm7	0	0	1, 5, 2, -1	-4	1	1
85	84	0	0	4/4	4	1	V7	Eb	V		V7		V		7					Mm7	0	0	1, 5, 2, -1		1	1
85	84	1/2	1/2	4/4	4	1	V	Eb	V		V		V							M	0	0	1, 5, 2		1	1
86	85	0	0	4/4	4	1	I6	Eb	V		I6		I		6					M	0	0	4, 1, 0		0	4
87	86	0	0	4/4	4	1	viio6(2)/V	Eb	V		viio6(2)/V		vii	o	6	2	V			o	0	0	3, 0, 1		6	3
87	86	1/4	1/4	4/4	4	1	viio6/V	Eb	V		viio6/V		vii	o	6		V			o	0	0	3, 0, 6		6	3
87	86	1/2	1/2	4/4	4	1	V	Eb	V		V		V							M	0	0	1, 5, 2		1	1
88	87	0	0	4/4	4	1	IV(11)	Eb	V		IV(11)		IV			11				M	0	0	-1, 3, 0	5	-1	-1
88	87	1/4	1/4	4/4	4	1	vii%43	Eb	V		vii%43		vii	%	43					%7	0	0	-1, 3, 5, 2		5	-1
88	87	1/2	1/2	4/4	4	1	I6	Eb	V		I6		I		6					M	0	0	4, 1, 0		0	4
88	87	3/4	3/4	4/4	4	1	vi43	Eb	V		vi43		vi		43					mm7	0	0	4, 1, 3, 0		3	4
89	88	0	0	4/4	4	1	ii(94)	Eb	V		ii(94)		ii			94				m	0	0	2, 1, 3	4	2	2
89	88	1/2	1/2	4/4	4	1	V	Eb	V		V		V							M	0	0	1, 5, 2		1	1
89	88	3/4	3/4	4/4	4	1	V7	Eb	V		V7		V		7					Mm7	0	0	1, 5, 2, -1		1	1
90	89	0	0	4/4	4	1	I\\	Eb	V		I		I						\\	M	0	0	0, 4, 1		0	0
90	89	1/2	1/2	4/4	4	1	V	Eb	V		V		V							M	0	0	1, 5, 2		1	1
90	89	3/4	3/4	4/4	4	1	V7	Eb	V		V7		V		7					Mm7	0	0	1, 5, 2, -1		1	1
91	90	0	0	4/4	4	1	vi	Eb	V		vi		vi							m	0	0	3, 0, 4		3	3
91	90	1/2	1/2	4/4	4	1	I6(14)	Eb	V		I6(14)		I		6	14				M	0	0	4, 1, 0	5	0	4
91	90	3/4	3/4	4/4	4	1	I6	Eb	V		I6		I		6					M	0	0	4, 1, 0		0	4
92	91	0	0	4/4	4	1	IV(4)	Eb	V		IV(4)		IV			4				M	0	0	-1, 5, 0		-1	-1
92	91	1/4	1/4	4/4	4	1	IV	Eb	V		IV		IV							M	0	0	-1, 3, 0		-1	-1
92	91	1/2	1/2	4/4	4	1	I	Eb	V		I		I							M	0	0	0, 4, 1		0	0
92	91	3/4	3/4	4/4	4	1	I(134)	Eb	V		I(134)		I			134				M	0	0	0, -1, 1	3	0	0
93	92	0	0	4/4	4	1	V(64)	Eb	V		V(64)		V			64				M	0	0	1, 0, 4		1	1
93	92	1/2	1/2	4/4	4	1	V	Eb	V		V		V							M	0	0	1, 5, 2		1	1
93	92	3/4	3/4	4/4	4	1	V7	Eb	V		V7		V		7					Mm7	0	0	1, 5, 2, -1		1	1
94	93	0	0	4/4	4	1	I\\	Eb	V		I		I						\\	M	0	0	0, 4, 1		0	0
95	93	0	3/4	4/4	4	1	I.I6	Eb	I		I6		I		6					M	0	0	4, 1, 0		0	4
96	94	0	0	4/4	4	1	vi	Eb	I		vi		vi							m	0	0	3, 0, 4		3	3
96	94	1/4	1/4	4/4	4	1	viio6/V	Eb	I		viio6/V		vii	o	6		V			o	0	0	3, 0, 6		6	3
96	94	1/2	1/2	4/4	4	1	V	Eb	I		V		V							M	0	0	1, 5, 2		1	1
97	95	0	0	4/4	4	1	IV(11)	Eb	I		IV(11)		IV			11				M	0	0	-1, 3, 0	5	-1	-1
97	95	1/4	1/4	4/4	4	1	vii%43	Eb	I		vii%43		vii	%	43					%7	0	0	-1, 3, 5, 2		5	-1
97	95	1/2	1/2	4/4	4	1	I6	Eb	I		I6		I		6					M	0	0	4, 1, 0		0	4
97	95	3/4	3/4	4/4	4	1	vi43	Eb	I		vi43		vi		43					mm7	0	0	4, 1, 3, 0		3	4
98	96	0	0	4/4	4	1	ii(94)	Eb	I		ii(94)		ii			94				m	0	0	2, 1, 3	4	2	2
98	96	1/2	1/2	4/4	4	1	V	Eb	I		V		V							M	0	0	1, 5, 2		1	1
98	96	3/4	3/4	4/4	4	1	V7	Eb	I		V7		V		7					Mm7	0	0	1, 5, 2, -1		1	1
99	97	0	0	4/4	4	1	I\\	Eb	I		I		I						\\	M	0	0	0, 4, 1		0	0
99	97	3/4	3/4	4/4	4	1	I6	Eb	I		I6		I		6					M	0	0	4, 1, 0		0	4
100	98	0	0	4/4	4	1	ii65(2)	Eb	I		ii65(2)		ii		65	2				mm7	0	0	-1, 3, 0, 4		2	-1
100	98	1/4	1/4	4/4	4	1	ii65	Eb	I		ii65		ii		65					mm7	0	0	-1, 3, 0, 2		2	-1
100	98	1/2	1/2	4/4	4	1	V43(9)/IV	Eb	I		V43(9)/IV		V		43	9	IV			Mm7	0	0	1, -2, 0, 4	2	0	1
100	98	3/4	3/4	4/4	4	1	V43/IV	Eb	I		V43/IV		V		43		IV			Mm7	0	0	1, -2, 0, 4		0	1
101	99	0	0	4/4	4	1	IV6(7)	Eb	I		IV6(7)		IV		6	7				M	0	0	3, 0, 4		-1	3
101	99	1/4	1/4	4/4	4	1	IV6	Eb	I		IV6		IV		6					M	0	0	3, 0, -1		-1	3
101	99	1/2	1/2	4/4	4	1	I(64)	Eb	I		I(64)		I			64				M	0	0	0, -1, 3		0	0
102	100	0	0	4/4	4	1	I	Eb	I		I		I							M	0	0	0, 4, 1		0	0
102	100	1/2	1/2	4/4	4	1	ii43	Eb	I		ii43		ii		43					mm7	0	0	3, 0, 2, -1		2	3
102	100	3/4	3/4	4/4	4	1	vii%7/V	Eb	I		vii%7/V		vii	%	7		V			%7	0	0	6, 3, 0, 4		6	6
103	101	0	0	4/4	4	1	V(64)	Eb	I		V(64)		V			64				M	0	0	1, 0, 4		1	1
103	101	1/2	1/2	4/4	4	1	V6\\	Eb	I		V6		V		6				\\	M	0	0	5, 2, 1		1	5
103	101	3/4	3/4	4/4	4	1	I6	Eb	I		I6		I		6					M	0	0	4, 1, 0		0	4
104	102	0	0	4/4	4	1	vi	Eb	I		vi		vi							m	0	0	3, 0, 4		3	3
104	102	1/2	1/2	4/4	4	1	V/vi	Eb	I		V/vi		V				vi			M	0	0	4, 8, 5		4	4
104	102	3/4	3/4	4/4	4	1	V7(6)/vi	Eb	I		V7(6)/vi		V		7	6	vi			Mm7	0	0	4, 8, 0, 2		4	4
105	103	0	0	4/4	4	1	IV(11)	Eb	I		IV(11)		IV			11				M	0	0	-1, 3, 0	5	-1	-1
105	103	1/4	1/4	4/4	4	1	IV	Eb	I		IV		IV							M	0	0	-1, 3, 0		-1	-1
105	103	1/2	1/2	4/4	4	1	V65/ii	Eb	I		V65/ii		V		65		ii			Mm7	0	0	7, 4, 1, 3		3	7
105	103	3/4	3/4	4/4	4	1	V6(6)/ii	Eb	I		V6(6)/ii		V		6	6	ii			M	0	0	7, -1, 3		3	7
106	104	0	0	4/4	4	1	V43/ii	Eb	I		V43/ii		V		43		ii			Mm7	0	0	4, 1, 3, 7		3	4
106	104	1/2	1/2	4/4	4	1	ii(94)	Eb	I		ii(94)		ii			94				m	0	0	2, 1, 3	4	2	2
106	104	3/4	3/4	4/4	4	1	ii	Eb	I		ii		ii							m	0	0	2, -1, 3		2	2
107	105	0	0	4/4	4	1	V/ii\\	Eb	I		V/ii		V				ii		\\	M	0	0	3, 7, 4		3	3
108	106	0	0	4/4	4	1	V7/ii	Eb	I		V7/ii		V		7		ii			Mm7	0	0	3, 7, 4, 1		3	3
109	107	0	0	4/4	4	1	V(64)/ii	Eb	I		V(64)/ii		V			64	ii			M	0	0	3, 2, -1		3	3
110	108	0	0	4/4	4	1	V7/ii	Eb	I		V7/ii		V		7		ii			Mm7	0	0	3, 7, 4, 1		3	3
110	108	1/4	1/4	4/4	4	1	V43/ii	Eb	I		V43/ii		V		43		ii			Mm7	0	0	4, 1, 3, 7		3	4
110	108	1/2	1/2	4/4	4	1	V65/ii	Eb	I		V65/ii		V		65		ii			Mm7	0	0	7, 4, 1, 3		3	7
110	108	3/4	3/4	4/4	4	1	V43/ii	Eb	I		V43/ii		V		43		ii			Mm7	0	0	4, 1, 3, 7		3	4
111	109	0	0	4/4	4	1	V(64)/ii	Eb	I		V(64)/ii		V			64	ii			M	0	0	3, 2, -1		3	3
112	110	0	0	4/4	4	1	V7/ii	Eb	I		V7/ii		V		7		ii			Mm7	0	0	3, 7, 4, 1		3	3
112	110	1/4	1/4	4/4	4	1	V43/ii	Eb	I		V43/ii		V		43		ii			Mm7	0	0	4, 1, 3, 7		3	4
112	110	1/2	1/2	4/4	4	1	V65/ii	Eb	I		V65/ii		V		65		ii			Mm7	0	0	7, 4, 1, 3		3	7
112	110	3/4	3/4	4/4	4	1	V7/ii	Eb	I		V7/ii		V		7		ii			Mm7	0	0	3, 7, 4, 1		3	3
113	111	0	0	4/4	4	1	ii	Eb	I		ii		ii							m	0	0	2, -1, 3		2	2
114	112	0	0	4/4	4	1	#viio7/iii	Eb	I		#viio7/iii		#vii	o	7		iii			o7	0	0	9, 6, 3, 0		9	9
115	113	0	0	4/4	4	1	iv64/iii	Eb	I		iv64/iii		iv		64		iii			m	0	0	4, 3, 0		3	4
116	114	0	0	4/4	4	1	#viio65(2)/iii	Eb	I		#viio65(2)/iii		#vii	o	65	2	iii			o7	0	0	6, 3, 0, 4		9	6
116	114	1/2	1/2	4/4	4	1	#viio65/iii	Eb	I		#viio65/iii		#vii	o	65		iii			o7	0	0	6, 3, 0, 9		9	6
117	115	0	0	4/4	4	1	iii	Eb	I		iii		iii							m	0	0	4, 1, 5		4	4
118	116	0	0	4/4	4	1	V43/iii	Eb	I		V43/iii		V		43		iii			Mm7	0	0	6, 3, 5, 9		5	6
118	116	1/2	1/2	4/4	4	1	V65/iii	Eb	I		V65/iii		V		65		iii			Mm7	0	0	9, 6, 3, 5		5	9
119	117	0	0	4/4	4	1	iii	Eb	I		iii		iii							m	0	0	4, 1, 5		4	4
120	118	0	0	4/4	4	1	V43/iii	Eb	I		V43/iii		V		43		iii			Mm7	0	0	6, 3, 5, 9		5	6
120	118	1/2	1/2	4/4	4	1	V65/iii	Eb	I		V65/iii		V		65		iii			Mm7	0	0	9, 6, 3, 5		5	9
121	119	0	0	4/4	4	1	iii	Eb	I		iii		iii							m	0	0	4, 1, 5		4	4
122	120	0	0	4/4	4	1	#iv.#viio7	Eb	#iv		#viio7		#vii	o	7					o7	0	1	5, 2, -1, -4		5	5
123	121	0	0	4/4	4	1	iv64	Eb	#iv		iv64		iv		64					m	0	1	0, -1, -4		-1	0
124	122	0	0	4/4	4	1	#viio65(2)	Eb	#iv		#viio65(2)		#vii	o	65	2				o7	0	1	2, -1, -4, 0		5	2
124	122	1/2	1/2	4/4	4	1	#viio65	Eb	#iv		#viio65		#vii	o	65					o7	0	1	2, -1, -4, 5		5	2
125	123	0	0	4/4	4	1	V7	Eb	#iv		V7		V		7					Mm7	0	1	1, 5, 2, -1		1	1
126	124	0	0	4/4	4	1	V(64)	Eb	#iv		V(64)		V			64				M	0	1	1, 0, -3		1	1
126	124	1/2	1/2	4/4	4	1	V7	Eb	#iv		V7		V		7					Mm7	0	1	1, 5, 2, -1		1	1
127	125	0	0	4/4	4	1	V(64)	Eb	#iv		V(64)		V			64				M	0	1	1, 0, -3		1	1
127	125	1/2	1/2	4/4	4	1	V7	Eb	#iv		V7		V		7					Mm7	0	1	1, 5, 2, -1		1	1
128	126	0	0	4/4	4	1	V(64)	Eb	#iv		V(64)		V			64				M	0	1	1, 0, -3		1	1
128	126	1/2	1/2	4/4	4	1	V7	Eb	#iv		V7		V		7					Mm7	0	1	1, 5, 2, -1		1	1
129	127	0	0	4/4	4	1	i6	Eb	#iv		i6		i		6					m	0	1	-3, 1, 0		0	-3
129	127	1/2	1/2	4/4	4	1	V2	Eb	#iv		V2		V		2					Mm7	0	1	-1, 1, 5, 2		1	-1
129	127	3/4	3/4	4/4	4	1	#viio6	Eb	#iv		#viio6		#vii	o	6					o	0	1	2, -1, 5		5	2
130	128	0	0	4/4	4	1	i	Eb	#iv		i		i							m	0	1	0, -3, 1		0	0
130	128	1/4	1/4	4/4	4	1	VIM7	Eb	#iv		VIM7		VI	M	7					MM7	0	1	-4, 0, -3, 1		-4	-4
130	128	1/2	1/2	4/4	4	1	V	Eb	#iv		V		V							M	0	1	1, 5, 2		1	1
130	128	3/4	3/4	4/4	4	1	V2	Eb	#iv		V2		V		2					Mm7	0	1	-1, 1, 5, 2		1	-1
131	129	0	0	4/4	4	1	i6	Eb	#iv		i6		i		6					m	0	1	-3, 1, 0		0	-3
131	129	1/4	1/4	4/4	4	1	V(64)	Eb	#iv		V(64)		V			64				M	0	1	1, 0, -3		1	1
131	129	1/2	1/2	4/4	4	1	V2	Eb	#iv		V2		V		2					Mm7	0	1	-1, 1, 5, 2		1	-1
131	129	3/4	3/4	4/4	4	1	V43	Eb	#iv		V43		V		43					Mm7	0	1	2, -1, 1, 5		1	2
132	130	0	0	4/4	4	1	i	Eb	#iv		i		i							m	0	1	0, -3, 1		0	0
132	130	1/4	1/4	4/4	4	1	VIM7	Eb	#iv		VIM7		VI	M	7					MM7	0	1	-4, 0, -3, 1		-4	-4
132	130	1/2	1/2	4/4	4	1	V7	Eb	#iv		V7		V		7					Mm7	0	1	1, 5, 2, -1		1	1
132	130	3/4	3/4	4/4	4	1	V2	Eb	#iv		V2		V		2					Mm7	0	1	-1, 1, 5, 2		1	-1
133	131	0	0	4/4	4	1	i6	Eb	#iv		i6		i		6					m	0	1	-3, 1, 0		0	-3
133	131	1/2	1/2	4/4	4	1	i7	Eb	#iv		i7		i		7					mm7	0	1	0, -3, 1, -2		0	0
133	131	3/4	3/4	4/4	4	1	i	Eb	#iv		i		i							m	0	1	0, -3, 1		0	0
134	132	0	0	4/4	4	1	iv(4)	Eb	#iv		iv(4)		iv			4				m	0	1	-1, -2, 0		-1	-1
134	132	1/4	1/4	4/4	4	1	iv	Eb	#iv		iv		iv							m	0	1	-1, -4, 0		-1	-1
134	132	1/2	1/2	4/4	4	1	V(64)	Eb	#iv		V(64)		V			64				M	0	1	1, 0, -3		1	1
134	132	3/4	3/4	4/4	4	1	V7(9)	Eb	#iv		V7(9)		V		7	9				Mm7	0	1	1, 5, 2, -1	-4	1	1
135	133	0	0	4/4	4	1	i	Eb	#iv		i		i							m	0	1	0, -3, 1		0	0
135	133	1/2	1/2	4/4	4	1	iv64	Eb	#iv		iv64		iv		64					m	0	1	0, -1, -4		-1	0
135	133	3/4	3/4	4/4	4	1	v6(+4)	Eb	#iv		v6(+4)		v		6	+4				m	0	1	-2, 2, 1	0	1	-2
136	134	0	0	4/4	4	1	V7(94)	Eb	#iv		V7(94)		V		7	94				Mm7	0	1	1, 0, 2, -1	-4	1	1
136	134	1/4	1/4	4/4	4	1	V(64)	Eb	#iv		V(64)		V			64				M	0	1	1, 0, -3		1	1
136	134	1/2	1/2	4/4	4	1	#viio64	Eb	#iv		#viio64		#vii	o	64					o	0	1	-1, 5, 2		5	-1
136	134	3/4	3/4	4/4	4	1	V(64)	Eb	#iv		V(64)		V			64				M	0	1	1, 0, -3		1	1
137	135	0	0	4/4	4	1	V2	Eb	#iv		V2		V		2					Mm7	0	1	-1, 1, 5, 2		1	-1
137	135	1/4	1/4	4/4	4	1	i6	Eb	#iv		i6		i		6					m	0	1	-3, 1, 0		0	-3
137	135	1/2	1/2	4/4	4	1	V43	Eb	#iv		V43		V		43					Mm7	0	1	2, -1, 1, 5		1	2
137	135	3/4	3/4	4/4	4	1	i6	Eb	#iv		i6		i		6					m	0	1	-3, 1, 0		0	-3
138	136	0	0	4/4	4	1	V43	Eb	#iv		V43		V		43					Mm7	0	1	2, -1, 1, 5		1	2
138	136	1/4	1/4	4/4	4	1	i	Eb	#iv		i		i							m	0	1	0, -3, 1		0	0
138	136	1/2	1/2	4/4	4	1	vii	Eb	#iv		vii		vii							m	0	1	-2, -5, -1		-2	-2
138	136	3/4	3/4	4/4	4	1	i	Eb	#iv		i		i							m	0	1	0, -3, 1		0	0
139	137	0	0	4/4	4	1	iv6(64)	Eb	#iv		iv6(64)		iv		6	64				m	0	1	-2, 2, -1		-1	-2
139	137	1/4	1/4	4/4	4	1	iv6	Eb	#iv		iv6		iv		6					m	0	1	-4, 0, -1		-1	-4
139	137	1/2	1/2	4/4	4	1	#viio6/iv	Eb	#iv		#viio6/iv		#vii	o	6		iv			o	0	1	1, -2, 4		4	1
139	137	3/4	3/4	4/4	4	1	iv6	Eb	#iv		iv6		iv		6					m	0	1	-4, 0, -1		-1	-4
140	138	0	0	4/4	4	1	iv(42)	Eb	#iv		iv(42)		iv			42				m	0	1	1, -2, 0		-1	1
140	138	1/4	1/4	4/4	4	1	iv	Eb	#iv		iv		iv							m	0	1	-1, -4, 0		-1	-1
140	138	1/2	1/2	4/4	4	1	i	Eb	#iv		i		i							m	0	1	0, -3, 1		0	0
140	138	3/4	3/4	4/4	4	1	i(64)	Eb	#iv		i(64)		i			64				m	0	1	0, -1, -4		0	0
141	139	0	0	4/4	4	1	V(6)	Eb	#iv		V(6)		V			6				M	0	1	1, 5, -3		1	1
141	139	1/4	1/4	4/4	4	1	V7	Eb	#iv		V7		V		7					Mm7	0	1	1, 5, 2, -1		1	1
141	139	1/2	1/2	4/4	4	1	V7(94)	Eb	#iv		V7(94)		V		7	94				Mm7	0	1	1, 0, 2, -1	-4	1	1
141	139	3/4	3/4	4/4	4	1	V7(9)	Eb	#iv		V7(9)		V		7	9				Mm7	0	1	1, 5, 2, -1	-4	1	1
142	140	0	0	4/4	4	1	V7(94)	Eb	#iv		V7(94)		V		7	94				Mm7	0	1	1, 0, 2, -1	-4	1	1
142	140	1/4	1/4	4/4	4	1	V	Eb	#iv		V		V							M	0	1	1, 5, 2		1	1
142	140	1/2	1/2	4/4	4	1	iio6	Eb	#iv		iio6		ii	o	6					o	0	1	-1, -4, 2		2	-1
142	140	3/4	3/4	4/4	4	1	ii%65	Eb	#iv		ii%65		ii	%	65					%7	0	1	-1, -4, 0, 2		2	-1
143	141	0	0	4/4	4	1	V7(94)	Eb	#iv		V7(94)		V		7	94				Mm7	0	1	1, 0, 2, -1	-4	1	1
143	141	1/4	1/4	4/4	4	1	V	Eb	#iv		V		V							M	0	1	1, 5, 2		1	1
143	141	1/2	1/2	4/4	4	1	V7	Eb	#iv		V7		V		7					Mm7	0	1	1, 5, 2, -1		1	1
143	141	3/4	3/4	4/4	4	1	V(94)	Eb	#iv		V(94)		V			94				M	0	1	1, 0, 2	-4	1	1
144	142	0	0	4/4	4	1	V7(94)	Eb	#iv		V7(94)		V		7	94				Mm7	0	1	1, 0, 2, -1	-4	1	1
144	142	1/4	1/4	4/4	4	1	V7	Eb	#iv		V7		V		7					Mm7	0	1	1, 5, 2, -1		1	1
144	142	1/2	1/2	4/4	4	1	V2	Eb	#iv		V2		V		2					Mm7	0	1	-1, 1, 5, 2		1	-1
145	143	0	0	4/4	4	1	i6	Eb	#iv		i6		i		6					m	0	1	-3, 1, 0		0	-3
145	143	1/4	1/4	4/4	4	1	VI64	Eb	#iv		VI64		VI		64					M	0	1	-3, -4, 0		-4	-3
145	143	1/2	1/2	4/4	4	1	V64	Eb	#iv		V64		V		64					M	0	1	2, 1, 5		1	2
145	143	3/4	3/4	4/4	4	1	V2	Eb	#iv		V2		V		2					Mm7	0	1	-1, 1, 5, 2		1	-1
146	144	1/4	1/4	4/4	4	1	i6	Eb	#iv		i6		i		6					m	0	1	-3, 1, 0		0	-3
146	144	3/4	3/4	4/4	4	1	i	Eb	#iv		i		i							m	0	1	0, -3, 1		0	0
147	145	1/4	1/4	4/4	4	1	V6	Eb	#iv		V6		V		6					M	0	1	5, 2, 1		1	5
147	145	3/4	3/4	4/4	4	1	V43	Eb	#iv		V43		V		43					Mm7	0	1	2, -1, 1, 5		1	2
148	146	1/8	1/8	4/4	4	1	i	Eb	#iv		i		i							m	0	1	0, -3, 1		0	0
148	146	3/8	3/8	4/4	4	1	i6	Eb	#iv		i6		i		6					m	0	1	-3, 1, 0		0	-3
148	146	5/8	5/8	4/4	4	1	V43	Eb	#iv		V43		V		43					Mm7	0	1	2, -1, 1, 5		1	2
148	146	7/8	7/8	4/4	4	1	V2(9)	Eb	#iv		V2(9)		V		2	9				Mm7	0	1	-1, 1, 5, 2	-4	1	-1
149	147	0	0	4/4	4	1	#viio43	Eb	#iv		#viio43		#vii	o	43					o7	0	1	-1, -4, 5, 2		5	-1
149	147	1/8	1/8	4/4	4	1	i6	Eb	#iv		i6		i		6					m	0	1	-3, 1, 0		0	-3
149	147	5/8	5/8	4/4	4	1	V43	Eb	#iv		V43		V		43					Mm7	0	1	2, -1, 1, 5		1	2
149	147	7/8	7/8	4/4	4	1	#viio43	Eb	#iv		#viio43		#vii	o	43					o7	0	1	-1, -4, 5, 2		5	-1
150	148	0	0	4/4	4	1	i6	Eb	#iv		i6		i		6					m	0	1	-3, 1, 0		0	-3
150	148	1/4	1/4	4/4	4	1	i	Eb	#iv		i		i							m	0	1	0, -3, 1		0	0
150	148	7/16	7/16	4/4	4	1	V6	Eb	#iv		V6		V		6					M	0	1	5, 2, 1		1	5
150	148	3/4	3/4	4/4	4	1	V43	Eb	#iv		V43		V		43					Mm7	0	1	2, -1, 1, 5		1	2
150	148	15/16	15/16	4/4	4	1	i\\	Eb	#iv		i		i						\\	m	0	1	0, -3, 1		0	0
153	151	0	0	4/4	4	1	I.V7(9)/iii	Eb	I		V7(9)/iii		V		7	9	iii			Mm7	0	0	5, 9, 6, 3	0	5	5
153	151	1/2	1/2	4/4	4	1	V7/iii	Eb	I		V7/iii		V		7		iii			Mm7	0	0	5, 9, 6, 3		5	5
155	153	0	0	4/4	4	1	iii	Eb	I		iii		iii							m	0	0	4, 1, 5		4	4
156	154	0	0	4/4	4	1	viio7/VII	Eb	I		viio7/VII		vii	o	7		VII			o7	0	0	10, 7, 4, 1		10	10
157	155	1/2	1/2	4/4	4	1	V65/VII	Eb	I		V65/VII		V		65		VII			Mm7	0	0	10, 7, 4, 6		6	10
158	156	1/4	1/4	4/4	4	1	#viio43/iii	Eb	I		#viio43/iii		#vii	o	43		iii			o7	0	0	3, 0, 9, 6		9	3
159	157	1/4	1/4	4/4	4	1	iii	Eb	I		iii		iii							m	0	0	4, 1, 5		4	4
160	158	1/4	1/4	4/4	4	1	ii%65/iii	Eb	I		ii%65/iii		ii	%	65		iii			%7	0	0	3, 0, 4, 6		6	3
161	159	1/4	1/4	4/4	4	1	iii64	Eb	I		iii64		iii		64					m	0	0	5, 4, 1		4	5
162	160	1/4	1/4	4/4	4	1	iv6/iii	Eb	I		iv6/iii		iv		6		iii			m	0	0	0, 4, 3		3	0
163	161	1/4	1/4	4/4	4	1	V65/iii	Eb	I		V65/iii		V		65		iii			Mm7	0	0	9, 6, 3, 5		5	9
164	162	1/4	1/4	4/4	4	1	V2/vi	Eb	I		V2/vi		V		2		vi			Mm7	0	0	2, 4, 8, 5		4	2
165	163	0	0	4/4	4	1	V/vi	Eb	I		V/vi		V				vi			M	0	0	4, 8, 5		4	4
166	164	0	0	4/4	4	1	vi6	Eb	I		vi6		vi		6					m	0	0	0, 4, 3		3	0
167	165	0	0	4/4	4	1	IVM65(2)	Eb	I		IVM65(2)		IV	M	65	2				MM7	0	0	3, 0, 4, 1		-1	3
167	165	1/4	1/4	4/4	4	1	IVM65	Eb	I		IVM65		IV	M	65					MM7	0	0	3, 0, 4, -1		-1	3
168	166	0	0	4/4	4	1	V43(4)/vi	Eb	I		V43(4)/vi		V		43	4	vi			Mm7	0	0	5, 2, 4, 3		4	5
168	166	1/4	1/4	4/4	4	1	V43/vi	Eb	I		V43/vi		V		43		vi			Mm7	0	0	5, 2, 4, 8		4	5
169	167	0	0	4/4	4	1	vi6(2)	Eb	I		vi6(2)		vi		6	2				m	0	0	0, 4, 5		3	0
169	167	1/2	1/2	4/4	4	1	vi6	Eb	I		vi6		vi		6					m	0	0	0, 4, 3		3	0
170	168	0	0	4/4	4	1	V/V	Eb	I		V/V		V				V			M	0	0	2, 6, 3		2	2
171	169	0	0	4/4	4	1	V(4)	Eb	I		V(4)		V			4				M	0	0	1, 0, 2		1	1
171	169	1/4	1/4	4/4	4	1	V	Eb	I		V		V							M	0	0	1, 5, 2		1	1
171	169	1/2	1/2	4/4	4	1	vi	Eb	I		vi		vi							m	0	0	3, 0, 4		3	3
171	169	3/4	3/4	4/4	4	1	#viio43/iii	Eb	I		#viio43/iii		#vii	o	43		iii			o7	0	0	3, 0, 9, 6		9	3
172	170	0	0	4/4	4	1	iii(#764)	Eb	I		iii(#764)		iii			#764				m	0	0	4, 3, 0	9	4	4
172	170	1/4	1/4	4/4	4	1	iii	Eb	I		iii		iii							m	0	0	4, 1, 5		4	4
172	170	1/2	1/2	4/4	4	1	V65/iii	Eb	I		V65/iii		V		65		iii			Mm7	0	0	9, 6, 3, 5		5	9
172	170	3/4	3/4	4/4	4	1	iii	Eb	I		iii		iii							m	0	0	4, 1, 5		4	4
173	171	0	0	4/4	4	1	V/iii	Eb	I		V/iii		V				iii			M	0	0	5, 9, 6		5	5
173	171	1/2	1/2	4/4	4	1	V7/iii	Eb	I		V7/iii		V		7		iii			Mm7	0	0	5, 9, 6, 3		5	5
174	172	0	0	4/4	4	1	V65/iii	Eb	I		V65/iii		V		65		iii			Mm7	0	0	9, 6, 3, 5		5	9
174	172	1/2	1/2	4/4	4	1	iii	Eb	I		iii		iii							m	0	0	4, 1, 5		4	4
175	173	0	0	4/4	4	1	V/iii	Eb	I		V/iii		V				iii			M	0	0	5, 9, 6		5	5
175	173	1/2	1/2	4/4	4	1	V7/iii	Eb	I		V7/iii		V		7		iii			Mm7	0	0	5, 9, 6, 3		5	5
176	174	1/2	1/2	4/4	4	1	V(64)/iii	Eb	I		V(64)/iii		V			64	iii			M	0	0	5, 4, 1		5	5
177	175	0	0	4/4	4	1	V/iii	Eb	I		V/iii		V				iii			M	0	0	5, 9, 6		5	5
178	176	1/2	1/2	4/4	4	1	iii	Eb	I		iii		iii							m	0	0	4, 1, 5		4	4
179	177	0	0	4/4	4	1	I	Eb	I		I		I							M	0	0	0, 4, 1		0	0
180	178	0	0	4/4	4	1	IV64(4)	Eb	I		IV64(4)		IV		64	4				M	0	0	0, -1, 5		-1	0
180	178	1/4	1/4	4/4	4	1	IV64	Eb	I		IV64		IV		64					M	0	0	0, -1, 3		-1	0
180	178	1/2	1/2	4/4	4	1	I	Eb	I		I		I							M	0	0	0, 4, 1		0	0
180	178	3/4	3/4	4/4	4	1	IV64	Eb	I		IV64		IV		64					M	0	0	0, -1, 3		-1	0
181	179	0	0	4/4	4	1	V(64)	Eb	I		V(64)		V			64				M	0	0	1, 0, 4		1	1
181	179	1/2	1/2	4/4	4	1	V	Eb	I		V		V							M	0	0	1, 5, 2		1	1
181	179	3/4	3/4	4/4	4	1	V7	Eb	I		V7		V		7					Mm7	0	0	1, 5, 2, -1		1	1
182	180	0	0	4/4	4	1	vi	Eb	I		vi		vi							m	0	0	3, 0, 4		3	3
182	180	1/2	1/2	4/4	4	1	I6	Eb	I		I6		I		6					M	0	0	4, 1, 0		0	4
183	181	0	0	4/4	4	1	ii65(2)	Eb	I		ii65(2)		ii		65	2				mm7	0	0	-1, 3, 0, 4		2	-1
183	181	1/4	1/4	4/4	4	1	ii65	Eb	I		ii65		ii		65					mm7	0	0	-1, 3, 0, 2		2	-1
183	181	1/2	1/2	4/4	4	1	V43(9)/IV	Eb	I		V43(9)/IV		V		43	9	IV			Mm7	0	0	1, -2, 0, 4	2	0	1
183	181	3/4	3/4	4/4	4	1	V43/IV	Eb	I		V43/IV		V		43		IV			Mm7	0	0	1, -2, 0, 4		0	1
184	182	0	0	4/4	4	1	IV6(7)	Eb	I		IV6(7)		IV		6	7				M	0	0	3, 0, 4		-1	3
184	182	1/4	1/4	4/4	4	1	IV6	Eb	I		IV6		IV		6					M	0	0	3, 0, -1		-1	3
184	182	1/2	1/2	4/4	4	1	I(64)	Eb	I		I(64)		I			64				M	0	0	0, -1, 3		0	0
185	183	0	0	4/4	4	1	I	Eb	I		I		I							M	0	0	0, 4, 1		0	0
185	183	1/4	1/4	4/4	4	1	I6	Eb	I		I6		I		6					M	0	0	4, 1, 0		0	4
185	183	3/4	3/4	4/4	4	1	ii6	Eb	I		ii6		ii		6					m	0	0	-1, 3, 2		2	-1
186	184	0	0	4/4	4	1	V(64)	Eb	I		V(64)		V			64				M	0	0	1, 0, 4		1	1
186	184	1/2	1/2	4/4	4	1	V\\	Eb	I		V		V						\\	M	0	0	1, 5, 2		1	1
186	184	3/4	3/4	4/4	4	1	I	Eb	I		I		I							M	0	0	0, 4, 1		0	0
187	185	0	0	4/4	4	1	vi	Eb	I		vi		vi							m	0	0	3, 0, 4		3	3
187	185	1/4	1/4	4/4	4	1	viio6/V	Eb	I		viio6/V		vii	o	6		V			o	0	0	3, 0, 6		6	3
187	185	1/2	1/2	4/4	4	1	V	Eb	I		V		V							M	0	0	1, 5, 2		1	1
188	186	0	0	4/4	4	1	IV(11)	Eb	I		IV(11)		IV			11				M	0	0	-1, 3, 0	5	-1	-1
188	186	1/4	1/4	4/4	4	1	V2	Eb	I		V2		V		2					Mm7	0	0	-1, 1, 5, 2		1	-1
188	186	1/2	1/2	4/4	4	1	I6	Eb	I		I6		I		6					M	0	0	4, 1, 0		0	4
188	186	3/4	3/4	4/4	4	1	vi	Eb	I		vi		vi							m	0	0	3, 0, 4		3	3
189	187	0	0	4/4	4	1	ii(94)	Eb	I		ii(94)		ii			94				m	0	0	2, 1, 3	4	2	2
189	187	1/4	1/4	4/4	4	1	ii7(94)	Eb	I		ii7(94)		ii		7	94				mm7	0	0	2, 1, 3, 0	4	2	2
189	187	1/2	1/2	4/4	4	1	V(6)	Eb	I		V(6)		V			6				M	0	0	1, 5, 4		1	1
189	187	3/4	3/4	4/4	4	1	V7	Eb	I		V7		V		7					Mm7	0	0	1, 5, 2, -1		1	1
190	188	0	0	4/4	4	1	I\\	Eb	I		I		I						\\	M	0	0	0, 4, 1		0	0
191	189	0	0	4/4	4	1	V2/IV	Eb	I		V2/IV		V		2		IV			Mm7	0	0	-2, 0, 4, 1		0	-2
192	190	0	0	4/4	4	1	IV6(14)	Eb	I		IV6(14)		IV		6	14				M	0	0	3, 0, -1	4	-1	3
192	190	1/4	1/4	4/4	4	1	IV6	Eb	I		IV6		IV		6					M	0	0	3, 0, -1		-1	3
193	191	0	0	4/4	4	1	V43/IV	Eb	I		V43/IV		V		43		IV			Mm7	0	0	1, -2, 0, 4		0	1
193	191	1/2	1/2	4/4	4	1	IV	Eb	I		IV		IV							M	0	0	-1, 3, 0		-1	-1
193	191	3/4	3/4	4/4	4	1	V+65/IV	Eb	I		V+65/IV		V	+	65		IV			+7	0	0	4, 8, -2, 0		0	4
194	192	0	0	4/4	4	1	IV(#9)	Eb	I		IV(#9)		IV			#9				M	0	0	-1, 3, 0	8	-1	-1
194	192	1/8	1/8	4/4	4	1	IV	Eb	I		IV		IV							M	0	0	-1, 3, 0		-1	-1
194	192	3/4	3/4	4/4	4	1	ii65	Eb	I		ii65		ii		65					mm7	0	0	-1, 3, 0, 2		2	-1
195	193	0	0	4/4	4	1	V2	Eb	I		V2		V		2					Mm7	0	0	-1, 1, 5, 2		1	-1
196	194	0	0	4/4	4	1	I6	Eb	I		I6		I		6					M	0	0	4, 1, 0		0	4
196	194	1/2	1/2	4/4	4	1	V43	Eb	I		V43		V		43					Mm7	0	0	2, -1, 1, 5		1	2
197	195	0	0	4/4	4	1	I6	Eb	I		I6		I		6					M	0	0	4, 1, 0		0	4
197	195	1/2	1/2	4/4	4	1	V2	Eb	I		V2		V		2					Mm7	0	0	-1, 1, 5, 2		1	-1
198	196	0	0	4/4	4	1	I6	Eb	I		I6		I		6					M	0	0	4, 1, 0		0	4
198	196	1/2	1/2	4/4	4	1	V43	Eb	I		V43		V		43					Mm7	0	0	2, -1, 1, 5		1	2
199	197	0	0	4/4	4	1	I6	Eb	I		I6		I		6					M	0	0	4, 1, 0		0	4
199	197	1/2	1/2	4/4	4	1	V2	Eb	I		V2		V		2					Mm7	0	0	-1, 1, 5, 2		1	-1
200	198	0	0	4/4	4	1	I6	Eb	I		I6		I		6					M	0	0	4, 1, 0		0	4
200	198	1/2	1/2	4/4	4	1	V65/ii	Eb	I		V65/ii		V		65		ii			Mm7	0	0	7, 4, 1, 3		3	7
201	199	0	0	4/4	4	1	ii	Eb	I		ii		ii							m	0	0	2, -1, 3		2	2
201	199	1/4	1/4	4/4	4	1	V2	Eb	I		V2		V		2					Mm7	0	0	-1, 1, 5, 2		1	-1
201	199	1/2	1/2	4/4	4	1	V65/IV	Eb	I		V65/IV		V		65		IV			Mm7	0	0	4, 1, -2, 0		0	4
202	200	0	0	4/4	4	1	IV	Eb	I		IV		IV							M	0	0	-1, 3, 0		-1	-1
202	200	1/4	1/4	4/4	4	1	V65/IV	Eb	I		V65/IV		V		65		IV			Mm7	0	0	4, 1, -2, 0		0	4
202	200	1/2	1/2	4/4	4	1	ii6	Eb	I		ii6		ii		6					m	0	0	-1, 3, 2		2	-1
202	200	3/4	3/4	4/4	4	1	iio/ii	Eb	I		iio/ii		ii	o			ii			o	0	0	4, 1, -2		4	4
203	201	0	0	4/4	4	1	ii	Eb	I		ii		ii							m	0	0	2, -1, 3		2	2
203	201	1/2	1/2	4/4	4	1	V7	Eb	I		V7		V		7					Mm7	0	0	1, 5, 2, -1		1	1
204	202	0	0	4/4	4	1	I64	Eb	I		I64		I		64					M	0	0	1, 0, 4		0	1
204	202	1/4	1/4	4/4	4	1	V	Eb	I		V		V							M	0	0	1, 5, 2		1	1
204	202	1/2	1/2	4/4	4	1	V2	Eb	I		V2		V		2					Mm7	0	0	-1, 1, 5, 2		1	-1
204	202	3/4	3/4	4/4	4	1	V64	Eb	I		V64		V		64					M	0	0	2, 1, 5		1	2
205	203	0	0	4/4	4	1	I	Eb	I		I		I							M	0	0	0, 4, 1		0	0
205	203	1/4	1/4	4/4	4	1	vi	Eb	I		vi		vi							m	0	0	3, 0, 4		3	3
205	203	1/2	1/2	4/4	4	1	V	Eb	I		V		V							M	0	0	1, 5, 2		1	1
205	203	3/4	3/4	4/4	4	1	V2	Eb	I		V2		V		2					Mm7	0	0	-1, 1, 5, 2		1	-1
206	204	0	0	4/4	4	1	I6	Eb	I		I6		I		6					M	0	0	4, 1, 0		0	4
206	204	1/4	1/4	4/4	4	1	V(64)	Eb	I		V(64)		V			64				M	0	0	1, 0, 4		1	1
206	204	1/2	1/2	4/4	4	1	V2	Eb	I		V2		V		2					Mm7	0	0	-1, 1, 5, 2		1	-1
206	204	3/4	3/4	4/4	4	1	V64	Eb	I		V64		V		64					M	0	0	2, 1, 5		1	2
207	205	0	0	4/4	4	1	I	Eb	I		I		I							M	0	0	0, 4, 1		0	0
207	205	1/4	1/4	4/4	4	1	V	Eb	I		V		V							M	0	0	1, 5, 2		1	1
207	205	1/2	1/2	4/4	4	1	V7	Eb	I		V7		V		7					Mm7	0	0	1, 5, 2, -1		1	1
207	205	3/4	3/4	4/4	4	1	V2	Eb	I		V2		V		2					Mm7	0	0	-1, 1, 5, 2		1	-1
208	206	0	0	4/4	4	1	I6	Eb	I		I6		I		6					M	0	0	4, 1, 0		0	4
208	206	1/2	1/2	4/4	4	1	V65/IV	Eb	I		V65/IV		V		65		IV			Mm7	0	0	4, 1, -2, 0		0	4
209	207	0	0	4/4	4	1	iv	Eb	I		iv		iv							m	0	0	-1, -4, 0		-1	-1
209	207	1/2	1/2	4/4	4	1	V2/iv	Eb	I		V2/iv		V		2		iv			Mm7	0	0	-2, 0, 4, 1		0	-2
210	208	0	0	4/4	4	1	iv6	Eb	I		iv6		iv		6					m	0	0	-4, 0, -1		-1	-4
210	208	1/2	1/2	4/4	4	1	V65/iv	Eb	I		V65/iv		V		65		iv			Mm7	0	0	4, 1, -2, 0		0	4
211	209	0	0	4/4	4	1	iv	Eb	I		iv		iv							m	0	0	-1, -4, 0		-1	-1
211	209	1/2	1/2	4/4	4	1	V43/iv	Eb	I		V43/iv		V		43		iv			Mm7	0	0	1, -2, 0, 4		0	1
212	210	0	0	4/4	4	1	iv6	Eb	I		iv6		iv		6					m	0	0	-4, 0, -1		-1	-4
212	210	1/2	1/2	4/4	4	1	iv65	Eb	I		iv65		iv		65					mm7	0	0	-4, 0, -3, -1		-1	-4
213	211	0	0	4/4	4	1	iv64	Eb	I		iv64		iv		64					m	0	0	0, -1, -4		-1	0
214	212	0	0	4/4	4	1	viio7/V	Eb	I		viio7/V		vii	o	7		V			o7	0	0	6, 3, 0, -3		6	6
215	213	0	0	4/4	4	1	V7/bVII	Eb	I		V7/bVII		V		7		bVII			Mm7	0	0	-1, 3, 0, -3		-1	-1
216	214	0	0	4/4	4	1	vi64	Eb	I		vi64		vi		64					m	0	0	4, 3, 0		3	4
218	216	0	0	4/4	4	1	viio2/V	Eb	I		viio2/V		vii	o	2		V			o7	0	0	-3, 6, 3, 0		6	-3
219	217	0	0	4/4	4	1	V7/V	Eb	I		V7/V		V		7		V			Mm7	0	0	2, 6, 3, 0		2	2
219	217	1/2	1/2	4/4	4	1	V2/V	Eb	I		V2/V		V		2		V			Mm7	0	0	0, 2, 6, 3		2	0
220	218	0	0	4/4	4	1	V65	Eb	I		V65		V		65					Mm7	0	0	5, 2, -1, 1		1	5
220	218	1/2	1/2	4/4	4	1	V7	Eb	I		V7		V		7					Mm7	0	0	1, 5, 2, -1		1	1
221	219	0	0	4/4	4	1	IV	Eb	I		IV		IV							M	0	0	-1, 3, 0		-1	-1
222	220	0	0	4/4	4	1	I6	Eb	I		I6		I		6					M	0	0	4, 1, 0		0	4
223	221	0	0	4/4	4	1	V2	Eb	I		V2		V		2					Mm7	0	0	-1, 1, 5, 2		1	-1
224	222	0	0	4/4	4	1	I6	Eb	I		I6		I		6					M	0	0	4, 1, 0		0	4
225	223	0	0	4/4	4	1	V2	Eb	I		V2		V		2					Mm7	0	0	-1, 1, 5, 2		1	-1
226	224	0	0	4/4	4	1	I6	Eb	I		I6		I		6					M	0	0	4, 1, 0		0	4
227	225	0	0	4/4	4	1	vi	Eb	I		vi		vi							m	0	0	3, 0, 4		3	3
227	225	1/4	1/4	4/4	4	1	viio6/V	Eb	I		viio6/V		vii	o	6		V			o	0	0	3, 0, 6		6	3
227	225	1/2	1/2	4/4	4	1	V	Eb	I		V		V							M	0	0	1, 5, 2		1	1
228	226	0	0	4/4	4	1	IV(4)	Eb	I		IV(4)		IV			4				M	0	0	-1, 5, 0		-1	-1
228	226	1/4	1/4	4/4	4	1	IV	Eb	I		IV		IV							M	0	0	-1, 3, 0		-1	-1
228	226	1/2	1/2	4/4	4	1	I6	Eb	I		I6		I		6					M	0	0	4, 1, 0		0	4
228	226	3/4	3/4	4/4	4	1	vi64	Eb	I		vi64		vi		64					m	0	0	4, 3, 0		3	4
229	227	0	0	4/4	4	1	ii7(4)	Eb	I		ii7(4)		ii		7	4				mm7	0	0	2, 1, 3, 0		2	2
229	227	1/4	1/4	4/4	4	1	ii(11)	Eb	I		ii(11)		ii			11				m	0	0	2, -1, 3	1	2	2
229	227	1/2	1/2	4/4	4	1	V	Eb	I		V		V							M	0	0	1, 5, 2		1	1
229	227	3/4	3/4	4/4	4	1	V7	Eb	I		V7		V		7					Mm7	0	0	1, 5, 2, -1		1	1
230	228	0	0	4/4	4	1	I	Eb	I		I		I							M	0	0	0, 4, 1		0	0
230	228	1/2	1/2	4/4	4	1	V7	Eb	I		V7		V		7					Mm7	0	0	1, 5, 2, -1		1	1
231	229	0	0	4/4	4	1	vi	Eb	I		vi		vi							m	0	0	3, 0, 4		3	3
231	229	1/2	1/2	4/4	4	1	#viio65/ii	Eb	I		#viio65/ii		#vii	o	65		ii			o7	0	0	4, 1, -2, 7		7	4
232	230	0	0	4/4	4	1	ii6	Eb	I		ii6		ii		6					m	0	0	-1, 3, 2		2	-1
232	230	1/2	1/2	4/4	4	1	#viio7/ii	Eb	I		#viio7/ii		#vii	o	7		ii			o7	0	0	7, 4, 1, -2		7	7
233	231	0	0	4/4	4	1	ii	Eb	I		ii		ii							m	0	0	2, -1, 3		2	2
234	232	0	0	4/4	4	1	III	Eb	I		III		III							M	0	0	4, 8, 5		4	4
235	233	0	0	4/4	4	1	ii6	Eb	I		ii6		ii		6					m	0	0	-1, 3, 2		2	-1
237	235	0	0	4/4	4	1	Ger6/vi	Eb	I		Ger6/vi	Ger	vii	o	65	b3	V/vi			Ger	0	0	-1, 3, 0, 9		9	-1
239	237	0	0	4/4	4	1	V65/ii	Eb	I		V65/ii		V		65		ii			Mm7	0	0	7, 4, 1, 3		3	7
241	239	0	0	4/4	4	1	V2(4)/V	Eb	I		V2(4)/V		V		2	4	V			Mm7	0	0	0, 2, 1, 3		2	0
241	239	1/2	1/2	4/4	4	1	V2/V	Eb	I		V2/V		V		2		V			Mm7	0	0	0, 2, 6, 3		2	0
243	241	0	0	4/4	4	1	#viio65/vi	Eb	I		#viio65/vi		#vii	o	65		vi			o7	0	0	5, 2, -1, 8		8	5
245	243	0	0	4/4	4	1	bVII	Eb	I		bVII		bVII							M	0	0	-2, 2, -1		-2	-2
246	244	0	0	4/4	4	1	Ger6/ii	Eb	I		Ger6/ii	Ger	vii	o	65	b3	V/ii			Ger	0	0	-2, 2, -1, 8		8	-2
247	245	0	0	4/4	4	1	V(64)/ii	Eb	I		V(64)/ii		V			64	ii			M	0	0	3, 2, -1		3	3
248	246	0	0	4/4	4	1	V7/ii	Eb	I		V7/ii		V		7		ii			Mm7	0	0	3, 7, 4, 1		3	3
248	246	1/4	1/4	4/4	4	1	V43/ii	Eb	I		V43/ii		V		43		ii			Mm7	0	0	4, 1, 3, 7		3	4
248	246	1/2	1/2	4/4	4	1	V65/ii	Eb	I		V65/ii		V		65		ii			Mm7	0	0	7, 4, 1, 3		3	7
248	246	3/4	3/4	4/4	4	1	V43/ii	Eb	I		V43/ii		V		43		ii			Mm7	0	0	4, 1, 3, 7		3	4
249	247	0	0	4/4	4	1	V(64)/ii	Eb	I		V(64)/ii		V			64	ii			M	0	0	3, 2, -1		3	3
250	248	0	0	4/4	4	1	V7/ii	Eb	I		V7/ii		V		7		ii			Mm7	0	0	3, 7, 4, 1		3	3
250	248	1/4	1/4	4/4	4	1	V43/ii	Eb	I		V43/ii		V		43		ii			Mm7	0	0	4, 1, 3, 7		3	4
250	248	1/2	1/2	4/4	4	1	V65/ii	Eb	I		V65/ii		V		65		ii			Mm7	0	0	7, 4, 1, 3		3	7
250	248	3/4	3/4	4/4	4	1	V7/ii	Eb	I		V7/ii		V		7		ii			Mm7	0	0	3, 7, 4, 1		3	3
251	249	0	0	4/4	4	1	ii	Eb	I		ii		ii							m	0	0	2, -1, 3		2	2
252	250	0	0	4/4	4	1	#viio7/iii	Eb	I		#viio7/iii		#vii	o	7		iii			o7	0	0	9, 6, 3, 0		9	9
253	251	0	0	4/4	4	1	iv64/iii	Eb	I		iv64/iii		iv		64		iii			m	0	0	4, 3, 0		3	4
254	252	0	0	4/4	4	1	ii%7/iii	Eb	I		ii%7/iii		ii	%	7		iii			%7	0	0	6, 3, 0, 4		6	6
254	252	1/2	1/2	4/4	4	1	#viio65/iii	Eb	I		#viio65/iii		#vii	o	65		iii			o7	0	0	6, 3, 0, 9		9	6
255	253	0	0	4/4	4	1	iio/iii	Eb	I		iio/iii		ii	o			iii			o	0	0	6, 3, 0		6	6
255	253	1/2	1/2	4/4	4	1	iv64/iii	Eb	I		iv64/iii		iv		64		iii			m	0	0	4, 3, 0		3	4
256	254	0	0	4/4	4	1	ii%7/iii	Eb	I		ii%7/iii		ii	%	7		iii			%7	0	0	6, 3, 0, 4		6	6
256	254	1/2	1/2	4/4	4	1	#viio65/iii	Eb	I		#viio65/iii		#vii	o	65		iii			o7	0	0	6, 3, 0, 9		9	6
257	255	0	0	4/4	4	1	iio/iii	Eb	I		iio/iii		ii	o			iii			o	0	0	6, 3, 0		6	6
257	255	1/2	1/2	4/4	4	1	iv64/iii	Eb	I		iv64/iii		iv		64		iii			m	0	0	4, 3, 0		3	4
258	256	0	0	4/4	4	1	ii%7/iii	Eb	I		ii%7/iii		ii	%	7		iii			%7	0	0	6, 3, 0, 4		6	6
259	257	0	0	4/4	4	1	#viio65/iii	Eb	I		#viio65/iii		#vii	o	65		iii			o7	0	0	6, 3, 0, 9		9	6
260	258	3/4	3/4	4/4	4	1	I64	Eb	I		I64		I		64					M	0	0	1, 0, 4		0	1
261	259	0	0	4/4	4	1	V43/V	Eb	I		V43/V		V		43		V			Mm7	0	0	3, 0, 2, 6		2	3
261	259	1/2	1/2	4/4	4	1	V	Eb	I		V		V							M	0	0	1, 5, 2		1	1
262	260	0	0	4/4	4	1	V2	Eb	I		V2		V		2					Mm7	0	0	-1, 1, 5, 2		1	-1
262	260	1/2	1/2	4/4	4	1	I6	Eb	I		I6		I		6					M	0	0	4, 1, 0		0	4
263	261	0	0	4/4	4	1	ii7(119)	Eb	I		ii7(119)		ii		7	119				mm7	0	0	2, -1, 3, 0	1, 4	2	2
263	261	1/2	1/2	4/4	4	1	V7	Eb	I		V7		V		7					Mm7	0	0	1, 5, 2, -1		1	1
264	262	0	0	4/4	4	1	I\\	Eb	I		I		I						\\	M	0	0	0, 4, 1		0	0
264	262	1/2	1/2	4/4	4	1	V43	Eb	I		V43		V		43					Mm7	0	0	2, -1, 1, 5		1	2
265	263	0	0	4/4	4	1	I6	Eb	I		I6		I		6					M	0	0	4, 1, 0		0	4
265	263	1/2	1/2	4/4	4	1	#viio65/ii	Eb	I		#viio65/ii		#vii	o	65		ii			o7	0	0	4, 1, -2, 7		7	4
266	264	0	0	4/4	4	1	ii6	Eb	I		ii6		ii		6					m	0	0	-1, 3, 2		2	-1
266	264	1/4	1/4	4/4	4	1	ii65	Eb	I		ii65		ii		65					mm7	0	0	-1, 3, 0, 2		2	-1
266	264	1/2	1/2	4/4	4	1	ii(13)	Eb	I		ii(13)		ii			13				m	0	0	2, -1, 3	5	2	2
266	264	3/4	3/4	4/4	4	1	ii	Eb	I		ii		ii							m	0	0	2, -1, 3		2	2
267	265	0	0	4/4	4	1	V(964)	Eb	I		V(964)		V			964				M	0	0	1, 0, 4	3	1	1
267	265	1/4	1/4	4/4	4	1	V(64)	Eb	I		V(64)		V			64				M	0	0	1, 0, 4		1	1
267	265	1/2	1/2	4/4	4	1	V7	Eb	I		V7		V		7					Mm7	0	0	1, 5, 2, -1		1	1
268	266	0	0	4/4	4	1	I\\	Eb	I		I		I						\\	M	0	0	0, 4, 1		0	0
268	266	1/2	1/2	4/4	4	1	V43	Eb	I		V43		V		43					Mm7	0	0	2, -1, 1, 5		1	2
269	267	0	0	4/4	4	1	I6	Eb	I		I6		I		6					M	0	0	4, 1, 0		0	4
269	267	1/2	1/2	4/4	4	1	#viio65/ii	Eb	I		#viio65/ii		#vii	o	65		ii			o7	0	0	4, 1, -2, 7		7	4
270	268	0	0	4/4	4	1	ii6	Eb	I		ii6		ii		6					m	0	0	-1, 3, 2		2	-1
270	268	1/4	1/4	4/4	4	1	ii65	Eb	I		ii65		ii		65					mm7	0	0	-1, 3, 0, 2		2	-1
270	268	1/2	1/2	4/4	4	1	ii7(13)	Eb	I		ii7(13)		ii		7	13				mm7	0	0	2, -1, 3, 0	5	2	2
270	268	3/4	3/4	4/4	4	1	ii7	Eb	I		ii7		ii		7					mm7	0	0	2, -1, 3, 0		2	2
271	269	0	0	4/4	4	1	V(964)	Eb	I		V(964)		V			964				M	0	0	1, 0, 4	3	1	1
271	269	1/4	1/4	4/4	4	1	V(64)	Eb	I		V(64)		V			64				M	0	0	1, 0, 4		1	1
271	269	1/2	1/2	4/4	4	1	V65/vi	Eb	I		V65/vi		V		65		vi			Mm7	0	0	8, 5, 2, 4		4	8
271	269	3/4	3/4	4/4	4	1	V7/vi	Eb	I		V7/vi		V		7		vi			Mm7	0	0	4, 8, 5, 2		4	4
272	270	0	0	4/4	4	1	vi	Eb	I		vi		vi							m	0	0	3, 0, 4		3	3
272	270	1/4	1/4	4/4	4	1	vi64	Eb	I		vi64		vi		64					m	0	0	4, 3, 0		3	4
272	270	1/2	1/2	4/4	4	1	V2/vi	Eb	I		V2/vi		V		2		vi			Mm7	0	0	2, 4, 8, 5		4	2
272	270	3/4	3/4	4/4	4	1	V/vi	Eb	I		V/vi		V				vi			M	0	0	4, 8, 5		4	4
273	271	0	0	4/4	4	1	vi6	Eb	I		vi6		vi		6					m	0	0	0, 4, 3		3	0
273	271	1/4	1/4	4/4	4	1	vi64	Eb	I		vi64		vi		64					m	0	0	4, 3, 0		3	4
273	271	1/2	1/2	4/4	4	1	ii65	Eb	I		ii65		ii		65					mm7	0	0	-1, 3, 0, 2		2	-1
274	272	0	0	4/4	4	1	V(64)	Eb	I		V(64)		V			64				M	0	0	1, 0, 4		1	1
274	272	1/2	1/2	4/4	4	1	I6	Eb	I		I6		I		6					M	0	0	4, 1, 0		0	4
274	272	3/4	3/4	4/4	4	1	I	Eb	I		I		I							M	0	0	0, 4, 1		0	0
275	273	0	0	4/4	4	1	V7(4)	Eb	I		V7(4)		V		7	4				Mm7	0	0	1, 0, 2, -1		1	1
275	273	1/2	1/2	4/4	4	1	V7	Eb	I		V7		V		7					Mm7	0	0	1, 5, 2, -1		1	1
276	274	0	0	4/4	4	1	I[I\\	Eb	I	I	I		I						\\	M	0	0	0, 4, 1		0	0
276	274	1/2	1/2	4/4	4	1	V2/IV	Eb	I	I	V2/IV		V		2		IV			Mm7	0	0	-2, 0, 4, 1		0	-2
277	275	0	0	4/4	4	1	IV6	Eb	I	I	IV6		IV		6					M	0	0	3, 0, -1		-1	3
277	275	1/2	1/2	4/4	4	1	V43/IV	Eb	I	I	V43/IV		V		43		IV			Mm7	0	0	1, -2, 0, 4		0	1
278	276	0	0	4/4	4	1	viio7(b4)/V	Eb	I	I	viio7(b4)/V		vii	o	7	b4	V			o7	0	0	6, -2, 0, -3		6	6
278	276	1/4	1/4	4/4	4	1	viio7/V	Eb	I	I	viio7/V		vii	o	7		V			o7	0	0	6, 3, 0, -3		6	6
278	276	1/2	1/2	4/4	4	1	viio64	Eb	I	I	viio64		vii	o	64					o	0	0	-1, 5, 2		5	-1
279	277	0	0	4/4	4	1	I6	Eb	I	I	I6		I		6					M	0	0	4, 1, 0		0	4
279	277	1/2	1/2	4/4	4	1	V43	Eb	I	I	V43		V		43					Mm7	0	0	2, -1, 1, 5		1	2
280	278	0	0	4/4	4	1	I(4)	Eb	I	I	I(4)		I			4				M	0	0	0, -1, 1		0	0
280	278	1/4	1/4	4/4	4	1	I	Eb	I	I	I		I							M	0	0	0, 4, 1		0	0
280	278	1/2	1/2	4/4	4	1	V2/IV	Eb	I	I	V2/IV		V		2		IV			Mm7	0	0	-2, 0, 4, 1		0	-2
281	279	0	0	4/4	4	1	IV6	Eb	I	I	IV6		IV		6					M	0	0	3, 0, -1		-1	3
281	279	1/2	1/2	4/4	4	1	V43/IV	Eb	I	I	V43/IV		V		43		IV			Mm7	0	0	1, -2, 0, 4		0	1
282	280	0	0	4/4	4	1	viio7(b11)/V	Eb	I	I	viio7(b11)/V		vii	o	7	b11	V			o7	0	0	6, 3, 0, -3	-2	6	6
282	280	1/4	1/4	4/4	4	1	viio7/V	Eb	I	I	viio7/V		vii	o	7		V			o7	0	0	6, 3, 0, -3		6	6
282	280	1/2	1/2	4/4	4	1	V2	Eb	I	I	V2		V		2					Mm7	0	0	-1, 1, 5, 2		1	-1
283	281	0	0	4/4	4	1	I6]	Eb	I	I	I6		I		6					M	0	0	4, 1, 0		0	4
283	281	1/2	1/2	4/4	4	1	V43(+4)	Eb	I		V43(+4)		V		43	+4				Mm7	0	0	2, -1, 1, 5	0	1	2
284	282	0	0	4/4	4	1	I[I(4)	Eb	I	I	I(4)		I			4				M	0	0	0, -1, 1		0	0
284	282	1/4	1/4	4/4	4	1	I6	Eb	I	I	I6		I		6					M	0	0	4, 1, 0		0	4
285	283	0	0	4/4	4	1	V64(4)	Eb	I	I	V64(4)		V		64	4				M	0	0	2, 1, 0		1	2
285	283	1/4	1/4	4/4	4	1	V64	Eb	I	I	V64		V		64					M	0	0	2, 1, 5		1	2
285	283	1/2	1/2	4/4	4	1	V7	Eb	I	I	V7		V		7					Mm7	0	0	1, 5, 2, -1		1	1
285	283	3/4	3/4	4/4	4	1	V	Eb	I	I	V		V							M	0	0	1, 5, 2		1	1
286	284	0	0	4/4	4	1	I(4)	Eb	I	I	I(4)		I			4				M	0	0	0, -1, 1		0	0
286	284	1/4	1/4	4/4	4	1	I	Eb	I	I	I		I							M	0	0	0, 4, 1		0	0
286	284	1/2	1/2	4/4	4	1	I6	Eb	I	I	I6		I		6					M	0	0	4, 1, 0		0	4
287	285	0	0	4/4	4	1	V43(4)	Eb	I	I	V43(4)		V		43	4				Mm7	0	0	2, -1, 1, 0		1	2
287	285	1/4	1/4	4/4	4	1	V43	Eb	I	I	V43		V		43					Mm7	0	0	2, -1, 1, 5		1	2
287	285	1/2	1/2	4/4	4	1	V7	Eb	I	I	V7		V		7					Mm7	0	0	1, 5, 2, -1		1	1
287	285	3/4	3/4	4/4	4	1	V64	Eb	I	I	V64		V		64					M	0	0	2, 1, 5		1	2
288	286	0	0	4/4	4	1	I]\\	Eb	I	I	I		I						\\	M	0	0	0, 4, 1		0	0
