mc	mn	quarterbeats	quarterbeats_all_endings	duration_qb	mc_onset	mn_onset	timesig	staff	voice	label	alt_label	globalkey	localkey	pedal	chord	special	numeral	form	figbass	changes	relativeroot	cadence	phraseend	chord_type	globalkey_is_minor	localkey_is_minor	chord_tones	added_tones	root	bass_note
1	0	0	0	0.5	0	5/8	3/4	4	1	A.I		A	I		I		I							M	0	0	0, 4, 1		0	0
2	1	1/2	1/2	2.0	0	0	3/4	4	1	IV		A	I		IV		IV							M	0	0	-1, 3, 0		-1	-1
2	1	5/2	5/2	1.0	1/2	1/2	3/4	4	1	V		A	I		V		V							M	0	0	1, 5, 2		1	1
3	2	7/2	7/2	2.0	0	0	3/4	4	1	I\\		A	I		I		I						\\	M	0	0	0, 4, 1		0	0
3	2	11/2	11/2	1.0	1/2	1/2	3/4	4	1	IV6		A	I		IV6		IV		6					M	0	0	3, 0, -1		-1	3
4	3	13/2	13/2	1.5	0	0	3/4	4	1	V(64)		A	I		V(64)		V			64				M	0	0	1, 0, 4		1	1
4	3	8	8	0.5	3/8	3/8	3/4	4	1	IV		A	I		IV		IV							M	0	0	-1, 3, 0		-1	-1
4	3	17/2	17/2	2.0	1/2	1/2	3/4	4	1	V7		A	I		V7		V		7					Mm7	0	0	1, 5, 2, -1		1	1
5	4	21/2	21/2	2.0	1/4	1/4	3/4	4	1	I\\		A	I		I		I						\\	M	0	0	0, 4, 1		0	0
6	5	25/2	25/2	2.0	0	0	3/4	4	1	IV		A	I		IV		IV							M	0	0	-1, 3, 0		-1	-1
6	5	29/2	29/2	1.0	1/2	1/2	3/4	4	1	V		A	I		V		V							M	0	0	1, 5, 2		1	1
7	6	31/2	31/2	3.0	0	0	3/4	4	1	V/ii		A	I		V/ii		V				ii			M	0	0	3, 7, 4		3	3
8	7	37/2	37/2	1.5	0	0	3/4	4	1	ii		A	I		ii		ii							m	0	0	2, -1, 3		2	2
8	7	20	20	0.5	3/8	3/8	3/4	4	1	ii2		A	I		ii2		ii		2					mm7	0	0	0, 2, -1, 3		2	0
8	7	41/2	41/2	0.5	1/2	1/2	3/4	4	1	ii65/IV		A	I		ii65/IV		ii		65		IV			mm7	0	0	-2, 2, -1, 1		1	-2
8	7	21	21	0.5	5/8	5/8	3/4	4	1	V/IV		A	I		V/IV		V				IV			M	0	0	0, 4, 1		0	0
9	8	43/2	43/2	1.0	0	0	3/4	4	1	IV(7b4)		A	I		IV(7b4)		IV			7b4				M	0	0	-1, -2, 0	4	-1	-1
9	8	45/2	45/2	1.0	1/4	1/4	3/4	4	1	IV		A	I		IV		IV							M	0	0	-1, 3, 0		-1	-1
9	8	47/2	47/2	0.5	1/2	1/2	3/4	4	1	V7(4)/vi		A	I		V7(4)/vi		V		7	4	vi			Mm7	0	0	4, 3, 5, 2		4	4
9	8	24	24	0.5	5/8	5/8	3/4	4	1	V7/vi		A	I		V7/vi		V		7		vi			Mm7	0	0	4, 8, 5, 2		4	4
10	9	49/2	49/2	1.0	0	0	3/4	4	1	vi(9#74)		A	I		vi(9#74)		vi			9#74				m	0	0	3, 2, 4	5, 8	3	3
10	9	51/2	51/2	1.0	1/4	1/4	3/4	4	1	vi		A	I		vi		vi							m	0	0	3, 0, 4		3	3
10	9	53/2	53/2	0.5	1/2	1/2	3/4	4	1	V43/V		A	I		V43/V		V		43		V			Mm7	0	0	3, 0, 2, 6		2	3
10	9	27	27	0.5	5/8	5/8	3/4	4	1	viio6/V		A	I		viio6/V		vii	o	6		V			o	0	0	3, 0, 6		6	3
11	10	55/2	55/2	1.0	0	0	3/4	4	1	V65		A	I		V65		V		65					Mm7	0	0	5, 2, -1, 1		1	5
11	10	57/2	57/2	1.0	1/4	1/4	3/4	4	1	I		A	I		I		I							M	0	0	0, 4, 1		0	0
11	10	59/2	59/2	1.0	1/2	1/2	3/4	4	1	IV6		A	I		IV6		IV		6					M	0	0	3, 0, -1		-1	3
12	11	61/2	61/2	1.0	0	0	3/4	4	1	V65		A	I		V65		V		65					Mm7	0	0	5, 2, -1, 1		1	5
12	11	63/2	63/2	1.0	1/4	1/4	3/4	4	1	I		A	I		I		I							M	0	0	0, 4, 1		0	0
12	11	65/2	65/2	1.0	1/2	1/2	3/4	4	1	IV6		A	I		IV6		IV		6					M	0	0	3, 0, -1		-1	3
13	12	67/2	67/2	1.0	0	0	3/4	4	1	V65		A	I		V65		V		65					Mm7	0	0	5, 2, -1, 1		1	5
13	12	69/2	69/2	1.0	1/4	1/4	3/4	4	1	I		A	I		I		I							M	0	0	0, 4, 1		0	0
13	12	71/2	71/2	1.0	1/2	1/2	3/4	4	1	viio6/V		A	I		viio6/V		vii	o	6		V			o	0	0	3, 0, 6		6	3
14	13	73/2	73/2	2.0	0	0	3/4	4	1	V\\		A	I		V		V						\\	M	0	0	1, 5, 2		1	1
14	13	77/2	77/2	0.75	1/2	1/2	3/4	4	1	I		A	I		I		I							M	0	0	0, 4, 1		0	0
14	13	157/4	157/4	0.25	11/16	11/16	3/4	4	1	V6		A	I		V6		V		6					M	0	0	5, 2, 1		1	5
15	14	79/2	79/2	2.0	0	0	3/4	4	1	V43		A	I		V43		V		43					Mm7	0	0	2, -1, 1, 5		1	2
15	14	83/2	83/2	1.0	1/2	1/2	3/4	4	1	V		A	I		V		V							M	0	0	1, 5, 2		1	1
16	15	85/2	85/2	0.75	0	0	3/4	4	1	I		A	I		I		I							M	0	0	0, 4, 1		0	0
16	15	173/4	173/4	0.25	3/16	3/16	3/4	4	1	V6		A	I		V6		V		6					M	0	0	5, 2, 1		1	5
16	15	87/2	87/2	1.0	1/4	1/4	3/4	4	1	V43		A	I		V43		V		43					Mm7	0	0	2, -1, 1, 5		1	2
16	15	89/2	89/2	1.0	1/2	1/2	3/4	4	1	V\\		A	I		V		V						\\	M	0	0	1, 5, 2		1	1
17	16	91/2	91/2	0.5	0	0	3/4	4	1	viio2(42)		A	I		viio2(42)		vii	o	2	42				o7	0	0	-4, 0, 4, -1		5	-4
17	16	46	46	0.5	1/8	1/8	3/4	4	1	viio2		A	I		viio2		vii	o	2					o7	0	0	-4, 5, 2, -1		5	-4
17	16	93/2	93/2	0.75	1/4	1/4	3/4	4	1	V7(4)		A	I		V7(4)		V		7	4				Mm7	0	0	1, 0, 2, -1		1	1
17	16	189/4	189/4	0.25	7/16	7/16	3/4	4	1	V7		A	I		V7		V		7					Mm7	0	0	1, 5, 2, -1		1	1
17	16	95/2	95/2	7.0	1/2	1/2	3/4	4	1	V\\		A	I		V		V						\\	M	0	0	1, 5, 2		1	1
20	19	109/2	109/2	3.0	0	0	4/4	4	1	i.V6		A	i		V6		V		6					M	0	1	5, 2, 1		1	5
20	19	115/2	115/2	1.0	3/4	3/4	4/4	4	1	#viio6		A	i		#viio6		#vii	o	6					o	0	1	2, -1, 5		5	2
21	20	117/2	117/2	1.0	0	0	4/4	4	1	#viio		A	i		#viio		#vii	o						o	0	1	5, 2, -1		5	5
21	20	119/2	119/2	1.0	1/4	1/4	4/4	4	1	#viio6		A	i		#viio6		#vii	o	6					o	0	1	2, -1, 5		5	2
21	20	121/2	121/2	1.0	1/2	1/2	4/4	4	1	V2		A	i		V2		V		2					Mm7	0	1	-1, 1, 5, 2		1	-1
21	20	123/2	123/2	1.0	3/4	3/4	4/4	4	1	#viio		A	i		#viio		#vii	o						o	0	1	5, 2, -1		5	5
22	21	125/2	125/2	1.0	0	0	4/4	4	1	iio64		A	i		iio64		ii	o	64					o	0	1	-4, 2, -1		2	-4
22	21	127/2	127/2	1.0	1/4	1/4	4/4	4	1	#viio43		A	i		#viio43		#vii	o	43					o7	0	1	-1, -4, 5, 2		5	-1
22	21	129/2	129/2	1.0	1/2	1/2	4/4	4	1	iio6		A	i		iio6		ii	o	6					o	0	1	-1, -4, 2		2	-1
22	21	131/2	131/2	1.0	3/4	3/4	4/4	4	1	iio		A	i		iio		ii	o						o	0	1	2, -1, -4		2	2
23	22	133/2	133/2	1.0	0	0	4/4	4	1	iio6		A	i		iio6		ii	o	6					o	0	1	-1, -4, 2		2	-1
23	22	135/2	135/2	1.0	1/4	1/4	4/4	4	1	V2		A	i		V2		V		2					Mm7	0	1	-1, 1, 5, 2		1	-1
23	22	137/2	137/2	1.0	1/2	1/2	4/4	4	1	#viio6		A	i		#viio6		#vii	o	6					o	0	1	2, -1, 5		5	2
23	22	139/2	139/2	1.0	3/4	3/4	4/4	4	1	#viio		A	i		#viio		#vii	o						o	0	1	5, 2, -1		5	5
24	23	141/2	141/2	3.0	0	0	4/4	4	1	V7\\		A	i		V7		V		7				\\	Mm7	0	1	1, 5, 2, -1		1	1
24	23	147/2	147/2	2.0	3/4	3/4	4/4	4	1	V		A	i		V		V							M	0	1	1, 5, 2		1	1
25	24	151/2	151/2	1.0	1/4	1/4	4/4	4	1	iv		A	i		iv		iv							m	0	1	-1, -4, 0		-1	-1
25	24	153/2	153/2	1.0	1/2	1/2	4/4	4	1	i6		A	i		i6		i		6					m	0	1	-3, 1, 0		0	-3
25	24	155/2	155/2	1.0	3/4	3/4	4/4	4	1	iio		A	i		iio		ii	o						o	0	1	2, -1, -4		2	2
26	25	157/2	157/2	1.0	0	0	4/4	4	1	VI6		A	i		VI6		VI		6					M	0	1	0, -3, -4		-4	0
26	25	159/2	159/2	1.0	1/4	1/4	4/4	4	1	i		A	i		i		i							m	0	1	0, -3, 1		0	0
26	25	161/2	161/2	1.0	1/2	1/2	4/4	4	1	iio		A	i		iio		ii	o						o	0	1	2, -1, -4		2	2
26	25	163/2	163/2	1.0	3/4	3/4	4/4	4	1	VI		A	i		VI		VI							M	0	1	-4, 0, -3		-4	-4
27	26	165/2	165/2	1.0	0	0	4/4	4	1	ii%43		A	i		ii%43		ii	%	43					%7	0	1	-4, 0, 2, -1		2	-4
27	26	167/2	167/2	1.0	1/4	1/4	4/4	4	1	V(4)		A	i		V(4)		V			4				M	0	1	1, 0, 2		1	1
27	26	169/2	169/2	1.0	1/2	1/2	4/4	4	1	#viio64		A	i		#viio64		#vii	o	64					o	0	1	-1, 5, 2		5	-1
27	26	171/2	171/2	0.75	3/4	3/4	4/4	4	1	V43(6)		A	i		V43(6)		V		43	6				Mm7	0	1	-3, -1, 1, 5		1	-3
27	26	345/4	345/4	0.25	15/16	15/16	4/4	4	1	V43		A	i		V43		V		43					Mm7	0	1	2, -1, 1, 5		1	2
28	27	173/2	173/2	1.0	0	0	4/4	4	1	i		A	i		i		i							m	0	1	0, -3, 1		0	0
28	27	175/2	175/2	1.0	1/4	1/4	4/4	4	1	i(11)		A	i		i(11)		i			11				m	0	1	0, -3, 1	-1	0	0
28	27	177/2	177/2	1.0	1/2	1/2	4/4	4	1	VI6		A	i		VI6		VI		6					M	0	1	0, -3, -4		-4	0
28	27	179/2	179/2	1.0	3/4	3/4	4/4	4	1	VI6(11)		A	i		VI6(11)		VI		6	11				M	0	1	0, -3, -4	2	-4	0
29	28	181/2	181/2	1.0	0	0	4/4	4	1	ii%7		A	i		ii%7		ii	%	7					%7	0	1	2, -1, -4, 0		2	2
29	28	183/2	183/2	1.0	1/4	1/4	4/4	4	1	#viio65		A	i		#viio65		#vii	o	65					o7	0	1	2, -1, -4, 5		5	2
29	28	185/2	185/2	1.0	1/2	1/2	4/4	4	1	V65		A	i		V65		V		65					Mm7	0	1	5, 2, -1, 1		1	5
29	28	187/2	187/2	1.0	3/4	3/4	4/4	4	1	V7		A	i		V7		V		7					Mm7	0	1	1, 5, 2, -1		1	1
30	29	189/2	189/2	1.0	0	0	4/4	4	1	i		A	i		i		i							m	0	1	0, -3, 1		0	0
30	29	191/2	191/2	1.0	1/4	1/4	4/4	4	1	i(11)		A	i		i(11)		i			11				m	0	1	0, -3, 1	-1	0	0
30	29	193/2	193/2	1.0	1/2	1/2	4/4	4	1	VI6		A	i		VI6		VI		6					M	0	1	0, -3, -4		-4	0
30	29	195/2	195/2	1.0	3/4	3/4	4/4	4	1	VI6(11)		A	i		VI6(11)		VI		6	11				M	0	1	0, -3, -4	2	-4	0
31	30	197/2	197/2	1.0	0	0	4/4	4	1	ii%7		A	i		ii%7		ii	%	7					%7	0	1	2, -1, -4, 0		2	2
31	30	199/2	199/2	1.0	1/4	1/4	4/4	4	1	#viio2(9)		A	i		#viio2(9)		#vii	o	2	9				o7	0	1	-4, 5, 2, -1	0	5	-4
31	30	201/2	201/2	1.0	1/2	1/2	4/4	4	1	V65		A	i		V65		V		65					Mm7	0	1	5, 2, -1, 1		1	5
31	30	203/2	203/2	1.0	3/4	3/4	4/4	4	1	V7		A	i		V7		V		7					Mm7	0	1	1, 5, 2, -1		1	1
32	31	205/2	205/2	2.0	0	0	4/4	4	1	i		A	i		i		i							m	0	1	0, -3, 1		0	0
32	31	209/2	209/2	2.0	1/2	1/2	4/4	4	1	V65/VI		A	i		V65/VI		V		65		VI			Mm7	0	1	1, -2, -5, -3		-3	1
33	32	213/2	213/2	1.0	0	0	4/4	4	1	VI(9)		A	i		VI(9)		VI			9				M	0	1	-4, 0, -3	-2	-4	-4
33	32	215/2	215/2	4.0	1/4	1/4	4/4	4	1	VI		A	i		VI		VI							M	0	1	-4, 0, -3		-4	-4
34	33	223/2	223/2	1.0	1/4	1/4	4/4	4	1	iv6(#7)		A	i		iv6(#7)		iv		6	#7				m	0	1	-4, 0, 4		-1	-4
34	33	225/2	225/2	1.0	1/2	1/2	4/4	4	1	iv6		A	i		iv6		iv		6					m	0	1	-4, 0, -1		-1	-4
34	33	227/2	227/2	1.0	3/4	3/4	4/4	4	1	Fr6		A	i		Fr6	Fr	V		43	b5	V			Fr	0	1	-4, 0, 2, 6		2	-4
35	34	229/2	229/2	1.0	0	0	4/4	4	1	V(#764)		A	i		V(#764)		V			#764				M	0	1	1, 0, -3	6	1	1
35	34	231/2	231/2	1.0	1/4	1/4	4/4	4	1	V(#7)		A	i		V(#7)		V			#7				M	0	1	1, 5, 2	6	1	1
35	34	233/2	233/2	3.0	1/2	1/2	4/4	4	1	V\\		A	i		V		V						\\	M	0	1	1, 5, 2		1	1
36	35	239/2	239/2	1.0	1/4	1/4	4/4	4	1	iv		A	i		iv		iv							m	0	1	-1, -4, 0		-1	-1
36	35	241/2	241/2	1.0	1/2	1/2	4/4	4	1	i6		A	i		i6		i		6					m	0	1	-3, 1, 0		0	-3
36	35	243/2	243/2	1.0	3/4	3/4	4/4	4	1	iio		A	i		iio		ii	o						o	0	1	2, -1, -4		2	2
37	36	245/2	245/2	1.0	0	0	4/4	4	1	VI6		A	i		VI6		VI		6					M	0	1	0, -3, -4		-4	0
37	36	247/2	247/2	1.0	1/4	1/4	4/4	4	1	i		A	i		i		i							m	0	1	0, -3, 1		0	0
37	36	249/2	249/2	1.0	1/2	1/2	4/4	4	1	iv		A	i		iv		iv							m	0	1	-1, -4, 0		-1	-1
37	36	251/2	251/2	1.0	3/4	3/4	4/4	4	1	VI64		A	i		VI64		VI		64					M	0	1	-3, -4, 0		-4	-3
38	37	253/2	253/2	1.0	0	0	4/4	4	1	ii%7		A	i		ii%7		ii	%	7					%7	0	1	2, -1, -4, 0		2	2
38	37	255/2	255/2	1.0	1/4	1/4	4/4	4	1	V64		A	i		V64		V		64					M	0	1	2, 1, 5		1	2
38	37	257/2	257/2	1.0	1/2	1/2	4/4	4	1	iio		A	i		iio		ii	o						o	0	1	2, -1, -4		2	2
38	37	259/2	259/2	0.75	3/4	3/4	4/4	4	1	i6		A	i		i6		i		6					m	0	1	-3, 1, 0		0	-3
38	37	521/4	521/4	0.25	15/16	15/16	4/4	4	1	V43		A	i		V43		V		43					Mm7	0	1	2, -1, 1, 5		1	2
39	38	261/2	261/2	1.0	0	0	4/4	4	1	i		A	i		i		i							m	0	1	0, -3, 1		0	0
39	38	263/2	263/2	1.0	1/4	1/4	4/4	4	1	i(11)		A	i		i(11)		i			11				m	0	1	0, -3, 1	-1	0	0
39	38	265/2	265/2	1.0	1/2	1/2	4/4	4	1	VI6		A	i		VI6		VI		6					M	0	1	0, -3, -4		-4	0
39	38	267/2	267/2	1.0	3/4	3/4	4/4	4	1	VI6(11)		A	i		VI6(11)		VI		6	11				M	0	1	0, -3, -4	2	-4	0
40	39	269/2	269/2	1.0	0	0	4/4	4	1	ii%7		A	i		ii%7		ii	%	7					%7	0	1	2, -1, -4, 0		2	2
40	39	271/2	271/2	1.0	1/4	1/4	4/4	4	1	#viio65		A	i		#viio65		#vii	o	65					o7	0	1	2, -1, -4, 5		5	2
40	39	273/2	273/2	1.0	1/2	1/2	4/4	4	1	V6		A	i		V6		V		6					M	0	1	5, 2, 1		1	5
40	39	275/2	275/2	1.0	3/4	3/4	4/4	4	1	V7		A	i		V7		V		7					Mm7	0	1	1, 5, 2, -1		1	1
41	40	277/2	277/2	1.0	0	0	4/4	4	1	i		A	i		i		i							m	0	1	0, -3, 1		0	0
41	40	279/2	279/2	1.0	1/4	1/4	4/4	4	1	i(11)		A	i		i(11)		i			11				m	0	1	0, -3, 1	-1	0	0
41	40	281/2	281/2	1.0	1/2	1/2	4/4	4	1	VI6		A	i		VI6		VI		6					M	0	1	0, -3, -4		-4	0
41	40	283/2	283/2	1.0	3/4	3/4	4/4	4	1	VI6(11)		A	i		VI6(11)		VI		6	11				M	0	1	0, -3, -4	2	-4	0
42	41	285/2	285/2	1.0	0	0	4/4	4	1	ii%7		A	i		ii%7		ii	%	7					%7	0	1	2, -1, -4, 0		2	2
42	41	287/2	287/2	1.0	1/4	1/4	4/4	4	1	#viio2(9)		A	i		#viio2(9)		#vii	o	2	9				o7	0	1	-4, 5, 2, -1	0	5	-4
42	41	289/2	289/2	1.0	1/2	1/2	4/4	4	1	V65		A	i		V65		V		65					Mm7	0	1	5, 2, -1, 1		1	5
42	41	291/2	291/2	1.0	3/4	3/4	4/4	4	1	V7		A	i		V7		V		7					Mm7	0	1	1, 5, 2, -1		1	1
43	42	293/2	293/2	4.0	0	0	4/4	4	1	i		A	i		i		i							m	0	1	0, -3, 1		0	0
44	43	301/2	301/2	4.0	0	0	4/4	4	1	v.iv2		A	v		iv2		iv		2					mm7	0	1	-3, -1, -4, 0		-1	-3
45	44	309/2	309/2	1.0	0	0	4/4	4	1	#viio65		A	v		#viio65		#vii	o	65					o7	0	1	2, -1, -4, 5		5	2
45	44	311/2	311/2	1.0	1/4	1/4	4/4	4	1	ii%7		A	v		ii%7		ii	%	7					%7	0	1	2, -1, -4, 0		2	2
45	44	313/2	313/2	2.0	1/2	1/2	4/4	4	1	VI6		A	v		VI6		VI		6					M	0	1	0, -3, -4		-4	0
46	45	317/2	317/2	1.0	0	0	4/4	4	1	V65(9)		A	v		V65(9)		V		65	9				Mm7	0	1	5, 2, -1, 1	-4	1	5
46	45	319/2	319/2	1.0	1/4	1/4	4/4	4	1	V43(9)		A	v		V43(9)		V		43	9				Mm7	0	1	2, -1, 1, 5	-4	1	2
46	45	321/2	321/2	1.0	1/2	1/2	4/4	4	1	V2(9)		A	v		V2(9)		V		2	9				Mm7	0	1	-1, 1, 5, 2	-4	1	-1
46	45	323/2	323/2	0.5	3/4	3/4	4/4	4	1	#vi%7		A	v		#vi%7		#vi	%	7					%7	0	1	3, 0, -3, 1		3	3
46	45	162	162	0.5	7/8	7/8	4/4	4	1	V65		A	v		V65		V		65					Mm7	0	1	5, 2, -1, 1		1	5
47	46	325/2	325/2	0.5	0	0	4/4	4	1	i(94)		A	v		i(94)		i			94				m	0	1	0, -1, 1	2	0	0
47	46	163	163	0.5	1/8	1/8	4/4	4	1	i6		A	v		i6		i		6					m	0	1	-3, 1, 0		0	-3
47	46	327/2	327/2	1.0	1/4	1/4	4/4	4	1	i64		A	v		i64		i		64					m	0	1	1, 0, -3		0	1
47	46	329/2	329/2	1.0	1/2	1/2	4/4	4	1	i\\		A	v		i		i						\\	m	0	1	0, -3, 1		0	0
47	46	331/2	331/2	1.0	3/4	3/4	4/4	4	1	i6		A	v		i6		i		6					m	0	1	-3, 1, 0		0	-3
48	47	333/2	333/2	1.0	0	0	4/4	4	1	iv		A	v		iv		iv							m	0	1	-1, -4, 0		-1	-1
48	47	335/2	335/2	1.0	1/4	1/4	4/4	4	1	iv(2)		A	v		iv(2)		iv			2				m	0	1	1, -4, 0		-1	1
48	47	337/2	337/2	1.0	1/2	1/2	4/4	4	1	iv6		A	v		iv6		iv		6					m	0	1	-4, 0, -1		-1	-4
48	47	339/2	339/2	1.0	3/4	3/4	4/4	4	1	i64		A	v		i64		i		64					m	0	1	1, 0, -3		0	1
49	48	341/2	341/2	1.0	0	0	4/4	4	1	iv7		A	v		iv7		iv		7					mm7	0	1	-1, -4, 0, -3		-1	-1
49	48	343/2	343/2	1.0	1/4	1/4	4/4	4	1	V(94)		A	v		V(94)		V			94				M	0	1	1, 0, 2	-4	1	1
49	48	345/2	345/2	1.0	1/2	1/2	4/4	4	1	ii%43		A	v		ii%43		ii	%	43					%7	0	1	-4, 0, 2, -1		2	-4
49	48	347/2	347/2	1.0	3/4	3/4	4/4	4	1	i64		A	v		i64		i		64					m	0	1	1, 0, -3		0	1
50	49	349/2	349/2	0.5	0	0	4/4	4	1	viio7/V		A	v		viio7/V		vii	o	7		V			o7	0	1	6, 3, 0, -3		6	6
50	49	175	175	0.5	1/8	1/8	4/4	4	1	V65/V		A	v		V65/V		V		65		V			Mm7	0	1	6, 3, 0, 2		2	6
50	49	351/2	351/2	0.75	1/4	1/4	4/4	4	1	V(#94)		A	v		V(#94)		V			#94				M	0	1	1, 0, 2	3	1	1
50	49	705/4	705/4	0.25	7/16	7/16	4/4	4	1	V(4)		A	v		V(4)		V			4				M	0	1	1, 0, 2		1	1
50	49	353/2	353/2	1.0	1/2	1/2	4/4	4	1	V43/V		A	v		V43/V		V		43		V			Mm7	0	1	3, 0, 2, 6		2	3
50	49	355/2	355/2	0.5	3/4	3/4	4/4	4	1	#vi%2		A	v		#vi%2		#vi	%	2					%7	0	1	1, 3, 0, -3		3	1
50	49	178	178	0.5	7/8	7/8	4/4	4	1	i64		A	v		i64		i		64					m	0	1	1, 0, -3		0	1
51	50	357/2	357/2	0.5	0	0	4/4	4	1	viio7/V		A	v		viio7/V		vii	o	7		V			o7	0	1	6, 3, 0, -3		6	6
51	50	179	179	0.5	1/8	1/8	4/4	4	1	V65/V		A	v		V65/V		V		65		V			Mm7	0	1	6, 3, 0, 2		2	6
51	50	359/2	359/2	0.75	1/4	1/4	4/4	4	1	V(#94)		A	v		V(#94)		V			#94				M	0	1	1, 0, 2	3	1	1
51	50	721/4	721/4	0.25	7/16	7/16	4/4	4	1	V(4)		A	v		V(4)		V			4				M	0	1	1, 0, 2		1	1
51	50	361/2	361/2	1.0	1/2	1/2	4/4	4	1	V43/V		A	v		V43/V		V		43		V			Mm7	0	1	3, 0, 2, 6		2	3
51	50	363/2	363/2	1.0	3/4	3/4	4/4	4	1	Fr6		A	v		Fr6	Fr	V		43	b5	V			Fr	0	1	-4, 0, 2, 6		2	-4
52	51	365/2	365/2	3.0	0	0	4/4	4	1	V\\		A	v		V		V						\\	M	0	1	1, 5, 2		1	1
52	51	371/2	371/2	2.0	3/4	3/4	4/4	4	1	VIM65		A	v		VIM65		VI	M	65					MM7	0	1	0, -3, 1, -4		-4	0
53	52	375/2	375/2	2.0	1/4	1/4	4/4	4	1	It6		A	v		It6	It	vii	o	6	b3	V			It	0	1	-4, 0, 6		6	-4
53	52	379/2	379/2	2.0	3/4	3/4	4/4	4	1	V(#764)		A	v		V(#764)		V			#764				M	0	1	1, 0, -3	6	1	1
54	53	383/2	383/2	1.0	1/4	1/4	4/4	4	1	V7(64)		A	v		V7(64)		V		7	64				Mm7	0	1	1, 0, -3, -1		1	1
54	53	385/2	385/2	1.0	1/2	1/2	4/4	4	1	V(964)		A	v		V(964)		V			964				M	0	1	1, 0, -3	-4	1	1
54	53	387/2	387/2	1.0	3/4	3/4	4/4	4	1	#viio2		A	v		#viio2		#vii	o	2					o7	0	1	-4, 5, 2, -1		5	-4
55	54	389/2	389/2	1.0	0	0	4/4	4	1	i6(13)		A	v		i6(13)		i		6	13				m	0	1	-3, 1, 0	-4	0	-3
55	54	391/2	391/2	1.0	1/4	1/4	4/4	4	1	#viio65		A	v		#viio65		#vii	o	65					o7	0	1	2, -1, -4, 5		5	2
55	54	393/2	393/2	1.0	1/2	1/2	4/4	4	1	#viio		A	v		#viio		#vii	o						o	0	1	5, 2, -1		5	5
55	54	395/2	395/2	0.75	3/4	3/4	4/4	4	1	V7(64)		A	v		V7(64)		V		7	64				Mm7	0	1	1, 0, -3, -1		1	1
55	54	793/4	793/4	0.25	15/16	15/16	4/4	4	1	V7		A	v		V7		V		7					Mm7	0	1	1, 5, 2, -1		1	1
56	55	397/2	397/2	1.0	0	0	4/4	4	1	i\\		A	v		i		i						\\	m	0	1	0, -3, 1		0	0
56	55	399/2	399/2	2.0	1/4	1/4	4/4	4	1	v		A	v		v		v							m	0	1	1, -2, 2		1	1
56	55	403/2	403/2	2.0	3/4	3/4	4/4	4	1	#vi%43		A	v		#vi%43		#vi	%	43					%7	0	1	-3, 1, 3, 0		3	-3
57	56	407/2	407/2	1.0	1/4	1/4	4/4	4	1	viio2/V		A	v		viio2/V		vii	o	2		V			o7	0	1	-3, 6, 3, 0		6	-3
57	56	409/2	409/2	1.0	1/2	1/2	4/4	4	1	V2/VII		A	v		V2/VII		V		2		VII			Mm7	0	1	-3, -1, 3, 0		-1	-3
57	56	411/2	411/2	2.0	3/4	3/4	4/4	4	1	ii%43		A	v		ii%43		ii	%	43					%7	0	1	-4, 0, 2, -1		2	-4
58	57	415/2	415/2	1.0	1/4	1/4	4/4	4	1	V		A	v		V		V							M	0	1	1, 5, 2		1	1
58	57	417/2	417/2	1.0	1/2	1/2	4/4	4	1	#viio43		A	v		#viio43		#vii	o	43					o7	0	1	-1, -4, 5, 2		5	-1
58	57	419/2	419/2	1.0	3/4	3/4	4/4	4	1	i6		A	v		i6		i		6					m	0	1	-3, 1, 0		0	-3
59	58	421/2	421/2	1.0	0	0	4/4	4	1	V64		A	v		V64		V		64					M	0	1	2, 1, 5		1	2
59	58	423/2	423/2	1.0	1/4	1/4	4/4	4	1	i		A	v		i		i							m	0	1	0, -3, 1		0	0
59	58	425/2	425/2	1.0	1/2	1/2	4/4	4	1	V(#9)		A	v		V(#9)		V			#9				M	0	1	1, 5, 2	3	1	1
59	58	427/2	427/2	1.0	3/4	3/4	4/4	4	1	V7		A	v		V7		V		7					Mm7	0	1	1, 5, 2, -1		1	1
60	59	429/2	429/2	1.0	0	0	4/4	4	1	i\\		A	v		i		i						\\	m	0	1	0, -3, 1		0	0
60	59	431/2	431/2	1.0	1/4	1/4	4/4	4	1	v		A	v		v		v							m	0	1	1, -2, 2		1	1
60	59	433/2	433/2	1.0	1/2	1/2	4/4	4	1	i64		A	v		i64		i		64					m	0	1	1, 0, -3		0	1
60	59	435/2	435/2	1.0	3/4	3/4	4/4	4	1	i6		A	v		i6		i		6					m	0	1	-3, 1, 0		0	-3
61	60	437/2	437/2	2.0	0	0	4/4	4	1	V43		A	v		V43		V		43					Mm7	0	1	2, -1, 1, 5		1	2
61	60	441/2	441/2	1.0	1/2	1/2	4/4	4	1	V6		A	v		V6		V		6					M	0	1	5, 2, 1		1	5
61	60	443/2	443/2	1.0	3/4	3/4	4/4	4	1	V65		A	v		V65		V		65					Mm7	0	1	5, 2, -1, 1		1	5
62	61	445/2	445/2	2.0	0	0	4/4	4	1	i		A	v		i		i							m	0	1	0, -3, 1		0	0
62	61	449/2	449/2	2.0	1/2	1/2	4/4	4	1	i6		A	v		i6		i		6					m	0	1	-3, 1, 0		0	-3
63	62	453/2	453/2	1.0	0	0	4/4	4	1	V64		A	v		V64		V		64					M	0	1	2, 1, 5		1	2
63	62	455/2	455/2	1.0	1/4	1/4	4/4	4	1	V43		A	v		V43		V		43					Mm7	0	1	2, -1, 1, 5		1	2
63	62	457/2	457/2	1.0	1/2	1/2	4/4	4	1	V6		A	v		V6		V		6					M	0	1	5, 2, 1		1	5
63	62	459/2	459/2	1.0	3/4	3/4	4/4	4	1	V65		A	v		V65		V		65					Mm7	0	1	5, 2, -1, 1		1	5
64	63	461/2	461/2	1.0	0	0	4/4	4	1	i\\		A	v		i		i						\\	m	0	1	0, -3, 1		0	0
64	63	463/2	463/2	1.0	1/4	1/4	4/4	4	1	i6		A	v		i6		i		6					m	0	1	-3, 1, 0		0	-3
64	63	465/2	465/2	2.0	1/2	1/2	4/4	4	1	VI		A	v		VI		VI							M	0	1	-4, 0, -3		-4	-4
65	64	469/2	469/2	2.0	0	0	4/4	4	1	bII		A	v		bII		bII							M	0	1	-5, -1, -4		-5	-5
65	64	473/2	473/2	2.0	1/2	1/2	4/4	4	1	VI		A	v		VI		VI							M	0	1	-4, 0, -3		-4	-4
66	65	477/2	477/2	2.0	0	0	4/4	4	1	bII		A	v		bII		bII							M	0	1	-5, -1, -4		-5	-5
66	65	481/2	481/2	1.0	1/2	1/2	4/4	4	1	VI		A	v		VI		VI							M	0	1	-4, 0, -3		-4	-4
66	65	483/2	483/2	0.5	3/4	3/4	4/4	4	1	i43		A	v		i43		i		43					mm7	0	1	1, -2, 0, -3		0	1
66	65	242	242	0.5	7/8	7/8	4/4	4	1	iv		A	v		iv		iv							m	0	1	-1, -4, 0		-1	-1
67	66	485/2	485/2	1.0	0	0	4/4	4	1	i		A	v		i		i							m	0	1	0, -3, 1		0	0
67	66	487/2	487/2	0.5	1/4	1/4	4/4	4	1	V7		A	v		V7		V		7					Mm7	0	1	1, 5, 2, -1		1	1
67	66	244	244	0.5	3/8	3/8	4/4	4	1	V(64)		A	v		V(64)		V			64				M	0	1	1, 0, -3		1	1
67	66	489/2	489/2	1.0	1/2	1/2	4/4	4	1	V7		A	v		V7		V		7					Mm7	0	1	1, 5, 2, -1		1	1
67	66	491/2	491/2	0.5	3/4	3/4	4/4	4	1	V(64)		A	v		V(64)		V			64				M	0	1	1, 0, -3		1	1
67	66	246	246	0.5	7/8	7/8	4/4	4	1	V7		A	v		V7		V		7					Mm7	0	1	1, 5, 2, -1		1	1
68	67	493/2	493/2	1.0	0	0	4/4	4	1	i\\		A	v		i		i						\\	m	0	1	0, -3, 1		0	0
68	67	495/2	495/2	1.0	1/4	1/4	4/4	4	1	v		A	v		v		v							m	0	1	1, -2, 2		1	1
68	67	497/2	497/2	2.0	1/2	1/2	4/4	4	1	i		A	v		i		i							m	0	1	0, -3, 1		0	0
69	68	501/2	501/2	1.0	0	0	4/4	4	1	V43		A	v		V43		V		43					Mm7	0	1	2, -1, 1, 5		1	2
69	68	503/2	503/2	1.0	1/4	1/4	4/4	4	1	V64		A	v		V64		V		64					M	0	1	2, 1, 5		1	2
69	68	505/2	505/2	2.0	1/2	1/2	4/4	4	1	V65		A	v		V65		V		65					Mm7	0	1	5, 2, -1, 1		1	5
70	69	509/2	509/2	1.0	0	0	4/4	4	1	i\\		A	v		i		i						\\	m	0	1	0, -3, 1		0	0
70	69	511/2	511/2	2.0	1/4	1/4	4/4	4	1	i64		A	v		i64		i		64					m	0	1	1, 0, -3		0	1
70	69	515/2	515/2	1.0	3/4	3/4	4/4	4	1	i6		A	v		i6		i		6					m	0	1	-3, 1, 0		0	-3
71	70	517/2	517/2	1.0	0	0	4/4	4	1	V2		A	v		V2		V		2					Mm7	0	1	-1, 1, 5, 2		1	-1
71	70	519/2	519/2	1.0	1/4	1/4	4/4	4	1	V64		A	v		V64		V		64					M	0	1	2, 1, 5		1	2
71	70	521/2	521/2	1.0	1/2	1/2	4/4	4	1	V43		A	v		V43		V		43					Mm7	0	1	2, -1, 1, 5		1	2
71	70	523/2	523/2	1.0	3/4	3/4	4/4	4	1	V65		A	v		V65		V		65					Mm7	0	1	5, 2, -1, 1		1	5
72	71	525/2	525/2	1.0	0	0	4/4	4	1	i\\		A	v		i		i						\\	m	0	1	0, -3, 1		0	0
72	71	527/2	527/2	1.0	1/4	1/4	4/4	4	1	V65/iv		A	v		V65/iv		V		65		iv			Mm7	0	1	4, 1, -2, 0		0	4
72	71	529/2	529/2	1.0	1/2	1/2	4/4	4	1	iv		A	v		iv		iv							m	0	1	-1, -4, 0		-1	-1
72	71	531/2	531/2	1.0	3/4	3/4	4/4	4	1	V65/iv		A	v		V65/iv		V		65		iv			Mm7	0	1	4, 1, -2, 0		0	4
73	72	533/2	533/2	1.0	0	0	4/4	4	1	iv		A	v		iv		iv							m	0	1	-1, -4, 0		-1	-1
73	72	535/2	535/2	0.5	1/4	1/4	4/4	4	1	V7		A	v		V7		V		7					Mm7	0	1	1, 5, 2, -1		1	1
73	72	268	268	0.5	3/8	3/8	4/4	4	1	V(64)		A	v		V(64)		V			64				M	0	1	1, 0, -3		1	1
73	72	537/2	537/2	1.0	1/2	1/2	4/4	4	1	V7		A	v		V7		V		7					Mm7	0	1	1, 5, 2, -1		1	1
73	72	539/2	539/2	0.5	3/4	3/4	4/4	4	1	V(64)		A	v		V(64)		V			64				M	0	1	1, 0, -3		1	1
73	72	270	270	0.5	7/8	7/8	4/4	4	1	V7		A	v		V7		V		7					Mm7	0	1	1, 5, 2, -1		1	1
74	73	541/2	541/2	1.0	0	0	4/4	4	1	i\\		A	v		i		i						\\	m	0	1	0, -3, 1		0	0
74	73	543/2	543/2	1.0	1/4	1/4	4/4	4	1	V65/iv		A	v		V65/iv		V		65		iv			Mm7	0	1	4, 1, -2, 0		0	4
74	73	545/2	545/2	1.0	1/2	1/2	4/4	4	1	iv7		A	v		iv7		iv		7					mm7	0	1	-1, -4, 0, -3		-1	-1
74	73	547/2	547/2	1.0	3/4	3/4	4/4	4	1	bIIM65		A	v		bIIM65		bII	M	65					MM7	0	1	-1, -4, 0, -5		-5	-1
75	74	549/2	549/2	1.0	0	0	4/4	4	1	ii%7/iv		A	v		ii%7/iv		ii	%	7		iv			%7	0	1	1, -2, -5, -1		1	1
75	74	551/2	551/2	1.0	1/4	1/4	4/4	4	1	#viio65/iv		A	v		#viio65/iv		#vii	o	65		iv			o7	0	1	1, -2, -5, 4		4	1
75	74	553/2	553/2	1.0	1/2	1/2	4/4	4	1	VIM7		A	v		VIM7		VI	M	7					MM7	0	1	-4, 0, -3, 1		-4	-4
75	74	555/2	555/2	1.0	3/4	3/4	4/4	4	1	V65/VII		A	v		V65/VII		V		65		VII			Mm7	0	1	3, 0, -3, -1		-1	3
76	75	557/2	557/2	1.0	0	0	4/4	4	1	V7/III		A	v		V7/III		V		7		III			Mm7	0	1	-2, 2, -1, -4		-2	-2
76	75	559/2	559/2	1.0	1/4	1/4	4/4	4	1	V		A	v		V		V							M	0	1	1, 5, 2		1	1
76	75	561/2	561/2	0.5	1/2	1/2	4/4	4	1	i		A	v		i		i							m	0	1	0, -3, 1		0	0
76	75	281	281	0.5	5/8	5/8	4/4	4	1	V		A	v		V		V							M	0	1	1, 5, 2		1	1
76	75	563/2	563/2	0.5	3/4	3/4	4/4	4	1	i		A	v		i		i							m	0	1	0, -3, 1		0	0
76	75	282	282	0.5	7/8	7/8	4/4	4	1	V		A	v		V		V							M	0	1	1, 5, 2		1	1
77	76	565/2	565/2	1.0	0	0	4/4	4	1	i		A	v		i		i							m	0	1	0, -3, 1		0	0
77	76	567/2	567/2	1.0	1/4	1/4	4/4	4	1	V		A	v		V		V							M	0	1	1, 5, 2		1	1
77	76	569/2	569/2	0.5	1/2	1/2	4/4	4	1	i		A	v		i		i							m	0	1	0, -3, 1		0	0
77	76	285	285	0.5	5/8	5/8	4/4	4	1	V		A	v		V		V							M	0	1	1, 5, 2		1	1
77	76	571/2	571/2	0.5	3/4	3/4	4/4	4	1	i		A	v		i		i							m	0	1	0, -3, 1		0	0
77	76	286	286	0.5	7/8	7/8	4/4	4	1	V		A	v		V		V							M	0	1	1, 5, 2		1	1
78	77	573/2	573/2	2.0	0	0	4/4	4	1	i		A	v		i		i							m	0	1	0, -3, 1		0	0
78	77	577/2	577/2	1.0	1/2	1/2	4/4	4	1	i6(9)		A	v		i6(9)		i		6	9				m	0	1	-3, 1, 0	2	0	-3
78	77	579/2	579/2	1.0	3/4	3/4	4/4	4	1	i6		A	v		i6		i		6					m	0	1	-3, 1, 0		0	-3
79	78	581/2	581/2	1.0	0	0	4/4	4	1	ii%65		A	v		ii%65		ii	%	65					%7	0	1	-1, -4, 0, 2		2	-1
79	78	583/2	583/2	1.0	1/4	1/4	4/4	4	1	iv		A	v		iv		iv							m	0	1	-1, -4, 0		-1	-1
79	78	585/2	585/2	2.0	1/2	1/2	4/4	4	1	VI		A	v		VI		VI							M	0	1	-4, 0, -3		-4	-4
80	79	589/2	589/2	2.0	0	0	4/4	4	1	V(64)		A	v		V(64)		V			64				M	0	1	1, 0, -3		1	1
80	79	593/2	593/2	1.0	1/2	1/2	4/4	4	1	V65/V		A	v		V65/V		V		65		V			Mm7	0	1	6, 3, 0, 2		2	6
80	79	595/2	595/2	1.0	3/4	3/4	4/4	4	1	viio7/V		A	v		viio7/V		vii	o	7		V			o7	0	1	6, 3, 0, -3		6	6
81	80	597/2	597/2	1.0	0	0	4/4	4	1	V(4)		A	v		V(4)		V			4				M	0	1	1, 0, 2		1	1
81	80	599/2	599/2	1.0	1/4	1/4	4/4	4	1	V(64)		A	v		V(64)		V			64				M	0	1	1, 0, -3		1	1
81	80	601/2	601/2	2.0	1/2	1/2	4/4	4	1	V2		A	v		V2		V		2					Mm7	0	1	-1, 1, 5, 2		1	-1
82	81	605/2	605/2	2.0	0	0	4/4	4	1	i\\		A	v		i		i						\\	m	0	1	0, -3, 1		0	0
82	81	609/2	609/2	1.0	1/2	1/2	4/4	4	1	i6(9)		A	v		i6(9)		i		6	9				m	0	1	-3, 1, 0	2	0	-3
82	81	611/2	611/2	1.0	3/4	3/4	4/4	4	1	i6		A	v		i6		i		6					m	0	1	-3, 1, 0		0	-3
83	82	613/2	613/2	1.0	0	0	4/4	4	1	ii%65		A	v		ii%65		ii	%	65					%7	0	1	-1, -4, 0, 2		2	-1
83	82	615/2	615/2	1.0	1/4	1/4	4/4	4	1	iv		A	v		iv		iv							m	0	1	-1, -4, 0		-1	-1
83	82	617/2	617/2	2.0	1/2	1/2	4/4	4	1	iv6		A	v		iv6		iv		6					m	0	1	-4, 0, -1		-1	-4
84	83	621/2	621/2	2.0	0	0	4/4	4	1	V(64)		A	v		V(64)		V			64				M	0	1	1, 0, -3		1	1
84	83	625/2	625/2	1.0	1/2	1/2	4/4	4	1	viio7(13)/V		A	v		viio7(13)/V		vii	o	7	13	V			o7	0	1	6, 3, 0, -3	2	6	6
84	83	627/2	627/2	1.0	3/4	3/4	4/4	4	1	viio7/V		A	v		viio7/V		vii	o	7		V			o7	0	1	6, 3, 0, -3		6	6
85	84	629/2	629/2	1.0	0	0	4/4	4	1	V(134)		A	v		V(134)		V			134				M	0	1	1, 0, 2	-3	1	1
85	84	631/2	631/2	1.0	1/4	1/4	4/4	4	1	V(64)		A	v		V(64)		V			64				M	0	1	1, 0, -3		1	1
85	84	633/2	633/2	2.0	1/2	1/2	4/4	4	1	V7		A	v		V7		V		7					Mm7	0	1	1, 5, 2, -1		1	1
86	85	637/2	637/2	1.0	0	0	4/4	4	1	i\\		A	v		i		i						\\	m	0	1	0, -3, 1		0	0
86	85	639/2	639/2	1.0	1/4	1/4	4/4	4	1	i65		A	v		i65		i		65					mm7	0	1	-3, 1, -2, 0		0	-3
86	85	641/2	641/2	1.0	1/2	1/2	4/4	4	1	iv		A	v		iv		iv							m	0	1	-1, -4, 0		-1	-1
86	85	643/2	643/2	1.0	3/4	3/4	4/4	4	1	i64		A	v		i64		i		64					m	0	1	1, 0, -3		0	1
87	86	645/2	645/2	1.0	0	0	4/4	4	1	ii%43		A	v		ii%43		ii	%	43					%7	0	1	-4, 0, 2, -1		2	-4
87	86	647/2	647/2	1.0	1/4	1/4	4/4	4	1	#viio2		A	v		#viio2		#vii	o	2					o7	0	1	-4, 5, 2, -1		5	-4
87	86	649/2	649/2	2.0	1/2	1/2	4/4	4	1	V7		A	v		V7		V		7					Mm7	0	1	1, 5, 2, -1		1	1
88	87	653/2	653/2	1.0	0	0	4/4	4	1	i		A	v		i		i							m	0	1	0, -3, 1		0	0
88	87	655/2	655/2	1.0	1/4	1/4	4/4	4	1	V65/iv		A	v		V65/iv		V		65		iv			Mm7	0	1	4, 1, -2, 0		0	4
88	87	657/2	657/2	1.0	1/2	1/2	4/4	4	1	iv		A	v		iv		iv							m	0	1	-1, -4, 0		-1	-1
88	87	659/2	659/2	1.0	3/4	3/4	4/4	4	1	i64		A	v		i64		i		64					m	0	1	1, 0, -3		0	1
89	88	661/2	661/2	1.0	0	0	4/4	4	1	ii%43		A	v		ii%43		ii	%	43					%7	0	1	-4, 0, 2, -1		2	-4
89	88	663/2	663/2	1.0	1/4	1/4	4/4	4	1	#viio2		A	v		#viio2		#vii	o	2					o7	0	1	-4, 5, 2, -1		5	-4
89	88	665/2	665/2	1.0	1/2	1/2	4/4	4	1	V7		A	v		V7		V		7					Mm7	0	1	1, 5, 2, -1		1	1
89	88	667/2	667/2	2.0	3/4	3/4	4/4	4	1	V7(9)		A	v		V7(9)		V		7	9				Mm7	0	1	1, 5, 2, -1	-4	1	1
90	89	671/2	671/2	2.0	1/4	1/4	4/4	4	1	V7		A	v		V7		V		7					Mm7	0	1	1, 5, 2, -1		1	1
90	89	675/2	675/2	1.0	3/4	3/4	4/4	4	1	#viio43		A	v		#viio43		#vii	o	43					o7	0	1	-1, -4, 5, 2		5	-1
91	90	677/2	677/2	2.0	0	0	4/4	4	1	i.V65(9)		A	i		V65(9)		V		65	9				Mm7	0	1	5, 2, -1, 1	-4	1	5
91	90	681/2	681/2	4.0	1/2	1/2	4/4	4	1	V65		A	i		V65		V		65					Mm7	0	1	5, 2, -1, 1		1	5
92	91	689/2	689/2	2.0	1/2	1/2	4/4	4	1	V65(9)		A	i		V65(9)		V		65	9				Mm7	0	1	5, 2, -1, 1	-4	1	5
93	92	693/2	693/2	2.0	0	0	4/4	4	1	V65		A	i		V65		V		65					Mm7	0	1	5, 2, -1, 1		1	5
93	92	697/2	697/2	1.0	1/2	1/2	4/4	4	1	V7(9)		A	i		V7(9)		V		7	9				Mm7	0	1	1, 5, 2, -1	-4	1	1
93	92	699/2	699/2	1.0	3/4	3/4	4/4	4	1	V		A	i		V		V							M	0	1	1, 5, 2		1	1
94	93	701/2	701/2	1.0	0	0	4/4	4	1	V7		A	i		V7		V		7					Mm7	0	1	1, 5, 2, -1		1	1
94	93	703/2	703/2	2.0	1/4	1/4	4/4	4	1	V6		A	i		V6		V		6					M	0	1	5, 2, 1		1	5
94	93	707/2	707/2	1.0	3/4	3/4	4/4	4	1	#viio6		A	i		#viio6		#vii	o	6					o	0	1	2, -1, 5		5	2
95	94	709/2	709/2	1.0	0	0	4/4	4	1	#viio		A	i		#viio		#vii	o						o	0	1	5, 2, -1		5	5
95	94	711/2	711/2	2.0	1/4	1/4	4/4	4	1	#viio6		A	i		#viio6		#vii	o	6					o	0	1	2, -1, 5		5	2
95	94	715/2	715/2	1.0	3/4	3/4	4/4	4	1	iio6		A	i		iio6		ii	o	6					o	0	1	-1, -4, 2		2	-1
96	95	717/2	717/2	1.0	0	0	4/4	4	1	iio		A	i		iio		ii	o						o	0	1	2, -1, -4		2	2
96	95	719/2	719/2	1.0	1/4	1/4	4/4	4	1	V2		A	i		V2		V		2					Mm7	0	1	-1, 1, 5, 2		1	-1
96	95	721/2	721/2	1.0	1/2	1/2	4/4	4	1	#viio43		A	i		#viio43		#vii	o	43					o7	0	1	-1, -4, 5, 2		5	-1
96	95	723/2	723/2	1.0	3/4	3/4	4/4	4	1	VI64		A	i		VI64		VI		64					M	0	1	-3, -4, 0		-4	-3
97	96	725/2	725/2	1.0	0	0	4/4	4	1	#viio2/iv		A	i		#viio2/iv		#vii	o	2		iv			o7	0	1	-5, 4, 1, -2		4	-5
97	96	727/2	727/2	1.0	1/4	1/4	4/4	4	1	V7/iv		A	i		V7/iv		V		7		iv			Mm7	0	1	0, 4, 1, -2		0	0
97	96	729/2	729/2	1.0	1/2	1/2	4/4	4	1	iio6/iv		A	i		iio6/iv		ii	o	6		iv			o	0	1	-2, -5, 1		1	-2
97	96	731/2	731/2	1.0	3/4	3/4	4/4	4	1	#viio65(4)/iv		A	i		#viio65(4)/iv		#vii	o	65	4	iv			o7	0	1	-4, -2, -5, 4		4	-4
98	97	733/2	733/2	1.0	0	0	4/4	4	1	iio/iv		A	i		iio/iv		ii	o			iv			o	0	1	1, -2, -5		1	1
98	97	735/2	735/2	1.0	1/4	1/4	4/4	4	1	ii%2/iv		A	i		ii%2/iv		ii	%	2		iv			%7	0	1	-1, 1, -2, -5		1	-1
98	97	737/2	737/2	1.0	1/2	1/2	4/4	4	1	#viio/iv		A	i		#viio/iv		#vii	o			iv			o	0	1	4, 1, -2		4	4
98	97	739/2	739/2	1.0	3/4	3/4	4/4	4	1	iv64/ii		A	i		iv64/ii		iv		64		ii			m	0	1	2, 1, -2		1	2
99	98	741/2	741/2	4.0	0	0	4/4	4	1	V2/ii		A	i		V2/ii		V		2		ii			Mm7	0	1	1, 3, 7, 4		3	1
100	99	749/2	749/2	2.0	0	0	4/4	4	1	ii6		A	i		ii6		ii		6					m	0	1	-1, 3, 2		2	-1
100	99	753/2	753/2	1.0	1/2	1/2	4/4	4	1	iv(#13)/ii		A	i		iv(#13)/ii		iv			#13	ii			m	0	1	1, -2, 2	11	1	1
100	99	755/2	755/2	1.0	3/4	3/4	4/4	4	1	iv/ii		A	i		iv/ii		iv				ii			m	0	1	1, -2, 2		1	1
101	100	757/2	757/2	1.0	0	0	4/4	4	1	V(964)/ii		A	i		V(964)/ii		V			964	ii			M	0	1	3, 2, -1	-2	3	3
101	100	759/2	759/2	1.0	1/4	1/4	4/4	4	1	V(64)/ii		A	i		V(64)/ii		V			64	ii			M	0	1	3, 2, -1		3	3
101	100	761/2	761/2	2.0	1/2	1/2	4/4	4	1	V2/ii		A	i		V2/ii		V		2		ii			Mm7	0	1	1, 3, 7, 4		3	1
102	101	765/2	765/2	2.0	0	0	4/4	4	1	ii6		A	i		ii6		ii		6					m	0	1	-1, 3, 2		2	-1
102	101	769/2	769/2	1.0	1/2	1/2	4/4	4	1	iv(#11)/ii		A	i		iv(#11)/ii		iv			#11	ii			m	0	1	1, -2, 2	7	1	1
102	101	771/2	771/2	1.0	3/4	3/4	4/4	4	1	iv/ii		A	i		iv/ii		iv				ii			m	0	1	1, -2, 2		1	1
103	102	773/2	773/2	2.0	0	0	4/4	4	1	V7/ii		A	i		V7/ii		V		7		ii			Mm7	0	1	3, 7, 4, 1		3	3
103	102	777/2	777/2	2.0	1/2	1/2	4/4	4	1	V2/ii		A	i		V2/ii		V		2		ii			Mm7	0	1	1, 3, 7, 4		3	1
104	103	781/2	781/2	2.0	0	0	4/4	4	1	VII64		A	i		VII64		VII		64					M	0	1	-1, -2, 2		-2	-1
104	103	785/2	785/2	1.0	1/2	1/2	4/4	4	1	v6		A	i		v6		v		6					m	0	1	-2, 2, 1		1	-2
104	103	787/2	787/2	1.0	3/4	3/4	4/4	4	1	III6		A	i		III6		III		6					M	0	1	1, -2, -3		-3	1
105	104	789/2	789/2	1.0	0	0	4/4	4	1	i6		A	i		i6		i		6					m	0	1	-3, 1, 0		0	-3
105	104	791/2	791/2	1.0	1/4	1/4	4/4	4	1	i		A	i		i		i							m	0	1	0, -3, 1		0	0
105	104	793/2	793/2	1.0	1/2	1/2	4/4	4	1	iio/v		A	i		iio/v		ii	o			v			o	0	1	3, 0, -3		3	3
105	104	795/2	795/2	1.0	3/4	3/4	4/4	4	1	#viio7/v		A	i		#viio7/v		#vii	o	7		v			o7	0	1	6, 3, 0, -3		6	6
106	105	797/2	797/2	1.0	0	0	4/4	4	1	V7/v		A	i		V7/v		V		7		v			Mm7	0	1	2, 6, 3, 0		2	2
106	105	799/2	799/2	1.0	1/4	1/4	4/4	4	1	V/v		A	i		V/v		V				v			M	0	1	2, 6, 3		2	2
106	105	801/2	801/2	1.0	1/2	1/2	4/4	4	1	V64/v		A	i		V64/v		V		64		v			M	0	1	3, 2, 6		2	3
106	105	803/2	803/2	1.0	3/4	3/4	4/4	4	1	V43/v		A	i		V43/v		V		43		v			Mm7	0	1	3, 0, 2, 6		2	3
107	106	805/2	805/2	1.0	0	0	4/4	4	1	#viio43		A	i		#viio43		#vii	o	43					o7	0	1	-1, -4, 5, 2		5	-1
107	106	807/2	807/2	1.0	1/4	1/4	4/4	4	1	#viio64		A	i		#viio64		#vii	o	64					o	0	1	-1, 5, 2		5	-1
107	106	809/2	809/2	1.0	1/2	1/2	4/4	4	1	iio		A	i		iio		ii	o						o	0	1	2, -1, -4		2	2
107	106	811/2	811/2	1.0	3/4	3/4	4/4	4	1	#viio		A	i		#viio		#vii	o						o	0	1	5, 2, -1		5	5
108	107	813/2	813/2	1.0	0	0	4/4	4	1	#viio2		A	i		#viio2		#vii	o	2					o7	0	1	-4, 5, 2, -1		5	-4
108	107	815/2	815/2	1.0	1/4	1/4	4/4	4	1	#viio64		A	i		#viio64		#vii	o	64					o	0	1	-1, 5, 2		5	-1
108	107	817/2	817/2	1.0	1/2	1/2	4/4	4	1	#viio65		A	i		#viio65		#vii	o	65					o7	0	1	2, -1, -4, 5		5	2
108	107	819/2	819/2	1.0	3/4	3/4	4/4	4	1	#viio7		A	i		#viio7		#vii	o	7					o7	0	1	5, 2, -1, -4		5	5
109	108	821/2	821/2	1.0	0	0	4/4	4	1	#viio7/iv		A	i		#viio7/iv		#vii	o	7		iv			o7	0	1	4, 1, -2, -5		4	4
109	108	823/2	823/2	1.0	1/4	1/4	4/4	4	1	#viio65/iv		A	i		#viio65/iv		#vii	o	65		iv			o7	0	1	1, -2, -5, 4		4	1
109	108	825/2	825/2	1.0	1/2	1/2	4/4	4	1	#viio43/iv		A	i		#viio43/iv		#vii	o	43		iv			o7	0	1	-2, -5, 4, 1		4	-2
109	108	827/2	827/2	1.0	3/4	3/4	4/4	4	1	#viio65/iv		A	i		#viio65/iv		#vii	o	65		iv			o7	0	1	1, -2, -5, 4		4	1
110	109	829/2	829/2	1.0	0	0	4/4	4	1	#viio7/iv		A	i		#viio7/iv		#vii	o	7		iv			o7	0	1	4, 1, -2, -5		4	4
110	109	831/2	831/2	1.0	1/4	1/4	4/4	4	1	#viio65/iv		A	i		#viio65/iv		#vii	o	65		iv			o7	0	1	1, -2, -5, 4		4	1
110	109	833/2	833/2	1.0	1/2	1/2	4/4	4	1	#viio43/iv		A	i		#viio43/iv		#vii	o	43		iv			o7	0	1	-2, -5, 4, 1		4	-2
110	109	835/2	835/2	1.0	3/4	3/4	4/4	4	1	#viio65/iv		A	i		#viio65/iv		#vii	o	65		iv			o7	0	1	1, -2, -5, 4		4	1
111	110	837/2	837/2	1.0	0	0	4/4	4	1	#viio7/iv		A	i		#viio7/iv		#vii	o	7		iv			o7	0	1	4, 1, -2, -5		4	4
111	110	839/2	839/2	1.0	1/4	1/4	4/4	4	1	#viio43/iv		A	i		#viio43/iv		#vii	o	43		iv			o7	0	1	-2, -5, 4, 1		4	-2
111	110	841/2	841/2	1.0	1/2	1/2	4/4	4	1	#viio7/iv		A	i		#viio7/iv		#vii	o	7		iv			o7	0	1	4, 1, -2, -5		4	4
111	110	843/2	843/2	1.0	3/4	3/4	4/4	4	1	#viio43/iv		A	i		#viio43/iv		#vii	o	43		iv			o7	0	1	-2, -5, 4, 1		4	-2
112	111	845/2	845/2	1.0	0	0	4/4	4	1	#viio7/v		A	i		#viio7/v		#vii	o	7		v			o7	0	1	6, 3, 0, -3		6	6
112	111	847/2	847/2	1.0	1/4	1/4	4/4	4	1	iio/v		A	i		iio/v		ii	o			v			o	0	1	3, 0, -3		3	3
112	111	849/2	849/2	1.0	1/2	1/2	4/4	4	1	#viio7/v		A	i		#viio7/v		#vii	o	7		v			o7	0	1	6, 3, 0, -3		6	6
112	111	851/2	851/2	1.0	3/4	3/4	4/4	4	1	iio/v		A	i		iio/v		ii	o			v			o	0	1	3, 0, -3		3	3
113	112	853/2	853/2	1.0	0	0	4/4	4	1	#viio43/v		A	i		#viio43/v		#vii	o	43		v			o7	0	1	0, -3, 6, 3		6	0
113	112	855/2	855/2	1.0	1/4	1/4	4/4	4	1	iio/v		A	i		iio/v		ii	o			v			o	0	1	3, 0, -3		3	3
113	112	857/2	857/2	1.0	1/2	1/2	4/4	4	1	#viio7/v		A	i		#viio7/v		#vii	o	7		v			o7	0	1	6, 3, 0, -3		6	6
113	112	859/2	859/2	1.0	3/4	3/4	4/4	4	1	iio/v		A	i		iio/v		ii	o			v			o	0	1	3, 0, -3		3	3
114	113	861/2	861/2	1.0	0	0	4/4	4	1	i		A	i		i		i							m	0	1	0, -3, 1		0	0
114	113	863/2	863/2	1.0	1/4	1/4	4/4	4	1	i6		A	i		i6		i		6					m	0	1	-3, 1, 0		0	-3
114	113	865/2	865/2	1.0	1/2	1/2	4/4	4	1	i64		A	i		i64		i		64					m	0	1	1, 0, -3		0	1
114	113	867/2	867/2	1.0	3/4	3/4	4/4	4	1	i6		A	i		i6		i		6					m	0	1	-3, 1, 0		0	-3
115	114	869/2	869/2	1.0	0	0	4/4	4	1	VIM7		A	i		VIM7		VI	M	7					MM7	0	1	-4, 0, -3, 1		-4	-4
115	114	871/2	871/2	1.0	1/4	1/4	4/4	4	1	iio6/VII		A	i		iio6/VII		ii	o	6		VII			o	0	1	-3, -6, 0		0	-3
115	114	873/2	873/2	1.0	1/2	1/2	4/4	4	1	viio7/VII		A	i		viio7/VII		vii	o	7		VII			o7	0	1	3, 0, -3, -6		3	3
115	114	875/2	875/2	1.0	3/4	3/4	4/4	4	1	V2/VII		A	i		V2/VII		V		2		VII			Mm7	0	1	-3, -1, 3, 0		-1	-3
116	115	877/2	877/2	1.0	0	0	4/4	4	1	VII(94)		A	i		VII(94)		VII			94				M	0	1	-2, -3, -1	0	-2	-2
116	115	879/2	879/2	1.0	1/4	1/4	4/4	4	1	V43/III		A	i		V43/III		V		43		III			Mm7	0	1	-1, -4, -2, 2		-2	-1
116	115	881/2	881/2	1.0	1/2	1/2	4/4	4	1	#viio7		A	i		#viio7		#vii	o	7					o7	0	1	5, 2, -1, -4		5	5
116	115	883/2	883/2	1.0	3/4	3/4	4/4	4	1	V2		A	i		V2		V		2					Mm7	0	1	-1, 1, 5, 2		1	-1
117	116	885/2	885/2	1.0	0	0	4/4	4	1	i(94)		A	i		i(94)		i			94				m	0	1	0, -1, 1	2	0	0
117	116	887/2	887/2	1.0	1/4	1/4	4/4	4	1	i43		A	i		i43		i		43					mm7	0	1	1, -2, 0, -3		0	1
117	116	889/2	889/2	1.0	1/2	1/2	4/4	4	1	i7		A	i		i7		i		7					mm7	0	1	0, -3, 1, -2		0	0
117	116	891/2	891/2	1.0	3/4	3/4	4/4	4	1	V2/bII		A	i		V2/bII		V		2		bII			Mm7	0	1	-6, -4, 0, -3		-4	-6
118	117	893/2	893/2	1.0	0	0	4/4	4	1	iio		A	i		iio		ii	o						o	0	1	2, -1, -4		2	2
118	117	895/2	895/2	1.0	1/4	1/4	4/4	4	1	iv6		A	i		iv6		iv		6					m	0	1	-4, 0, -1		-1	-4
118	117	897/2	897/2	1.0	1/2	1/2	4/4	4	1	#viio/iv		A	i		#viio/iv		#vii	o			iv			o	0	1	4, 1, -2		4	4
118	117	899/2	899/2	1.0	3/4	3/4	4/4	4	1	V2/iv		A	i		V2/iv		V		2		iv			Mm7	0	1	-2, 0, 4, 1		0	-2
119	118	901/2	901/2	1.0	0	0	4/4	4	1	iv		A	i		iv		iv							m	0	1	-1, -4, 0		-1	-1
119	118	903/2	903/2	1.0	1/4	1/4	4/4	4	1	iv64		A	i		iv64		iv		64					m	0	1	0, -1, -4		-1	0
119	118	905/2	905/2	2.0	1/2	1/2	4/4	4	1	iv		A	i		iv		iv							m	0	1	-1, -4, 0		-1	-1
120	119	909/2	909/2	1.0	0	0	4/4	4	1	iv/iv		A	i		iv/iv		iv				iv			m	0	1	-2, -5, -1		-2	-2
120	119	911/2	911/2	1.0	1/4	1/4	4/4	4	1	iv(2)/iv		A	i		iv(2)/iv		iv			2	iv			m	0	1	0, -5, -1		-2	0
120	119	913/2	913/2	1.0	1/2	1/2	4/4	4	1	iv6/iv		A	i		iv6/iv		iv		6		iv			m	0	1	-5, -1, -2		-2	-5
120	119	915/2	915/2	1.0	3/4	3/4	4/4	4	1	iv64		A	i		iv64		iv		64					m	0	1	0, -1, -4		-1	0
121	120	917/2	917/2	1.0	0	0	4/4	4	1	iv7/iv		A	i		iv7/iv		iv		7		iv			mm7	0	1	-2, -5, -1, -4		-2	-2
121	120	919/2	919/2	1.0	1/4	1/4	4/4	4	1	V(94)/iv		A	i		V(94)/iv		V			94	iv			M	0	1	0, -1, 1	-5	0	0
121	120	921/2	921/2	1.0	1/2	1/2	4/4	4	1	ii%43/iv		A	i		ii%43/iv		ii	%	43		iv			%7	0	1	-5, -1, 1, -2		1	-5
121	120	923/2	923/2	1.0	3/4	3/4	4/4	4	1	iv64		A	i		iv64		iv		64					m	0	1	0, -1, -4		-1	0
122	121	925/2	925/2	1.0	0	0	4/4	4	1	#viio7		A	i		#viio7		#vii	o	7					o7	0	1	5, 2, -1, -4		5	5
122	121	927/2	927/2	1.0	1/4	1/4	4/4	4	1	i(94)		A	i		i(94)		i			94				m	0	1	0, -1, 1	2	0	0
122	121	929/2	929/2	1.0	1/2	1/2	4/4	4	1	V43		A	i		V43		V		43					Mm7	0	1	2, -1, 1, 5		1	2
122	121	931/2	931/2	1.0	3/4	3/4	4/4	4	1	i(964)		A	i		i(964)		i			964				m	0	1	0, -1, -4	2	0	0
123	122	933/2	933/2	1.0	0	0	4/4	4	1	#viio7		A	i		#viio7		#vii	o	7					o7	0	1	5, 2, -1, -4		5	5
123	122	935/2	935/2	1.0	1/4	1/4	4/4	4	1	i(94)		A	i		i(94)		i			94				m	0	1	0, -1, 1	2	0	0
123	122	937/2	937/2	1.0	1/2	1/2	4/4	4	1	V43		A	i		V43		V		43					Mm7	0	1	2, -1, 1, 5		1	2
123	122	939/2	939/2	1.0	3/4	3/4	4/4	4	1	V65		A	i		V65		V		65					Mm7	0	1	5, 2, -1, 1		1	5
124	123	941/2	941/2	1.0	0	0	4/4	4	1	i		A	i		i		i							m	0	1	0, -3, 1		0	0
124	123	943/2	943/2	1.0	1/4	1/4	4/4	4	1	V64(13)		A	i		V64(13)		V		64	13				M	0	1	2, 1, 5	-3	1	2
124	123	945/2	945/2	1.0	1/2	1/2	4/4	4	1	i6		A	i		i6		i		6					m	0	1	-3, 1, 0		0	-3
124	123	947/2	947/2	1.0	3/4	3/4	4/4	4	1	v64		A	i		v64		v		64					m	0	1	2, 1, -2		1	2
125	124	949/2	949/2	1.0	0	0	4/4	4	1	#viio7/ii		A	i		#viio7/ii		#vii	o	7		ii			o7	0	1	7, 4, 1, -2		7	7
125	124	951/2	951/2	1.0	1/4	1/4	4/4	4	1	ii(#94)		A	i		ii(#94)		ii			#94				m	0	1	2, 1, 3	4	2	2
125	124	953/2	953/2	1.0	1/2	1/2	4/4	4	1	V43/ii		A	i		V43/ii		V		43		ii			Mm7	0	1	4, 1, 3, 7		3	4
125	124	955/2	955/2	1.0	3/4	3/4	4/4	4	1	v64		A	i		v64		v		64					m	0	1	2, 1, -2		1	2
126	125	957/2	957/2	1.0	0	0	4/4	4	1	v		A	i		v		v							m	0	1	1, -2, 2		1	1
126	125	959/2	959/2	1.0	1/4	1/4	4/4	4	1	VII64		A	i		VII64		VII		64					M	0	1	-1, -2, 2		-2	-1
126	125	961/2	961/2	1.0	1/2	1/2	4/4	4	1	#vio64		A	i		#vio64		#vi	o	64					o	0	1	-3, 3, 0		3	-3
126	125	963/2	963/2	1.0	3/4	3/4	4/4	4	1	#viio6		A	i		#viio6		#vii	o	6					o	0	1	2, -1, 5		5	2
127	126	965/2	965/2	1.0	0	0	4/4	4	1	i		A	i		i		i							m	0	1	0, -3, 1		0	0
127	126	967/2	967/2	1.0	1/4	1/4	4/4	4	1	III64		A	i		III64		III		64					M	0	1	-2, -3, 1		-3	-2
127	126	969/2	969/2	1.0	1/2	1/2	4/4	4	1	V65/VII		A	i		V65/VII		V		65		VII			Mm7	0	1	3, 0, -3, -1		-1	3
127	126	971/2	971/2	1.0	3/4	3/4	4/4	4	1	V(6)/VII		A	i		V(6)/VII		V			6	VII			M	0	1	-1, 3, 2		-1	-1
128	127	973/2	973/2	1.0	0	0	4/4	4	1	VII(9#7)		A	i		VII(9#7)		VII			9#7				M	0	1	-2, 2, -1	0, 3	-2	-2
128	127	975/2	975/2	1.0	1/4	1/4	4/4	4	1	v6		A	i		v6		v		6					m	0	1	-2, 2, 1		1	-2
128	127	977/2	977/2	1.0	1/2	1/2	4/4	4	1	VIIM7		A	i		VIIM7		VII	M	7					MM7	0	1	-2, 2, -1, 3		-2	-2
128	127	979/2	979/2	0.75	3/4	3/4	4/4	4	1	III	i6	A	i		III		III							M	0	1	-3, 1, -2		-3	-3
128	127	1961/4	1961/4	0.25	15/16	15/16	4/4	4	1	V43		A	i		V43		V		43					Mm7	0	1	2, -1, 1, 5		1	2
129	128	981/2	981/2	1.0	0	0	4/4	4	1	i		A	i		i		i							m	0	1	0, -3, 1		0	0
129	128	983/2	983/2	0.75	1/4	1/4	4/4	4	1	iio		A	i		iio		ii	o						o	0	1	2, -1, -4		2	2
129	128	1969/4	1969/4	0.25	7/16	7/16	4/4	4	1	VI6		A	i		VI6		VI		6					M	0	1	0, -3, -4		-4	0
129	128	985/2	985/2	1.0	1/2	1/2	4/4	4	1	V7/III		A	i		V7/III		V		7		III			Mm7	0	1	-2, 2, -1, -4		-2	-2
129	128	987/2	987/2	1.0	3/4	3/4	4/4	4	1	V7(6)/III		A	i		V7(6)/III		V		7	6	III			Mm7	0	1	-2, 2, 1, -4		-2	-2
130	129	989/2	989/2	1.0	0	0	4/4	4	1	III(9)		A	i		III(9)		III			9				M	0	1	-3, 1, -2	-1	-3	-3
130	129	991/2	991/2	1.0	1/4	1/4	4/4	4	1	V6(62)		A	i		V6(62)		V		6	62				M	0	1	5, -3, -4		1	5
130	129	993/2	993/2	1.0	1/2	1/2	4/4	4	1	i		A	i		i		i							m	0	1	0, -3, 1		0	0
130	129	995/2	995/2	1.0	3/4	3/4	4/4	4	1	iio64		A	i		iio64		ii	o	64					o	0	1	-4, 2, -1		2	-4
131	130	997/2	997/2	1.0	0	0	4/4	4	1	V(64)		A	i		V(64)		V			64				M	0	1	1, 0, -3		1	1
131	130	999/2	999/2	1.0	1/4	1/4	4/4	4	1	V64/III		A	i		V64/III		V		64		III			M	0	1	-1, -2, 2		-2	-1
131	130	1001/2	1001/2	1.0	1/2	1/2	4/4	4	1	III	i6	A	i		III		III							M	0	1	-3, 1, -2		-3	-3
131	130	1003/2	1003/2	1.0	3/4	3/4	4/4	4	1	V7		A	i		V7		V		7					Mm7	0	1	1, 5, 2, -1		1	1
132	131	1005/2	1005/2	1.0	0	0	4/4	4	1	i		A	i		i		i							m	0	1	0, -3, 1		0	0
132	131	1007/2	1007/2	1.0	1/4	1/4	4/4	4	1	iio		A	i		iio		ii	o						o	0	1	2, -1, -4		2	2
132	131	1009/2	1009/2	1.0	1/2	1/2	4/4	4	1	i6		A	i		i6		i		6					m	0	1	-3, 1, 0		0	-3
132	131	1011/2	1011/2	1.0	3/4	3/4	4/4	4	1	iio6		A	i		iio6		ii	o	6					o	0	1	-1, -4, 2		2	-1
133	132	1013/2	1013/2	1.0	0	0	4/4	4	1	i6		A	i		i6		i		6					m	0	1	-3, 1, 0		0	-3
133	132	1015/2	1015/2	1.0	1/4	1/4	4/4	4	1	i6(4)		A	i		i6(4)		i		6	4				m	0	1	-1, 1, 0		0	-1
133	132	1017/2	1017/2	1.0	1/2	1/2	4/4	4	1	i6		A	i		i6		i		6					m	0	1	-3, 1, 0		0	-3
133	132	1019/2	1019/2	1.0	3/4	3/4	4/4	4	1	V2/v		A	i		V2/v		V		2		v			Mm7	0	1	0, 2, 6, 3		2	0
134	133	1021/2	1021/2	1.0	0	0	4/4	4	1	v		A	i		v		v							m	0	1	1, -2, 2		1	1
134	133	1023/2	1023/2	1.0	1/4	1/4	4/4	4	1	V6/III		A	i		V6/III		V		6		III			M	0	1	2, -1, -2		-2	2
134	133	1025/2	1025/2	1.0	1/2	1/2	4/4	4	1	III		A	i		III		III							M	0	1	-3, 1, -2		-3	-3
134	133	1027/2	1027/2	1.0	3/4	3/4	4/4	4	1	i(#7b2)		A	i		i(#7b2)		i			#7b2				m	0	1	-5, -3, 1	5	0	-5
135	134	1029/2	1029/2	1.0	0	0	4/4	4	1	VI		A	i		VI		VI							M	0	1	-4, 0, -3		-4	-4
135	134	1031/2	1031/2	1.0	1/4	1/4	4/4	4	1	iv		A	i		iv		iv							m	0	1	-1, -4, 0		-1	-1
135	134	1033/2	1033/2	1.0	1/2	1/2	4/4	4	1	viio7(#3)/VII		A	i		viio7(#3)/VII		vii	o	7	#3	VII			o7	0	1	3, 7, -3, -6		3	3
135	134	1035/2	1035/2	1.0	3/4	3/4	4/4	4	1	V+2/VII		A	i		V+2/VII		V	+	2		VII			+7	0	1	-3, -1, 3, 7		-1	-3
136	135	1037/2	1037/2	1.0	0	0	4/4	4	1	V7/III		A	i		V7/III		V		7		III			Mm7	0	1	-2, 2, -1, -4		-2	-2
136	135	1039/2	1039/2	1.0	1/4	1/4	4/4	4	1	v		A	i		v		v							m	0	1	1, -2, 2		1	1
136	135	1041/2	1041/2	1.0	1/2	1/2	4/4	4	1	iio6		A	i		iio6		ii	o	6					o	0	1	-1, -4, 2		2	-1
136	135	1043/2	1043/2	1.0	3/4	3/4	4/4	4	1	#viio7(11)		A	i		#viio7(11)		#vii	o	7	11				o7	0	1	5, 2, -1, -4	-3	5	5
137	136	1045/2	1045/2	1.0	0	0	4/4	4	1	i6		A	i		i6		i		6					m	0	1	-3, 1, 0		0	-3
137	136	1047/2	1047/2	1.0	1/4	1/4	4/4	4	1	i6(b2)		A	i		i6(b2)		i		6	b2				m	0	1	-3, 1, -5		0	-3
137	136	1049/2	1049/2	1.0	1/2	1/2	4/4	4	1	#viio7/iv		A	i		#viio7/iv		#vii	o	7		iv			o7	0	1	4, 1, -2, -5		4	4
137	136	1051/2	1051/2	1.0	3/4	3/4	4/4	4	1	V43/iv		A	i		V43/iv		V		43		iv			Mm7	0	1	1, -2, 0, 4		0	1
138	137	1053/2	1053/2	1.0	0	0	4/4	4	1	iv6(112)		A	i		iv6(112)		iv		6	112				m	0	1	-4, 0, 1	-2	-1	-4
138	137	1055/2	1055/2	1.0	1/4	1/4	4/4	4	1	iv6(#7)		A	i		iv6(#7)		iv		6	#7				m	0	1	-4, 0, 4		-1	-4
138	137	1057/2	1057/2	1.0	1/2	1/2	4/4	4	1	iv6(2)		A	i		iv6(2)		iv		6	2				m	0	1	-4, 0, 1		-1	-4
138	137	1059/2	1059/2	1.0	3/4	3/4	4/4	4	1	iv6(11#7)		A	i		iv6(11#7)		iv		6	11#7				m	0	1	-4, 0, 4	-2	-1	-4
139	138	1061/2	1061/2	2.0	0	0	4/4	4	1	iv6		A	i		iv6		iv		6					m	0	1	-4, 0, -1		-1	-4
139	138	1065/2	1065/2	1.0	1/2	1/2	4/4	4	1	viio7(6)/VII		A	i		viio7(6)/VII		vii	o	7	6	VII			o7	0	1	3, 0, -1, -6		3	3
139	138	1067/2	1067/2	1.0	3/4	3/4	4/4	4	1	viio7/VII		A	i		viio7/VII		vii	o	7		VII			o7	0	1	3, 0, -3, -6		3	3
140	139	1069/2	1069/2	1.0	0	0	4/4	4	1	VII(9)		A	i		VII(9)		VII			9				M	0	1	-2, 2, -1	0	-2	-2
140	139	1071/2	1071/2	1.0	1/4	1/4	4/4	4	1	VII		A	i		VII		VII							M	0	1	-2, 2, -1		-2	-2
140	139	1073/2	1073/2	1.0	1/2	1/2	4/4	4	1	V7/III		A	i		V7/III		V		7		III			Mm7	0	1	-2, 2, -1, -4		-2	-2
140	139	1075/2	1075/2	1.0	3/4	3/4	4/4	4	1	v65		A	i		v65		v		65					mm7	0	1	-2, 2, -1, 1		1	-2
141	140	1077/2	1077/2	4.0	0	0	4/4	4	1	V65		A	i		V65		V		65					Mm7	0	1	5, 2, -1, 1		1	5
142	141	1085/2	1085/2	2.0	0	0	4/4	4	1	i\\		A	i		i		i						\\	m	0	1	0, -3, 1		0	0
142	141	1089/2	1089/2	2.0	1/2	1/2	4/4	4	1	i2		A	i		i2		i		2					mm7	0	1	-2, 0, -3, 1		0	-2
143	142	1093/2	1093/2	3.0	0	0	4/4	4	1	iv6		A	i		iv6		iv		6					m	0	1	-4, 0, -1		-1	-4
143	142	1099/2	1099/2	1.0	3/4	3/4	4/4	4	1	iv65		A	i		iv65		iv		65					mm7	0	1	-4, 0, -3, -1		-1	-4
144	143	1101/2	1101/2	2.0	0	0	4/4	4	1	ii%43		A	i		ii%43		ii	%	43					%7	0	1	-4, 0, 2, -1		2	-4
144	143	1105/2	1105/2	1.0	1/2	1/2	4/4	4	1	ii%2		A	i		ii%2		ii	%	2					%7	0	1	0, 2, -1, -4		2	0
144	143	1107/2	1107/2	1.0	3/4	3/4	4/4	4	1	v6(+4)		A	i		v6(+4)		v		6	+4				m	0	1	-2, 2, 1	0	1	-2
145	144	1109/2	1109/2	2.0	0	0	4/4	4	1	V43/v		A	i		V43/v		V		43		v			Mm7	0	1	3, 0, 2, 6		2	3
145	144	1113/2	1113/2	1.0	1/2	1/2	4/4	4	1	#viio65(b8)/v		A	i		#viio65(b8)/v		#vii	o	65	b8	v			o7	0	1	3, 0, -3, 6		6	3
145	144	1115/2	1115/2	1.0	3/4	3/4	4/4	4	1	#viio65/v		A	i		#viio65/v		#vii	o	65		v			o7	0	1	3, 0, -3, 6		6	3
146	145	1117/2	1117/2	2.0	0	0	4/4	4	1	V43/v		A	i		V43/v		V		43		v			Mm7	0	1	3, 0, 2, 6		2	3
146	145	1121/2	1121/2	1.0	1/2	1/2	4/4	4	1	v6(+4)		A	i		v6(+4)		v		6	+4				m	0	1	-2, 2, 1	0	1	-2
146	145	1123/2	1123/2	1.0	3/4	3/4	4/4	4	1	V43/v		A	i		V43/v		V		43		v			Mm7	0	1	3, 0, 2, 6		2	3
147	146	1125/2	1125/2	2.0	0	0	4/4	4	1	ii%43		A	i		ii%43		ii	%	43					%7	0	1	-4, 0, 2, -1		2	-4
147	146	1129/2	1129/2	1.0	1/2	1/2	4/4	4	1	iv6		A	i		iv6		iv		6					m	0	1	-4, 0, -1		-1	-4
147	146	1131/2	1131/2	1.0	3/4	3/4	4/4	4	1	iv65		A	i		iv65		iv		65					mm7	0	1	-4, 0, -3, -1		-1	-4
148	147	1133/2	1133/2	2.0	0	0	4/4	4	1	ii%43		A	i		ii%43		ii	%	43					%7	0	1	-4, 0, 2, -1		2	-4
148	147	1137/2	1137/2	1.0	1/2	1/2	4/4	4	1	iv6		A	i		iv6		iv		6					m	0	1	-4, 0, -1		-1	-4
148	147	1139/2	1139/2	1.0	3/4	3/4	4/4	4	1	iv65		A	i		iv65		iv		65					mm7	0	1	-4, 0, -3, -1		-1	-4
149	148	1141/2	1141/2	1.0	0	0	4/4	4	1	V[i		A	i	V	i		i							m	0	1	0, -3, 1		0	0
149	148	1143/2	1143/2	1.0	1/4	1/4	4/4	4	1	i6		A	i	V	i6		i		6					m	0	1	-3, 1, 0		0	-3
149	148	1145/2	1145/2	1.0	1/2	1/2	4/4	4	1	i64		A	i	V	i64		i		64					m	0	1	1, 0, -3		0	1
149	148	1147/2	1147/2	2.0	3/4	3/4	4/4	4	1	i6		A	i	V	i6		i		6					m	0	1	-3, 1, 0		0	-3
150	149	1151/2	1151/2	1.0	1/4	1/4	4/4	4	1	V		A	i	V	V		V							M	0	1	1, 5, 2		1	1
150	149	1153/2	1153/2	1.0	1/2	1/2	4/4	4	1	i		A	i	V	i		i							m	0	1	0, -3, 1		0	0
150	149	1155/2	1155/2	1.0	3/4	3/4	4/4	4	1	V64(6)		A	i	V	V64(6)		V		64	6				M	0	1	-3, 1, 5		1	-3
151	150	1157/2	1157/2	1.0	0	0	4/4	4	1	i6]		A	i	V	i6		i		6					m	0	1	-3, 1, 0		0	-3
151	150	1159/2	1159/2	1.0	1/4	1/4	4/4	4	1	i		A	i		i		i							m	0	1	0, -3, 1		0	0
151	150	1161/2	1161/2	1.0	1/2	1/2	4/4	4	1	V(64)		A	i		V(64)		V			64				M	0	1	1, 0, -3		1	1
151	150	1163/2	1163/2	1.0	3/4	3/4	4/4	4	1	i		A	i		i		i							m	0	1	0, -3, 1		0	0
152	151	1165/2	1165/2	1.0	0	0	4/4	4	1	V[i		A	i	V	i		i							m	0	1	0, -3, 1		0	0
152	151	1167/2	1167/2	1.0	1/4	1/4	4/4	4	1	i(11)		A	i	V	i(11)		i			11				m	0	1	0, -3, 1	-1	0	0
152	151	1169/2	1169/2	1.0	1/2	1/2	4/4	4	1	iio6(2)		A	i	V	iio6(2)		ii	o	6	2				o	0	1	-1, -4, -3		2	-1
152	151	1171/2	1171/2	1.0	3/4	3/4	4/4	4	1	iio6		A	i	V	iio6		ii	o	6					o	0	1	-1, -4, 2		2	-1
153	152	1173/2	1173/2	1.0	0	0	4/4	4	1	#viio6(2)		A	i	V	#viio6(2)		#vii	o	6	2				o	0	1	2, -1, 0		5	2
153	152	1175/2	1175/2	1.0	1/4	1/4	4/4	4	1	#viio6		A	i	V	#viio6		#vii	o	6					o	0	1	2, -1, 5		5	2
153	152	1177/2	1177/2	2.0	1/2	1/2	4/4	4	1	V65		A	i	V	V65		V		65					Mm7	0	1	5, 2, -1, 1		1	5
154	153	1181/2	1181/2	1.0	0	0	4/4	4	1	i		A	i	V	i		i							m	0	1	0, -3, 1		0	0
154	153	1183/2	1183/2	1.0	1/4	1/4	4/4	4	1	i(11)		A	i	V	i(11)		i			11				m	0	1	0, -3, 1	-1	0	0
154	153	1185/2	1185/2	1.0	1/2	1/2	4/4	4	1	iio6(2)		A	i	V	iio6(2)		ii	o	6	2				o	0	1	-1, -4, -3		2	-1
154	153	1187/2	1187/2	1.0	3/4	3/4	4/4	4	1	iio6		A	i	V	iio6		ii	o	6					o	0	1	-1, -4, 2		2	-1
155	154	1189/2	1189/2	1.0	0	0	4/4	4	1	#viio6(2)		A	i	V	#viio6(2)		#vii	o	6	2				o	0	1	2, -1, 0		5	2
155	154	1191/2	1191/2	1.0	1/4	1/4	4/4	4	1	#viio6		A	i	V	#viio6		#vii	o	6					o	0	1	2, -1, 5		5	2
155	154	1193/2	1193/2	2.0	1/2	1/2	4/4	4	1	V65]		A	i	V	V65		V		65					Mm7	0	1	5, 2, -1, 1		1	5
156	155	1197/2	1197/2	1.0	0	0	4/4	4	1	i64		A	i		i64		i		64					m	0	1	1, 0, -3		0	1
156	155	1199/2	1199/2	1.0	1/4	1/4	4/4	4	1	i6		A	i		i6		i		6					m	0	1	-3, 1, 0		0	-3
156	155	1201/2	1201/2	1.0	1/2	1/2	4/4	4	1	V43/VI		A	i		V43/VI		V		43		VI			Mm7	0	1	-2, -5, -3, 1		-3	-2
156	155	1203/2	1203/2	1.0	3/4	3/4	4/4	4	1	V65/VI		A	i		V65/VI		V		65		VI			Mm7	0	1	1, -2, -5, -3		-3	1
157	156	1205/2	1205/2	1.0	0	0	4/4	4	1	VI		A	i		VI		VI							M	0	1	-4, 0, -3		-4	-4
157	156	1207/2	1207/2	1.0	1/4	1/4	4/4	4	1	VI64		A	i		VI64		VI		64					M	0	1	-3, -4, 0		-4	-3
157	156	1209/2	1209/2	1.0	1/2	1/2	4/4	4	1	VI6		A	i		VI6		VI		6					M	0	1	0, -3, -4		-4	0
157	156	1211/2	1211/2	1.0	3/4	3/4	4/4	4	1	VI		A	i		VI		VI							M	0	1	-4, 0, -3		-4	-4
158	157	1213/2	1213/2	1.0	0	0	4/4	4	1	VI64		A	i		VI64		VI		64					M	0	1	-3, -4, 0		-4	-3
158	157	1215/2	1215/2	1.0	1/4	1/4	4/4	4	1	V65/iv		A	i		V65/iv		V		65		iv			Mm7	0	1	4, 1, -2, 0		0	4
158	157	1217/2	1217/2	1.0	1/2	1/2	4/4	4	1	iv		A	i		iv		iv							m	0	1	-1, -4, 0		-1	-1
158	157	1219/2	1219/2	1.0	3/4	3/4	4/4	4	1	V65/VII		A	i		V65/VII		V		65		VII			Mm7	0	1	3, 0, -3, -1		-1	3
159	158	1221/2	1221/2	4.0	0	0	4/4	4	1	VII		A	i		VII		VII							M	0	1	-2, 2, -1		-2	-2
160	159	1229/2	1229/2	3.0	0	0	4/4	4	1	v6		A	i		v6		v		6					m	0	1	-2, 2, 1		1	-2
160	159	1235/2	1235/2	1.0	3/4	3/4	4/4	4	1	V6		A	i		V6		V		6					M	0	1	5, 2, 1		1	5
161	160	1237/2	1237/2	2.0	0	0	4/4	4	1	i		A	i		i		i							m	0	1	0, -3, 1		0	0
161	160	1241/2	1241/2	2.0	1/2	1/2	4/4	4	1	i(94)		A	i		i(94)		i			94				m	0	1	0, -1, 1	2	0	0
162	161	1245/2	1245/2	2.0	0	0	4/4	4	1	i6		A	i		i6		i		6					m	0	1	-3, 1, 0		0	-3
162	161	1249/2	1249/2	1.0	1/2	1/2	4/4	4	1	ii%65		A	i		ii%65		ii	%	65					%7	0	1	-1, -4, 0, 2		2	-1
162	161	1251/2	1251/2	1.0	3/4	3/4	4/4	4	1	iv7(9)		A	i		iv7(9)		iv		7	9				mm7	0	1	-1, -4, 0, -3	1	-1	-1
163	162	1253/2	1253/2	2.0	0	0	4/4	4	1	V(64)		A	i		V(64)		V			64				M	0	1	1, 0, -3		1	1
163	162	1257/2	1257/2	2.0	1/2	1/2	4/4	4	1	iv6		A	i		iv6		iv		6					m	0	1	-4, 0, -1		-1	-4
164	163	1261/2	1261/2	2.0	0	0	4/4	4	1	VI		A	i		VI		VI							M	0	1	-4, 0, -3		-4	-4
164	163	1265/2	1265/2	2.0	1/2	1/2	4/4	4	1	Ger6		A	i		Ger6	Ger	vii	o	65	b3	V			Ger	0	1	-4, 0, -3, 6		6	-4
165	164	1269/2	1269/2	1.0	0	0	4/4	4	1	V\\		A	i		V		V						\\	M	0	1	1, 5, 2		1	1
165	164	1271/2	1271/2	2.0	1/4	1/4	4/4	4	1	v		A	i		v		v							m	0	1	1, -2, 2		1	1
165	164	1275/2	1275/2	2.0	3/4	3/4	4/4	4	1	#viio64(2)/v		A	i		#viio64(2)/v		#vii	o	64	2	v			o	0	1	0, 1, 3		6	0
166	165	1279/2	1279/2	1.0	1/4	1/4	4/4	4	1	#viio64/v		A	i		#viio64/v		#vii	o	64		v			o	0	1	0, 6, 3		6	0
166	165	1281/2	1281/2	1.0	1/2	1/2	4/4	4	1	V2/v		A	i		V2/v		V		2		v			Mm7	0	1	0, 2, 6, 3		2	0
166	165	1283/2	1283/2	3.0	3/4	3/4	4/4	4	1	ii%43		A	i		ii%43		ii	%	43					%7	0	1	-4, 0, 2, -1		2	-4
167	166	1289/2	1289/2	1.0	1/2	1/2	4/4	4	1	iv6		A	i		iv6		iv		6					m	0	1	-4, 0, -1		-1	-4
167	166	1291/2	1291/2	1.0	3/4	3/4	4/4	4	1	#viio7		A	i		#viio7		#vii	o	7					o7	0	1	5, 2, -1, -4		5	5
168	167	1293/2	1293/2	1.0	0	0	4/4	4	1	V65		A	i		V65		V		65					Mm7	0	1	5, 2, -1, 1		1	5
168	167	1295/2	1295/2	0.5	1/4	1/4	4/4	4	1	iM7		A	i		iM7		i	M	7					mM7	0	1	0, -3, 1, 5		0	0
168	167	648	648	0.5	3/8	3/8	4/4	4	1	V43		A	i		V43		V		43					Mm7	0	1	2, -1, 1, 5		1	2
168	167	1297/2	1297/2	1.0	1/2	1/2	4/4	4	1	V7		A	i		V7		V		7					Mm7	0	1	1, 5, 2, -1		1	1
168	167	1299/2	1299/2	0.5	3/4	3/4	4/4	4	1	V(6)		A	i		V(6)		V			6				M	0	1	1, 5, -3		1	1
168	167	650	650	0.5	7/8	7/8	4/4	4	1	V7		A	i		V7		V		7					Mm7	0	1	1, 5, 2, -1		1	1
169	168	1301/2	1301/2	1.0	0	0	4/4	4	1	i\\		A	i		i		i						\\	m	0	1	0, -3, 1		0	0
169	168	1303/2	1303/2	1.0	1/4	1/4	4/4	4	1	v		A	i		v		v							m	0	1	1, -2, 2		1	1
169	168	1305/2	1305/2	3.0	1/2	1/2	4/4	4	1	#viio7(2)/v		A	i		#viio7(2)/v		#vii	o	7	2	v			o7	0	1	1, 3, 0, -3		6	1
170	169	1311/2	1311/2	2.0	1/4	1/4	4/4	4	1	#viio7(+2)/v		A	i		#viio7(+2)/v		#vii	o	7	+2	v			o7	0	1	6, 3, 0, -3	1	6	6
170	169	1315/2	1315/2	2.0	3/4	3/4	4/4	4	1	ii65(+4)		A	i		ii65(+4)		ii		65	+4				mm7	0	1	-1, 3, 0, 2	1	2	-1
171	170	1319/2	1319/2	1.0	1/4	1/4	4/4	4	1	#viio43		A	i		#viio43		#vii	o	43					o7	0	1	-1, -4, 5, 2		5	-1
171	170	1321/2	1321/2	1.0	1/2	1/2	4/4	4	1	V2		A	i		V2		V		2					Mm7	0	1	-1, 1, 5, 2		1	-1
171	170	1323/2	1323/2	1.0	3/4	3/4	4/4	4	1	i6		A	i		i6		i		6					m	0	1	-3, 1, 0		0	-3
172	171	1325/2	1325/2	1.0	0	0	4/4	4	1	v64		A	i		v64		v		64					m	0	1	2, 1, -2		1	2
172	171	1327/2	1327/2	1.0	1/4	1/4	4/4	4	1	i		A	i		i		i							m	0	1	0, -3, 1		0	0
172	171	1329/2	1329/2	1.0	1/2	1/2	4/4	4	1	V(#9)		A	i		V(#9)		V			#9				M	0	1	1, 5, 2	3	1	1
172	171	1331/2	1331/2	1.0	3/4	3/4	4/4	4	1	V7		A	i		V7		V		7					Mm7	0	1	1, 5, 2, -1		1	1
173	172	1333/2	1333/2	1.0	0	0	4/4	4	1	i\\		A	i		i		i						\\	m	0	1	0, -3, 1		0	0
173	172	1335/2	1335/2	1.0	1/4	1/4	4/4	4	1	v		A	i		v		v							m	0	1	1, -2, 2		1	1
173	172	1337/2	1337/2	2.0	1/2	1/2	4/4	4	1	i		A	i		i		i							m	0	1	0, -3, 1		0	0
174	173	1341/2	1341/2	1.0	0	0	4/4	4	1	V43		A	i		V43		V		43					Mm7	0	1	2, -1, 1, 5		1	2
174	173	1343/2	1343/2	1.0	1/4	1/4	4/4	4	1	V64		A	i		V64		V		64					M	0	1	2, 1, 5		1	2
174	173	1345/2	1345/2	2.0	1/2	1/2	4/4	4	1	V65		A	i		V65		V		65					Mm7	0	1	5, 2, -1, 1		1	5
175	174	1349/2	1349/2	2.0	0	0	4/4	4	1	i		A	i		i		i							m	0	1	0, -3, 1		0	0
175	174	1353/2	1353/2	2.0	1/2	1/2	4/4	4	1	i6		A	i		i6		i		6					m	0	1	-3, 1, 0		0	-3
176	175	1357/2	1357/2	1.0	0	0	4/4	4	1	V43		A	i		V43		V		43					Mm7	0	1	2, -1, 1, 5		1	2
176	175	1359/2	1359/2	1.0	1/4	1/4	4/4	4	1	V64		A	i		V64		V		64					M	0	1	2, 1, 5		1	2
176	175	1361/2	1361/2	2.0	1/2	1/2	4/4	4	1	V65		A	i		V65		V		65					Mm7	0	1	5, 2, -1, 1		1	5
177	176	1365/2	1365/2	2.0	0	0	4/4	4	1	i\\		A	i		i		i						\\	m	0	1	0, -3, 1		0	0
177	176	1369/2	1369/2	2.0	1/2	1/2	4/4	4	1	VI		A	i		VI		VI							M	0	1	-4, 0, -3		-4	-4
178	177	1373/2	1373/2	2.0	0	0	4/4	4	1	bII		A	i		bII		bII							M	0	1	-5, -1, -4		-5	-5
178	177	1377/2	1377/2	2.0	1/2	1/2	4/4	4	1	VI		A	i		VI		VI							M	0	1	-4, 0, -3		-4	-4
179	178	1381/2	1381/2	2.0	0	0	4/4	4	1	bII		A	i		bII		bII							M	0	1	-5, -1, -4		-5	-5
179	178	1385/2	1385/2	1.0	1/2	1/2	4/4	4	1	V(64)/iv		A	i		V(64)/iv		V			64	iv			M	0	1	0, -1, -4		0	0
179	178	1387/2	1387/2	0.5	3/4	3/4	4/4	4	1	V65/iv		A	i		V65/iv		V		65		iv			Mm7	0	1	4, 1, -2, 0		0	4
179	178	694	694	0.5	7/8	7/8	4/4	4	1	iv		A	i		iv		iv							m	0	1	-1, -4, 0		-1	-1
180	179	1389/2	1389/2	1.0	0	0	4/4	4	1	V(64)		A	i		V(64)		V			64				M	0	1	1, 0, -3		1	1
180	179	1391/2	1391/2	0.5	1/4	1/4	4/4	4	1	V7		A	i		V7		V		7					Mm7	0	1	1, 5, 2, -1		1	1
180	179	696	696	0.5	3/8	3/8	4/4	4	1	V(64)		A	i		V(64)		V			64				M	0	1	1, 0, -3		1	1
180	179	1393/2	1393/2	1.0	1/2	1/2	4/4	4	1	V7		A	i		V7		V		7					Mm7	0	1	1, 5, 2, -1		1	1
180	179	1395/2	1395/2	0.5	3/4	3/4	4/4	4	1	V(64)		A	i		V(64)		V			64				M	0	1	1, 0, -3		1	1
180	179	698	698	0.5	7/8	7/8	4/4	4	1	V7		A	i		V7		V		7					Mm7	0	1	1, 5, 2, -1		1	1
181	180	1397/2	1397/2	1.0	0	0	4/4	4	1	i\\		A	i		i		i						\\	m	0	1	0, -3, 1		0	0
181	180	1399/2	1399/2	1.0	1/4	1/4	4/4	4	1	v		A	i		v		v							m	0	1	1, -2, 2		1	1
181	180	1401/2	1401/2	1.0	1/2	1/2	4/4	4	1	V(64)		A	i		V(64)		V			64				M	0	1	1, 0, -3		1	1
181	180	1403/2	1403/2	1.0	3/4	3/4	4/4	4	1	V		A	i		V		V							M	0	1	1, 5, 2		1	1
182	181	1405/2	1405/2	1.0	0	0	4/4	4	1	V43		A	i		V43		V		43					Mm7	0	1	2, -1, 1, 5		1	2
182	181	1407/2	1407/2	1.0	1/4	1/4	4/4	4	1	V6		A	i		V6		V		6					M	0	1	5, 2, 1		1	5
182	181	1409/2	1409/2	1.0	1/2	1/2	4/4	4	1	V43		A	i		V43		V		43					Mm7	0	1	2, -1, 1, 5		1	2
182	181	1411/2	1411/2	1.0	3/4	3/4	4/4	4	1	V7		A	i		V7		V		7					Mm7	0	1	1, 5, 2, -1		1	1
183	182	1413/2	1413/2	1.0	0	0	4/4	4	1	i		A	i		i		i							m	0	1	0, -3, 1		0	0
183	182	1415/2	1415/2	1.0	1/4	1/4	4/4	4	1	i6		A	i		i6		i		6					m	0	1	-3, 1, 0		0	-3
183	182	1417/2	1417/2	1.0	1/2	1/2	4/4	4	1	V(64)		A	i		V(64)		V			64				M	0	1	1, 0, -3		1	1
183	182	1419/2	1419/2	1.0	3/4	3/4	4/4	4	1	V		A	i		V		V							M	0	1	1, 5, 2		1	1
184	183	1421/2	1421/2	1.0	0	0	4/4	4	1	V43		A	i		V43		V		43					Mm7	0	1	2, -1, 1, 5		1	2
184	183	1423/2	1423/2	1.0	1/4	1/4	4/4	4	1	V6		A	i		V6		V		6					M	0	1	5, 2, 1		1	5
184	183	1425/2	1425/2	1.0	1/2	1/2	4/4	4	1	v43		A	i		v43		v		43					mm7	0	1	2, -1, 1, -2		1	2
184	183	1427/2	1427/2	1.0	3/4	3/4	4/4	4	1	V7		A	i		V7		V		7					Mm7	0	1	1, 5, 2, -1		1	1
185	184	1429/2	1429/2	1.0	0	0	4/4	4	1	i\\		A	i		i		i						\\	m	0	1	0, -3, 1		0	0
185	184	1431/2	1431/2	1.0	1/4	1/4	4/4	4	1	V65/iv		A	i		V65/iv		V		65		iv			Mm7	0	1	4, 1, -2, 0		0	4
185	184	1433/2	1433/2	1.0	1/2	1/2	4/4	4	1	iv		A	i		iv		iv							m	0	1	-1, -4, 0		-1	-1
185	184	1435/2	1435/2	1.0	3/4	3/4	4/4	4	1	V65/iv		A	i		V65/iv		V		65		iv			Mm7	0	1	4, 1, -2, 0		0	4
186	185	1437/2	1437/2	0.5	0	0	4/4	4	1	iv		A	i		iv		iv							m	0	1	-1, -4, 0		-1	-1
186	185	719	719	0.5	1/8	1/8	4/4	4	1	iv64		A	i		iv64		iv		64					m	0	1	0, -1, -4		-1	0
186	185	1439/2	1439/2	0.5	1/4	1/4	4/4	4	1	#viio		A	i		#viio		#vii	o						o	0	1	5, 2, -1		5	5
186	185	720	720	0.5	3/8	3/8	4/4	4	1	i		A	i		i		i							m	0	1	0, -3, 1		0	0
186	185	1441/2	1441/2	1.0	1/2	1/2	4/4	4	1	V7		A	i		V7		V		7					Mm7	0	1	1, 5, 2, -1		1	1
186	185	1443/2	1443/2	0.5	3/4	3/4	4/4	4	1	V(64)		A	i		V(64)		V			64				M	0	1	1, 0, -3		1	1
186	185	722	722	0.5	7/8	7/8	4/4	4	1	V7		A	i		V7		V		7					Mm7	0	1	1, 5, 2, -1		1	1
187	186	1445/2	1445/2	1.0	0	0	4/4	4	1	i\\		A	i		i		i						\\	m	0	1	0, -3, 1		0	0
187	186	1447/2	1447/2	1.0	1/4	1/4	4/4	4	1	V65/iv		A	i		V65/iv		V		65		iv			Mm7	0	1	4, 1, -2, 0		0	4
187	186	1449/2	1449/2	1.0	1/2	1/2	4/4	4	1	iv		A	i		iv		iv							m	0	1	-1, -4, 0		-1	-1
187	186	1451/2	1451/2	1.0	3/4	3/4	4/4	4	1	V65/iv		A	i		V65/iv		V		65		iv			Mm7	0	1	4, 1, -2, 0		0	4
188	187	1453/2	1453/2	1.0	0	0	4/4	4	1	iv7		A	i		iv7		iv		7					mm7	0	1	-1, -4, 0, -3		-1	-1
188	187	1455/2	1455/2	1.0	1/4	1/4	4/4	4	1	bIIM65		A	i		bIIM65		bII	M	65					MM7	0	1	-1, -4, 0, -5		-5	-1
188	187	1457/2	1457/2	1.0	1/2	1/2	4/4	4	1	ii%7/iv		A	i		ii%7/iv		ii	%	7		iv			%7	0	1	1, -2, -5, -1		1	1
188	187	1459/2	1459/2	1.0	3/4	3/4	4/4	4	1	#viio65/iv		A	i		#viio65/iv		#vii	o	65		iv			o7	0	1	1, -2, -5, 4		4	1
189	188	1461/2	1461/2	1.0	0	0	4/4	4	1	VIM7		A	i		VIM7		VI	M	7					MM7	0	1	-4, 0, -3, 1		-4	-4
189	188	1463/2	1463/2	1.0	1/4	1/4	4/4	4	1	V65/VII		A	i		V65/VII		V		65		VII			Mm7	0	1	3, 0, -3, -1		-1	3
189	188	1465/2	1465/2	1.0	1/2	1/2	4/4	4	1	V7/III		A	i		V7/III		V		7		III			Mm7	0	1	-2, 2, -1, -4		-2	-2
189	188	1467/2	1467/2	1.0	3/4	3/4	4/4	4	1	V65		A	i		V65		V		65					Mm7	0	1	5, 2, -1, 1		1	5
190	189	1469/2	1469/2	1.0	0	0	4/4	4	1	i		A	i		i		i							m	0	1	0, -3, 1		0	0
190	189	1471/2	1471/2	1.0	1/4	1/4	4/4	4	1	V		A	i		V		V							M	0	1	1, 5, 2		1	1
190	189	1473/2	1473/2	0.5	1/2	1/2	4/4	4	1	i		A	i		i		i							m	0	1	0, -3, 1		0	0
190	189	737	737	0.5	5/8	5/8	4/4	4	1	V		A	i		V		V							M	0	1	1, 5, 2		1	1
190	189	1475/2	1475/2	0.5	3/4	3/4	4/4	4	1	i		A	i		i		i							m	0	1	0, -3, 1		0	0
190	189	738	738	0.5	7/8	7/8	4/4	4	1	V		A	i		V		V							M	0	1	1, 5, 2		1	1
191	190	1477/2	1477/2	4.0	0	0	4/4	4	1	i		A	i		i		i							m	0	1	0, -3, 1		0	0
192	191	1485/2	1485/2	4.0	0	0	4/4	4	1	i2		A	i		i2		i		2					mm7	0	1	-2, 0, -3, 1		0	-2
193	192	1493/2	1493/2	2.0	0	0	4/4	4	1	iv6		A	i		iv6		iv		6					m	0	1	-4, 0, -1		-1	-4
193	192	1497/2	1497/2	1.5	1/2	1/2	4/4	4	1	iv65		A	i		iv65		iv		65					mm7	0	1	-4, 0, -3, -1		-1	-4
193	192	750	750	0.5	7/8	7/8	4/4	4	1	iio64		A	i		iio64		ii	o	64					o	0	1	-4, 2, -1		2	-4
194	193	1501/2	1501/2	4.0	0	0	4/4	4	1	V(64)		A	i		V(64)		V			64				M	0	1	1, 0, -3		1	1
195	194	1509/2	1509/2	1.0	0	0	4/4	4	1	viio7/V		A	i		viio7/V		vii	o	7		V			o7	0	1	6, 3, 0, -3		6	6
195	194	1511/2	1511/2	1.0	1/4	1/4	4/4	4	1	iio/V		A	i		iio/V		ii	o			V			o	0	1	3, 0, -3		3	3
195	194	1513/2	1513/2	1.0	1/2	1/2	4/4	4	1	iio6/V		A	i		iio6/V		ii	o	6		V			o	0	1	0, -3, 3		3	0
195	194	1515/2	1515/2	1.0	3/4	3/4	4/4	4	1	iio64/V		A	i		iio64/V		ii	o	64		V			o	0	1	-3, 3, 0		3	-3
196	195	1517/2	1517/2	1.0	0	0	4/4	4	1	viio/V		A	i		viio/V		vii	o			V			o	0	1	6, 3, 0		6	6
196	195	1519/2	1519/2	1.0	1/4	1/4	4/4	4	1	viio64/V		A	i		viio64/V		vii	o	64		V			o	0	1	0, 6, 3		6	0
196	195	1521/2	1521/2	1.0	1/2	1/2	4/4	4	1	V6/V		A	i		V6/V		V		6		V			M	0	1	6, 3, 2		2	6
196	195	1523/2	1523/2	1.0	3/4	3/4	4/4	4	1	v43/V		A	i		v43/V		v		43		V			mm7	0	1	3, 0, 2, -1		2	3
197	196	1525/2	1525/2	1.0	0	0	4/4	4	1	#viio43		A	i		#viio43		#vii	o	43					o7	0	1	-1, -4, 5, 2		5	-1
197	196	1527/2	1527/2	1.0	1/4	1/4	4/4	4	1	#viio6		A	i		#viio6		#vii	o	6					o	0	1	2, -1, 5		5	2
197	196	1529/2	1529/2	1.0	1/2	1/2	4/4	4	1	#viio65		A	i		#viio65		#vii	o	65					o7	0	1	2, -1, -4, 5		5	2
197	196	1531/2	1531/2	1.0	3/4	3/4	4/4	4	1	#viio43		A	i		#viio43		#vii	o	43					o7	0	1	-1, -4, 5, 2		5	-1
198	197	1533/2	1533/2	3.0	0	0	4/4	4	1	#viio2		A	i		#viio2		#vii	o	2					o7	0	1	-4, 5, 2, -1		5	-4
198	197	1539/2	1539/2	1.0	3/4	3/4	4/4	4	1	V7		A	i		V7		V		7					Mm7	0	1	1, 5, 2, -1		1	1
199	198	1541/2	1541/2	2.0	0	0	4/4	4	1	i6\\		A	i		i6		i		6				\\	m	0	1	-3, 1, 0		0	-3
199	198	1545/2	1545/2	1.0	1/2	1/2	4/4	4	1	i6(2)		A	i		i6(2)		i		6	2				m	0	1	-3, 1, 2		0	-3
199	198	1547/2	1547/2	1.0	3/4	3/4	4/4	4	1	i6		A	i		i6		i		6					m	0	1	-3, 1, 0		0	-3
200	199	1549/2	1549/2	1.0	0	0	4/4	4	1	iio6		A	i		iio6		ii	o	6					o	0	1	-1, -4, 2		2	-1
200	199	1551/2	1551/2	3.0	1/4	1/4	4/4	4	1	iv		A	i		iv		iv							m	0	1	-1, -4, 0		-1	-1
201	200	1557/2	1557/2	2.0	0	0	4/4	4	1	V(64)		A	i		V(64)		V			64				M	0	1	1, 0, -3		1	1
201	200	1561/2	1561/2	1.0	1/2	1/2	4/4	4	1	V6/V		A	i		V6/V		V		6		V			M	0	1	6, 3, 2		2	6
201	200	1563/2	1563/2	1.0	3/4	3/4	4/4	4	1	V65/V		A	i		V65/V		V		65		V			Mm7	0	1	6, 3, 0, 2		2	6
202	201	1565/2	1565/2	1.0	0	0	4/4	4	1	V(4)		A	i		V(4)		V			4				M	0	1	1, 0, 2		1	1
202	201	1567/2	1567/2	1.0	1/4	1/4	4/4	4	1	V(64)		A	i		V(64)		V			64				M	0	1	1, 0, -3		1	1
202	201	1569/2	1569/2	2.0	1/2	1/2	4/4	4	1	V2		A	i		V2		V		2					Mm7	0	1	-1, 1, 5, 2		1	-1
203	202	1573/2	1573/2	2.0	0	0	4/4	4	1	i\\		A	i		i		i						\\	m	0	1	0, -3, 1		0	0
203	202	1577/2	1577/2	1.0	1/2	1/2	4/4	4	1	i6(2)		A	i		i6(2)		i		6	2				m	0	1	-3, 1, 2		0	-3
203	202	1579/2	1579/2	1.0	3/4	3/4	4/4	4	1	i6		A	i		i6		i		6					m	0	1	-3, 1, 0		0	-3
204	203	1581/2	1581/2	1.0	0	0	4/4	4	1	ii%65		A	i		ii%65		ii	%	65					%7	0	1	-1, -4, 0, 2		2	-1
204	203	1583/2	1583/2	1.0	1/4	1/4	4/4	4	1	iv		A	i		iv		iv							m	0	1	-1, -4, 0		-1	-1
204	203	1585/2	1585/2	2.0	1/2	1/2	4/4	4	1	ii%43		A	i		ii%43		ii	%	43					%7	0	1	-4, 0, 2, -1		2	-4
205	204	1589/2	1589/2	2.0	0	0	4/4	4	1	V(64)		A	i		V(64)		V			64				M	0	1	1, 0, -3		1	1
205	204	1593/2	1593/2	1.0	1/2	1/2	4/4	4	1	viio7(13)/V		A	i		viio7(13)/V		vii	o	7	13	V			o7	0	1	6, 3, 0, -3	2	6	6
205	204	1595/2	1595/2	1.0	3/4	3/4	4/4	4	1	viio7/V		A	i		viio7/V		vii	o	7		V			o7	0	1	6, 3, 0, -3		6	6
206	205	1597/2	1597/2	1.0	0	0	4/4	4	1	V(134)		A	i		V(134)		V			134				M	0	1	1, 0, 2	-3	1	1
206	205	1599/2	1599/2	1.0	1/4	1/4	4/4	4	1	V(64)		A	i		V(64)		V			64				M	0	1	1, 0, -3		1	1
206	205	1601/2	1601/2	2.0	1/2	1/2	4/4	4	1	V7		A	i		V7		V		7					Mm7	0	1	1, 5, 2, -1		1	1
207	206	1605/2	1605/2	1.0	0	0	4/4	4	1	i\\		A	i		i		i						\\	m	0	1	0, -3, 1		0	0
207	206	1607/2	1607/2	1.0	1/4	1/4	4/4	4	1	i65		A	i		i65		i		65					mm7	0	1	-3, 1, -2, 0		0	-3
207	206	1609/2	1609/2	1.0	1/2	1/2	4/4	4	1	iv		A	i		iv		iv							m	0	1	-1, -4, 0		-1	-1
207	206	1611/2	1611/2	1.0	3/4	3/4	4/4	4	1	V(64)		A	i		V(64)		V			64				M	0	1	1, 0, -3		1	1
208	207	1613/2	1613/2	1.0	0	0	4/4	4	1	ii%43		A	i		ii%43		ii	%	43					%7	0	1	-4, 0, 2, -1		2	-4
208	207	1615/2	1615/2	1.0	1/4	1/4	4/4	4	1	#viio2		A	i		#viio2		#vii	o	2					o7	0	1	-4, 5, 2, -1		5	-4
208	207	1617/2	1617/2	2.0	1/2	1/2	4/4	4	1	V7		A	i		V7		V		7					Mm7	0	1	1, 5, 2, -1		1	1
209	208	1621/2	1621/2	1.0	0	0	4/4	4	1	i		A	i		i		i							m	0	1	0, -3, 1		0	0
209	208	1623/2	1623/2	1.0	1/4	1/4	4/4	4	1	V65/iv		A	i		V65/iv		V		65		iv			Mm7	0	1	4, 1, -2, 0		0	4
209	208	1625/2	1625/2	1.0	1/2	1/2	4/4	4	1	iv		A	i		iv		iv							m	0	1	-1, -4, 0		-1	-1
209	208	1627/2	1627/2	1.0	3/4	3/4	4/4	4	1	V(64)		A	i		V(64)		V			64				M	0	1	1, 0, -3		1	1
210	209	1629/2	1629/2	1.0	0	0	4/4	4	1	ii%43		A	i		ii%43		ii	%	43					%7	0	1	-4, 0, 2, -1		2	-4
210	209	1631/2	1631/2	1.0	1/4	1/4	4/4	4	1	#viio2		A	i		#viio2		#vii	o	2					o7	0	1	-4, 5, 2, -1		5	-4
210	209	1633/2	1633/2	1.0	1/2	1/2	4/4	4	1	V7		A	i		V7		V		7					Mm7	0	1	1, 5, 2, -1		1	1
210	209	1635/2	1635/2	2.0	3/4	3/4	4/4	4	1	V7(9)		A	i		V7(9)		V		7	9				Mm7	0	1	1, 5, 2, -1	-4	1	1
211	210	1639/2	1639/2	4.0	1/4	1/4	4/4	4	1	V7		A	i		V7		V		7					Mm7	0	1	1, 5, 2, -1		1	1
212	211	1647/2	1647/2	1.0	1/4	1/4	4/4	4	1	V7(9)		A	i		V7(9)		V		7	9				Mm7	0	1	1, 5, 2, -1	-4	1	1
212	211	1649/2	1649/2	1.0	1/2	1/2	4/4	4	1	#viio64		A	i		#viio64		#vii	o	64					o	0	1	-1, 5, 2		5	-1
212	211	1651/2	1651/2	1.0	3/4	3/4	4/4	4	1	V2		A	i		V2		V		2					Mm7	0	1	-1, 1, 5, 2		1	-1
213	212	1653/2	1653/2	8.0	0	0	4/4	4	1	#viio7/iv		A	i		#viio7/iv		#vii	o	7		iv			o7	0	1	4, 1, -2, -5		4	4
215	214	1669/2	1669/2	4.0	0	0	4/4	4	1	iv		A	i		iv		iv							m	0	1	-1, -4, 0		-1	-1
216	215	1677/2	1677/2	4.0	0	0	4/4	4	1	V7/III		A	i		V7/III		V		7		III			Mm7	0	1	-2, 2, -1, -4		-2	-2
217	216	1685/2	1685/2	4.0	0	0	4/4	4	1	V65		A	i		V65		V		65					Mm7	0	1	5, 2, -1, 1		1	5
218	217	1693/2	1693/2	4.0	0	0	4/4	4	1	i		A	i		i		i							m	0	1	0, -3, 1		0	0
219	218	1701/2	1701/2	2.0	0	0	4/4	4	1	iv65		A	i		iv65		iv		65					mm7	0	1	-4, 0, -3, -1		-1	-4
219	218	1705/2	1705/2	4.0	1/2	1/2	4/4	4	1	iv7		A	i		iv7		iv		7					mm7	0	1	-1, -4, 0, -3		-1	-1
220	219	1713/2	1713/2	2.0	1/2	1/2	4/4	4	1	ii%43		A	i		ii%43		ii	%	43					%7	0	1	-4, 0, 2, -1		2	-4
221	220	1717/2	1717/2	2.0	0	0	4/4	4	1	i64		A	i		i64		i		64					m	0	1	1, 0, -3		0	1
221	220	1721/2	1721/2	4.0	1/2	1/2	4/4	4	1	iv7		A	i		iv7		iv		7					mm7	0	1	-1, -4, 0, -3		-1	-1
222	221	1729/2	1729/2	2.0	1/2	1/2	4/4	4	1	ii%43		A	i		ii%43		ii	%	43					%7	0	1	-4, 0, 2, -1		2	-4
223	222	1733/2	1733/2	2.0	0	0	4/4	4	1	i64		A	i		i64		i		64					m	0	1	1, 0, -3		0	1
223	222	1737/2	1737/2	13.0	1/2	1/2	4/4	4	1	Ger6		A	i		Ger6	Ger	vii	o	65	b3	V			Ger	0	1	-4, 0, -3, 6		6	-4
226	225	1763/2	1763/2	1.0	3/4	3/4	4/4	4	1	V[i6		A	i	V	i6		i		6					m	0	1	-3, 1, 0		0	-3
227	226	1765/2	1765/2	1.0	0	0	4/4	4	1	i		A	i	V	i		i							m	0	1	0, -3, 1		0	0
227	226	1767/2	1767/2	1.0	1/4	1/4	4/4	4	1	i(11)		A	i	V	i(11)		i			11				m	0	1	0, -3, 1	-1	0	0
227	226	1769/2	1769/2	1.0	1/2	1/2	4/4	4	1	iv65		A	i	V	iv65		iv		65					mm7	0	1	-4, 0, -3, -1		-1	-4
227	226	1771/2	1771/2	1.0	3/4	3/4	4/4	4	1	ii%43		A	i	V	ii%43		ii	%	43					%7	0	1	-4, 0, 2, -1		2	-4
228	227	1773/2	1773/2	1.0	0	0	4/4	4	1	iv6		A	i	V	iv6		iv		6					m	0	1	-4, 0, -1		-1	-4
228	227	1775/2	1775/2	1.0	1/4	1/4	4/4	4	1	iv6(#11)		A	i	V	iv6(#11)		iv		6	#11				m	0	1	-4, 0, -1	5	-1	-4
228	227	1777/2	1777/2	1.0	1/2	1/2	4/4	4	1	V7		A	i	V	V7		V		7					Mm7	0	1	1, 5, 2, -1		1	1
228	227	1779/2	1779/2	1.0	3/4	3/4	4/4	4	1	V65		A	i	V	V65		V		65					Mm7	0	1	5, 2, -1, 1		1	5
229	228	1781/2	1781/2	1.0	0	0	4/4	4	1	i		A	i	V	i		i							m	0	1	0, -3, 1		0	0
229	228	1783/2	1783/2	1.0	1/4	1/4	4/4	4	1	i(11)		A	i	V	i(11)		i			11				m	0	1	0, -3, 1	-1	0	0
229	228	1785/2	1785/2	1.0	1/2	1/2	4/4	4	1	iv43		A	i	V	iv43		iv		43					mm7	0	1	0, -3, -1, -4		-1	0
229	228	1787/2	1787/2	1.0	3/4	3/4	4/4	4	1	ii%2		A	i	V	ii%2		ii	%	2					%7	0	1	0, 2, -1, -4		2	0
230	229	1789/2	1789/2	1.0	0	0	4/4	4	1	iv64		A	i	V	iv64		iv		64					m	0	1	0, -1, -4		-1	0
230	229	1791/2	1791/2	1.0	1/4	1/4	4/4	4	1	iv64(#11)		A	i	V	iv64(#11)		iv		64	#11				m	0	1	0, -1, -4	5	-1	0
230	229	1793/2	1793/2	2.0	1/2	1/2	4/4	4	1	V65		A	i	V	V65		V		65					Mm7	0	1	5, 2, -1, 1		1	5
231	230	1797/2	1797/2	2.0	0	0	4/4	4	1	i6		A	i	V	i6		i		6					m	0	1	-3, 1, 0		0	-3
231	230	1801/2	1801/2	2.0	1/2	1/2	4/4	4	1	V7/VI]		A	i	V	V7/VI		V		7		VI			Mm7	0	1	-3, 1, -2, -5		-3	-3
232	231	1805/2	1805/2	1.0	0	0	4/4	4	1	VI		A	i		VI		VI							M	0	1	-4, 0, -3		-4	-4
232	231	1807/2	1807/2	1.0	1/4	1/4	4/4	4	1	iv6(#7)		A	i		iv6(#7)		iv		6	#7				m	0	1	-4, 0, 4		-1	-4
232	231	1809/2	1809/2	1.0	1/2	1/2	4/4	4	1	iv65		A	i		iv65		iv		65					mm7	0	1	-4, 0, -3, -1		-1	-4
232	231	1811/2	1811/2	1.0	3/4	3/4	4/4	4	1	V65/VII		A	i		V65/VII		V		65		VII			Mm7	0	1	3, 0, -3, -1		-1	3
233	232	1813/2	1813/2	1.0	0	0	4/4	4	1	VII		A	i		VII		VII							M	0	1	-2, 2, -1		-2	-2
233	232	1815/2	1815/2	1.0	1/4	1/4	4/4	4	1	v6(#7)		A	i		v6(#7)		v		6	#7				m	0	1	-2, 2, 6		1	-2
233	232	1817/2	1817/2	1.0	1/2	1/2	4/4	4	1	v65		A	i		v65		v		65					mm7	0	1	-2, 2, -1, 1		1	-2
233	232	1819/2	1819/2	2.0	3/4	3/4	4/4	4	1	V65		A	i		V65		V		65					Mm7	0	1	5, 2, -1, 1		1	5
234	233	1823/2	1823/2	1.0	1/4	1/4	4/4	4	1	ii%2		A	i		ii%2		ii	%	2					%7	0	1	0, 2, -1, -4		2	0
234	233	1825/2	1825/2	1.0	1/2	1/2	4/4	4	1	V65\\		A	i		V65		V		65				\\	Mm7	0	1	5, 2, -1, 1		1	5
234	233	1827/2	1827/2	1.0	3/4	3/4	4/4	4	1	V7		A	i		V7		V		7					Mm7	0	1	1, 5, 2, -1		1	1
235	234	1829/2	1829/2	1.0	0	0	4/4	4	1	i		A	i		i		i							m	0	1	0, -3, 1		0	0
235	234	1831/2	1831/2	1.0	1/4	1/4	4/4	4	1	i(11)		A	i		i(11)		i			11				m	0	1	0, -3, 1	-1	0	0
235	234	1833/2	1833/2	1.0	1/2	1/2	4/4	4	1	VI		A	i		VI		VI							M	0	1	-4, 0, -3		-4	-4
235	234	1835/2	1835/2	1.0	3/4	3/4	4/4	4	1	VI(11)		A	i		VI(11)		VI			11				M	0	1	-4, 0, -3	2	-4	-4
236	235	1837/2	1837/2	1.0	0	0	4/4	4	1	#viio64(2)		A	i		#viio64(2)		#vii	o	64	2				o	0	1	-1, 0, 2		5	-1
236	235	1839/2	1839/2	1.0	1/4	1/4	4/4	4	1	#viio64		A	i		#viio64		#vii	o	64					o	0	1	-1, 5, 2		5	-1
236	235	1841/2	1841/2	1.0	1/2	1/2	4/4	4	1	V2		A	i		V2		V		2					Mm7	0	1	-1, 1, 5, 2		1	-1
236	235	1843/2	1843/2	0.5	3/4	3/4	4/4	4	1	V		A	i		V		V							M	0	1	1, 5, 2		1	1
236	235	922	922	0.5	7/8	7/8	4/4	4	1	V2		A	i		V2		V		2					Mm7	0	1	-1, 1, 5, 2		1	-1
237	236	1845/2	1845/2	1.0	0	0	4/4	4	1	i6		A	i		i6		i		6					m	0	1	-3, 1, 0		0	-3
237	236	1847/2	1847/2	1.0	1/4	1/4	4/4	4	1	i6(11)		A	i		i6(11)		i		6	11				m	0	1	-3, 1, 0	-1	0	-3
237	236	1849/2	1849/2	1.0	1/2	1/2	4/4	4	1	VI		A	i		VI		VI							M	0	1	-4, 0, -3		-4	-4
237	236	1851/2	1851/2	1.0	3/4	3/4	4/4	4	1	VI(11)		A	i		VI(11)		VI			11				M	0	1	-4, 0, -3	2	-4	-4
238	237	1853/2	1853/2	1.0	0	0	4/4	4	1	#viio64(2)		A	i		#viio64(2)		#vii	o	64	2				o	0	1	-1, 0, 2		5	-1
238	237	1855/2	1855/2	1.0	1/4	1/4	4/4	4	1	#viio64		A	i		#viio64		#vii	o	64					o	0	1	-1, 5, 2		5	-1
238	237	1857/2	1857/2	1.0	1/2	1/2	4/4	4	1	V2		A	i		V2		V		2					Mm7	0	1	-1, 1, 5, 2		1	-1
238	237	1859/2	1859/2	0.5	3/4	3/4	4/4	4	1	V		A	i		V		V							M	0	1	1, 5, 2		1	1
238	237	930	930	0.5	7/8	7/8	4/4	4	1	V2		A	i		V2		V		2					Mm7	0	1	-1, 1, 5, 2		1	-1
239	238	1861/2	1861/2	2.0	0	0	4/4	4	1	i6		A	i		i6		i		6					m	0	1	-3, 1, 0		0	-3
239	238	1865/2	1865/2	2.0	1/2	1/2	4/4	4	1	V7/VI		A	i		V7/VI		V		7		VI			Mm7	0	1	-3, 1, -2, -5		-3	-3
240	239	1869/2	1869/2	2.0	0	0	4/4	4	1	VI		A	i		VI		VI							M	0	1	-4, 0, -3		-4	-4
240	239	1873/2	1873/2	2.0	1/2	1/2	4/4	4	1	iv		A	i		iv		iv							m	0	1	-1, -4, 0		-1	-1
241	240	1877/2	1877/2	2.0	0	0	4/4	4	1	V(64)		A	i		V(64)		V			64				M	0	1	1, 0, -3		1	1
241	240	1881/2	1881/2	1.0	1/2	1/2	4/4	4	1	V7		A	i		V7		V		7					Mm7	0	1	1, 5, 2, -1		1	1
241	240	1883/2	1883/2	1.0	3/4	3/4	4/4	4	1	V2		A	i		V2		V		2					Mm7	0	1	-1, 1, 5, 2		1	-1
242	241	1885/2	1885/2	2.0	0	0	4/4	4	1	i6		A	i		i6		i		6					m	0	1	-3, 1, 0		0	-3
242	241	1889/2	1889/2	2.0	1/2	1/2	4/4	4	1	V7/VI		A	i		V7/VI		V		7		VI			Mm7	0	1	-3, 1, -2, -5		-3	-3
243	242	1893/2	1893/2	2.0	0	0	4/4	4	1	VI		A	i		VI		VI							M	0	1	-4, 0, -3		-4	-4
243	242	1897/2	1897/2	2.0	1/2	1/2	4/4	4	1	iv		A	i		iv		iv							m	0	1	-1, -4, 0		-1	-1
244	243	1901/2	1901/2	2.0	0	0	4/4	4	1	V(64)		A	i		V(64)		V			64				M	0	1	1, 0, -3		1	1
244	243	1905/2	1905/2	2.0	1/2	1/2	4/4	4	1	V7		A	i		V7		V		7					Mm7	0	1	1, 5, 2, -1		1	1
245	244	1909/2	1909/2	4.0	0	0	4/4	4	1	i\\		A	i		i		i						\\	m	0	1	0, -3, 1		0	0
246	245	1917/2	1917/2	4.0	0	0	4/4	4	1	i2		A	i		i2		i		2					mm7	0	1	-2, 0, -3, 1		0	-2
247	246	1925/2	1925/2	4.0	0	0	4/4	4	1	iv6		A	i		iv6		iv		6					m	0	1	-4, 0, -1		-1	-4
248	247	1933/2	1933/2	4.0	0	0	4/4	4	1	V(64)		A	i		V(64)		V			64				M	0	1	1, 0, -3		1	1
249	248	1941/2	1941/2	8.0	0	0	4/4	4	1	viio7/V		A	i		viio7/V		vii	o	7		V			o7	0	1	6, 3, 0, -3		6	6
251	250	1957/2	1957/2	2.0	0	0	4/4	4	1	V(64)		A	i		V(64)		V			64				M	0	1	1, 0, -3		1	1
251	250	1961/2	1961/2	2.0	1/2	1/2	4/4	4	1	V7		A	i		V7		V		7					Mm7	0	1	1, 5, 2, -1		1	1
252	251	1965/2	1965/2	4.0	0	0	4/4	4	1	i\\		A	i		i		i						\\	m	0	1	0, -3, 1		0	0
