mc	mn	quarterbeats	quarterbeats_all_endings	duration_qb	mc_onset	mn_onset	timesig	staff	voice	volta	label	alt_label	globalkey	localkey	pedal	chord	special	numeral	form	figbass	changes	relativeroot	cadence	phraseend	chord_type	globalkey_is_minor	localkey_is_minor	chord_tones	added_tones	root	bass_note
1	1	0	0	1.0	0	0	2/4	4	1		a.i		a	i		i		i							m	1	1	0, -3, 1		0	0
1	1	1	1	1.0	1/4	1/4	2/4	4	1		iv		a	i		iv		iv							m	1	1	-1, -4, 0		-1	-1
2	2	2	2	1.0	0	0	2/4	4	1		V7/III		a	i		V7/III		V		7		III			Mm7	1	1	-2, 2, -1, -4		-2	-2
2	2	3	3	1.0	1/4	1/4	2/4	4	1		III		a	i		III		III							M	1	1	-3, 1, -2		-3	-3
3	3	4	4	1.0	0	0	2/4	4	1		VI		a	i		VI		VI							M	1	1	-4, 0, -3		-4	-4
3	3	5	5	1.0	1/4	1/4	2/4	4	1		iv		a	i		iv		iv							m	1	1	-1, -4, 0		-1	-1
4	4	6	6	0.5	0	0	2/4	4	1		V[i6		a	i	V	i6		i		6					m	1	1	-3, 1, 0		0	-3
4	4	13/2	13/2	0.5	1/8	1/8	2/4	4	1		iio6		a	i	V	iio6		ii	o	6					o	1	1	-1, -4, 2		2	-1
4	4	7	7	1.0	1/4	1/4	2/4	4	1		V6]\\		a	i	V	V6		V		6				\\	M	1	1	5, 2, 1		1	5
5	5	8	8	1.0	0	0	2/4	4	1		i		a	i		i		i							m	1	1	0, -3, 1		0	0
5	5	9	9	1.0	1/4	1/4	2/4	4	1		iv		a	i		iv		iv							m	1	1	-1, -4, 0		-1	-1
6	6	10	10	1.0	0	0	2/4	4	1		V7/III		a	i		V7/III		V		7		III			Mm7	1	1	-2, 2, -1, -4		-2	-2
6	6	11	11	1.0	1/4	1/4	2/4	4	1		III		a	i		III		III							M	1	1	-3, 1, -2		-3	-3
7	7	12	12	1.0	0	0	2/4	4	1		VI		a	i		VI		VI							M	1	1	-4, 0, -3		-4	-4
7	7	13	13	1.0	1/4	1/4	2/4	4	1		iv		a	i		iv		iv							m	1	1	-1, -4, 0		-1	-1
8	8	14	14	0.5	0	0	2/4	4	1		V(64)		a	i		V(64)		V			64				M	1	1	1, 0, -3		1	1
8	8	29/2	29/2	0.5	1/8	1/8	2/4	4	1		V7		a	i		V7		V		7					Mm7	1	1	1, 5, 2, -1		1	1
8	8	15	15	1.0	1/4	1/4	2/4	4	1		i\\		a	i		i		i						\\	m	1	1	0, -3, 1		0	0
9	9	16	16	1.0	0	0	2/4	4	1		v.i		a	v		i		i							m	1	1	0, -3, 1		0	0
9	9	17	17	1.0	1/4	1/4	2/4	4	1		ii%65		a	v		ii%65		ii	%	65					%7	1	1	-1, -4, 0, 2		2	-1
10	10	18	18	1.0	0	0	2/4	4	1		i6		a	v		i6		i		6					m	1	1	-3, 1, 0		0	-3
10	10	19	19	1.0	1/4	1/4	2/4	4	1		ii%43		a	v		ii%43		ii	%	43					%7	1	1	-4, 0, 2, -1		2	-4
11	11	20	20	1.0	0	0	2/4	4	1		V(64)		a	v		V(64)		V			64				M	1	1	1, 0, -3		1	1
11	11	21	21	1.0	1/4	1/4	2/4	4	1		ii%65		a	v		ii%65		ii	%	65					%7	1	1	-1, -4, 0, 2		2	-1
12	12	22	22	1.0	0	0	2/4	4	1		V7		a	v		V7		V		7					Mm7	1	1	1, 5, 2, -1		1	1
12	12	23	23	2.0	1/4	1/4	2/4	4	1		i\\		a	v		i		i						\\	m	1	1	0, -3, 1		0	0
13	13	25	25	1.0	1/4	1/4	2/4	4	1		ii%65		a	v		ii%65		ii	%	65					%7	1	1	-1, -4, 0, 2		2	-1
14	14	26	26	1.0	0	0	2/4	4	1		i6		a	v		i6		i		6					m	1	1	-3, 1, 0		0	-3
14	14	27	27	1.0	1/4	1/4	2/4	4	1		ii%43		a	v		ii%43		ii	%	43					%7	1	1	-4, 0, 2, -1		2	-4
15	15	28	28	1.0	0	0	2/4	4	1		V(64)		a	v		V(64)		V			64				M	1	1	1, 0, -3		1	1
15	15	29	29	1.0	1/4	1/4	2/4	4	1		iv		a	v		iv		iv							m	1	1	-1, -4, 0		-1	-1
16	16	30	30	1.0	0	0	2/4	4	1		V(64)		a	v		V(64)		V			64				M	1	1	1, 0, -3		1	1
16	16	31	31	1.0	1/4	1/4	2/4	4	1		#viio7		a	v		#viio7		#vii	o	7					o7	1	1	5, 2, -1, -4		5	5
17	17	32	32	1.0	0	0	2/4	4	1		V(64)		a	v		V(64)		V			64				M	1	1	1, 0, -3		1	1
17	17	33	33	1.0	1/4	1/4	2/4	4	1		#viio2		a	v		#viio2		#vii	o	2					o7	1	1	-4, 5, 2, -1		5	-4
18	18	34	34	1.0	0	0	2/4	4	1		V(64)		a	v		V(64)		V			64				M	1	1	1, 0, -3		1	1
18	18	35	35	1.0	1/4	1/4	2/4	4	1		#viio2		a	v		#viio2		#vii	o	2					o7	1	1	-4, 5, 2, -1		5	-4
19	19	36	36	0.5	0	0	2/4	4	1		i.V65		a	i		V65		V		65					Mm7	1	1	5, 2, -1, 1		1	5
19	19	73/2	73/2	0.5	1/8	1/8	2/4	4	1		V/iv		a	i		V/iv		V				iv			M	1	1	0, 4, 1		0	0
19	19	37	37	1.0	1/4	1/4	2/4	4	1		iv		a	i		iv		iv							m	1	1	-1, -4, 0		-1	-1
20	20	38	38	1.0	0	0	2/4	4	1		V7/III		a	i		V7/III		V		7		III			Mm7	1	1	-2, 2, -1, -4		-2	-2
20	20	39	39	1.0	1/4	1/4	2/4	4	1		III		a	i		III		III							M	1	1	-3, 1, -2		-3	-3
21	21	40	40	1.0	0	0	2/4	4	1		VI		a	i		VI		VI							M	1	1	-4, 0, -3		-4	-4
21	21	41	41	1.0	1/4	1/4	2/4	4	1		iv		a	i		iv		iv							m	1	1	-1, -4, 0		-1	-1
22	22	42	42	1.0	0	0	2/4	4	1		V(64)		a	i		V(64)		V			64				M	1	1	1, 0, -3		1	1
22	22	43	43	1.0	1/4	1/4	2/4	4	1		V2		a	i		V2		V		2					Mm7	1	1	-1, 1, 5, 2		1	-1
23	23	44	44	0.5	0	0	2/4	4	1		V6/iv		a	i		V6/iv		V		6		iv			M	1	1	4, 1, 0		0	4
23	23	89/2	89/2	0.5	1/8	1/8	2/4	4	1		V7/iv		a	i		V7/iv		V		7		iv			Mm7	1	1	0, 4, 1, -2		0	0
23	23	45	45	1.0	1/4	1/4	2/4	4	1		iv		a	i		iv		iv							m	1	1	-1, -4, 0		-1	-1
24	24	46	46	0.5	0	0	2/4	4	1		V65/III		a	i		V65/III		V		65		III			Mm7	1	1	2, -1, -4, -2		-2	2
24	24	93/2	93/2	0.5	1/8	1/8	2/4	4	1		V7/III		a	i		V7/III		V		7		III			Mm7	1	1	-2, 2, -1, -4		-2	-2
24	24	47	47	1.0	1/4	1/4	2/4	4	1		III		a	i		III		III							M	1	1	-3, 1, -2		-3	-3
25	25	48	48	1.0	0	0	2/4	4	1		VI		a	i		VI		VI							M	1	1	-4, 0, -3		-4	-4
25	25	49	49	1.0	1/4	1/4	2/4	4	1		iv		a	i		iv		iv							m	1	1	-1, -4, 0		-1	-1
26	26	50	50	0.5	0	0	2/4	4	1		V(64)		a	i		V(64)		V			64				M	1	1	1, 0, -3		1	1
26	26	101/2	101/2	0.5	1/8	1/8	2/4	4	1		V7		a	i		V7		V		7					Mm7	1	1	1, 5, 2, -1		1	1
26	26	51	51	1.0	1/4	1/4	2/4	4	1		i\\		a	i		i		i						\\	m	1	1	0, -3, 1		0	0
27	27	52	52	1.5	0	0	2/4	4	1		I.I		a	I		I		I							M	1	0	0, 4, 1		0	0
27	27	107/2	107/2	1.5	3/8	3/8	2/4	4	1		V		a	I		V		V							M	1	0	1, 5, 2		1	1
28	28	55	55	1.5	1/4	1/4	2/4	4	1		ii		a	I		ii		ii							m	1	0	2, -1, 3		2	2
29	29	113/2	113/2	0.5	1/8	1/8	2/4	4	1		V		a	I		V		V							M	1	0	1, 5, 2		1	1
29	29	57	57	0.5	1/4	1/4	2/4	4	1		I		a	I		I		I							M	1	0	0, 4, 1		0	0
29	29	115/2	115/2	0.5	3/8	3/8	2/4	4	1		viio6		a	I		viio6		vii	o	6					o	1	0	2, -1, 5		5	2
30	30	58	58	0.5	0	0	2/4	4	1		I6		a	I		I6		I		6					M	1	0	4, 1, 0		0	4
30	30	117/2	117/2	0.5	1/8	1/8	2/4	4	1		viio/V		a	I		viio/V		vii	o			V			o	1	0	6, 3, 0		6	6
30	30	59	59	0.5	1/4	1/4	2/4	4	1		V		a	I		V		V							M	1	0	1, 5, 2		1	1
30	30	119/2	119/2	0.5	3/8	3/8	2/4	4	1		viio6/V		a	I		viio6/V		vii	o	6		V			o	1	0	3, 0, 6		6	3
31	31	60	60	0.5	0	0	2/4	4	1		V6		a	I		V6		V		6					M	1	0	5, 2, 1		1	5
31	31	121/2	121/2	0.5	1/8	1/8	2/4	4	1		viio6		a	I		viio6		vii	o	6					o	1	0	2, -1, 5		5	2
31	31	61	61	0.5	1/4	1/4	2/4	4	1		iii		a	I		iii		iii							m	1	0	4, 1, 5		4	4
31	31	123/2	123/2	0.5	3/8	3/8	2/4	4	1		V6/ii		a	I		V6/ii		V		6		ii			M	1	0	7, 4, 3		3	7
32	32	62	62	0.5	0	0	2/4	4	1		V/V		a	I		V/V		V				V			M	1	0	2, 6, 3		2	2
32	32	125/2	125/2	0.5	1/8	1/8	2/4	4	1		V6		a	I		V6		V		6					M	1	0	5, 2, 1		1	5
32	32	63	63	0.5	1/4	1/4	2/4	4	1		V6/vi		a	I		V6/vi		V		6		vi			M	1	0	8, 5, 4		4	8
32	32	127/2	127/2	0.5	3/8	3/8	2/4	4	1		vi		a	I		vi		vi							m	1	0	3, 0, 4		3	3
33	33	64	64	0.5	0	0	2/4	4	1		viio/V		a	I		viio/V		vii	o			V			o	1	0	6, 3, 0		6	6
33	33	129/2	129/2	0.5	1/8	1/8	2/4	4	1		V/V		a	I		V/V		V				V			M	1	0	2, 6, 3		2	2
33	33	65	65	0.5	1/4	1/4	2/4	4	1		V		a	I		V		V							M	1	0	1, 5, 2		1	1
33	33	131/2	131/2	0.5	3/8	3/8	2/4	4	1		viio/V		a	I		viio/V		vii	o			V			o	1	0	6, 3, 0		6	6
34	34	66	66	1.0	0	0	2/4	4	1		viio64		a	I		viio64		vii	o	64					o	1	0	-1, 5, 2		5	-1
34	34	67	67	0.5	1/4	1/4	2/4	4	1		I6		a	I		I6		I		6					M	1	0	4, 1, 0		0	4
34	34	135/2	135/2	0.5	3/8	3/8	2/4	4	1		viio6		a	I		viio6		vii	o	6					o	1	0	2, -1, 5		5	2
35	35	68	68	0.5	0	0	2/4	4	1		I		a	I		I		I							M	1	0	0, 4, 1		0	0
35	35	137/2	137/2	0.5	1/8	1/8	2/4	4	1		I6		a	I		I6		I		6					M	1	0	4, 1, 0		0	4
35	35	69	69	0.5	1/4	1/4	2/4	4	1		vi		a	I		vi		vi							m	1	0	3, 0, 4		3	3
35	35	139/2	139/2	0.5	3/8	3/8	2/4	4	1		V6/V		a	I		V6/V		V		6		V			M	1	0	6, 3, 2		2	6
36	36	70	70	0.5	0	0	2/4	4	1		V		a	I		V		V							M	1	0	1, 5, 2		1	1
36	36	141/2	141/2	0.5	1/8	1/8	2/4	4	1		iii		a	I		iii		iii							m	1	0	4, 1, 5		4	4
36	36	71	71	0.5	1/4	1/4	2/4	4	1		V65/ii		a	I		V65/ii		V		65		ii			Mm7	1	0	7, 4, 1, 3		3	7
36	36	143/2	143/2	0.5	3/8	3/8	2/4	4	1		ii		a	I		ii		ii							m	1	0	2, -1, 3		2	2
37	37	72	72	0.5	0	0	2/4	4	1		V65		a	I		V65		V		65					Mm7	1	0	5, 2, -1, 1		1	5
37	37	145/2	145/2	0.5	1/8	1/8	2/4	4	1		V7		a	I		V7		V		7					Mm7	1	0	1, 5, 2, -1		1	1
37	37	73	73	0.5	1/4	1/4	2/4	4	1		I		a	I		I		I							M	1	0	0, 4, 1		0	0
37	37	147/2	147/2	0.5	3/8	3/8	2/4	4	1		V		a	I		V		V							M	1	0	1, 5, 2		1	1
38	38	74	74	0.5	0	0	2/4	4	1		I		a	I		I		I							M	1	0	0, 4, 1		0	0
38	38	149/2	149/2	1.5	1/8	1/8	2/4	4	1		V/iii		a	I		V/iii		V				iii			M	1	0	5, 9, 6		5	5
39	39	76	76	0.5	0	0	2/4	4	1		iii		a	I		iii		iii							m	1	0	4, 1, 5		4	4
39	39	153/2	153/2	0.5	1/8	1/8	2/4	4	1		V/iii		a	I		V/iii		V				iii			M	1	0	5, 9, 6		5	5
39	39	77	77	0.5	1/4	1/4	2/4	4	1		iii		a	I		iii		iii							m	1	0	4, 1, 5		4	4
39	39	155/2	155/2	0.5	3/8	3/8	2/4	4	1		iv/iii		a	I		iv/iii		iv				iii			m	1	0	3, 0, 4		3	3
40	40	78	78	0.5	0	0	2/4	4	1		iii		a	I		iii		iii							m	1	0	4, 1, 5		4	4
40	40	157/2	157/2	0.5	1/8	1/8	2/4	4	1		viio43/II		a	I		viio43/II		vii	o	43		II			o7	1	0	1, -2, 7, 4		7	1
40	40	79	79	0.5	1/4	1/4	2/4	4	1		iii/II		a	I		iii/II		iii				II			m	1	0	6, 3, 7		6	6
40	40	159/2	159/2	0.5	3/8	3/8	2/4	4	1		viio65/II		a	I		viio65/II		vii	o	65		II			o7	1	0	4, 1, -2, 7		7	4
41	41	80	80	0.5	0	0	2/4	4	1		V6/V		a	I		V6/V		V		6		V			M	1	0	6, 3, 2		2	6
41	41	161/2	161/2	0.5	1/8	1/8	2/4	4	1		V2(9)/V		a	I		V2(9)/V		V		2	9	V			Mm7	1	0	0, 2, 6, 3	4	2	0
41	41	81	81	0.5	1/4	1/4	2/4	4	1		iii/V		a	I		iii/V		iii				V			m	1	0	5, 2, 6		5	5
41	41	163/2	163/2	0.5	3/8	3/8	2/4	4	1		V43/V		a	I		V43/V		V		43		V			Mm7	1	0	3, 0, 2, 6		2	3
42	42	82	82	0.5	0	0	2/4	4	1		V		a	I		V		V							M	1	0	1, 5, 2		1	1
42	42	165/2	165/2	0.5	1/8	1/8	2/4	4	1		V7(9)/iii		a	I		V7(9)/iii		V		7	9	iii			Mm7	1	0	5, 9, 6, 3	0	5	5
42	42	83	83	0.5	1/4	1/4	2/4	4	1		V(6)/iii		a	I		V(6)/iii		V			6	iii			M	1	0	5, 9, 1		5	5
42	42	167/2	167/2	0.5	3/8	3/8	2/4	4	1		V7/iii		a	I		V7/iii		V		7		iii			Mm7	1	0	5, 9, 6, 3		5	5
43	43	84	84	0.5	0	0	2/4	4	1		iii		a	I		iii		iii							m	1	0	4, 1, 5		4	4
43	43	169/2	169/2	0.5	1/8	1/8	2/4	4	1		V7(9)		a	I		V7(9)		V		7	9				Mm7	1	0	1, 5, 2, -1	3	1	1
43	43	85	85	0.5	1/4	1/4	2/4	4	1		V(64)		a	I		V(64)		V			64				M	1	0	1, 0, 4		1	1
43	43	171/2	171/2	0.5	3/8	3/8	2/4	4	1		V7		a	I		V7		V		7					Mm7	1	0	1, 5, 2, -1		1	1
44	44	86	86	0.5	0	0	2/4	4	1		I		a	I		I		I							M	1	0	0, 4, 1		0	0
44	44	173/2	173/2	0.5	1/8	1/8	2/4	4	1		V.viio65		a	V		viio65		vii	o	65					o7	1	0	2, -1, -4, 5		5	2
44	44	87	87	0.5	1/4	1/4	2/4	4	1		I6		a	V		I6		I		6					M	1	0	4, 1, 0		0	4
44	44	175/2	175/2	0.5	3/8	3/8	2/4	4	1		V65/V		a	V		V65/V		V		65		V			Mm7	1	0	6, 3, 0, 2		2	6
45	45	88	88	0.5	0	0	2/4	4	1		V7		a	V		V7		V		7					Mm7	1	0	1, 5, 2, -1		1	1
45	45	177/2	177/2	0.5	1/8	1/8	2/4	4	1		vi		a	V		vi		vi							m	1	0	3, 0, 4		3	3
45	45	89	89	0.5	1/4	1/4	2/4	4	1		ii6		a	V		ii6		ii		6					m	1	0	-1, 3, 2		2	-1
45	45	179/2	179/2	0.5	3/8	3/8	2/4	4	1		V7		a	V		V7		V		7					Mm7	1	0	1, 5, 2, -1		1	1
46	46	90	90	0.5	0	0	2/4	4	1		I\\		a	V		I		I						\\	M	1	0	0, 4, 1		0	0
46	46	181/2	181/2	2.0	1/8	1/8	2/4	4	1		V		a	V		V		V							M	1	0	1, 5, 2		1	1
47	47	185/2	185/2	0.5	1/8	1/8	2/4	4	1		I6		a	V		I6		I		6					M	1	0	4, 1, 0		0	4
47	47	93	93	0.5	1/4	1/4	2/4	4	1		I		a	V		I		I							M	1	0	0, 4, 1		0	0
47	47	187/2	187/2	0.5	3/8	3/8	2/4	4	1		V64		a	V		V64		V		64					M	1	0	2, 1, 5		1	2
48	48	94	94	0.5	0	0	2/4	4	1		V6		a	V		V6		V		6					M	1	0	5, 2, 1		1	5
48	48	189/2	189/2	0.5	1/8	1/8	2/4	4	1		V		a	V		V		V							M	1	0	1, 5, 2		1	1
48	48	95	95	0.5	1/4	1/4	2/4	4	1		ii64(+4)		a	V		ii64(+4)		ii		64	+4				m	1	0	3, 2, -1	1	2	3
48	48	191/2	191/2	0.5	3/8	3/8	2/4	4	1		ii6(+4)		a	V		ii6(+4)		ii		6	+4				m	1	0	-1, 3, 2	1	2	-1
49	49	96	96	0.5	0	0	2/4	4	1		ii(+4)		a	V		ii(+4)		ii			+4				m	1	0	2, -1, 3	1	2	2
49	49	193/2	193/2	0.5	1/8	1/8	2/4	4	1		I6		a	V		I6		I		6					M	1	0	4, 1, 0		0	4
49	49	97	97	0.5	1/4	1/4	2/4	4	1		ii6(+4)		a	V		ii6(+4)		ii		6	+4				m	1	0	-1, 3, 2	1	2	-1
49	49	195/2	195/2	0.5	3/8	3/8	2/4	4	1		V7		a	V		V7		V		7					Mm7	1	0	1, 5, 2, -1		1	1
50	50	98	98	2.0	0	0	2/4	4	1		I\\		a	V		I		I						\\	M	1	0	0, 4, 1		0	0
51	51	100	100	2.0	0	0	2/4	4	1		I.iio/ii		a	I		iio/ii		ii	o			ii			o	1	0	4, 1, -2		4	4
52	52	102	102	2.0	0	0	2/4	4	1		#viio43/ii		a	I		#viio43/ii		#vii	o	43		ii			o7	1	0	1, -2, 7, 4		7	1
53	53	104	104	1.0	0	0	2/4	4	1		#viio2/ii		a	I		#viio2/ii		#vii	o	2		ii			o7	1	0	-2, 7, 4, 1		7	-2
53	53	105	105	1.0	1/4	1/4	2/4	4	1		#viio7/ii		a	I		#viio7/ii		#vii	o	7		ii			o7	1	0	7, 4, 1, -2		7	7
54	54	106	106	1.0	0	0	2/4	4	1		#viio65/ii		a	I		#viio65/ii		#vii	o	65		ii			o7	1	0	4, 1, -2, 7		7	4
54	54	107	107	1.0	1/4	1/4	2/4	4	1		#viio43/ii		a	I		#viio43/ii		#vii	o	43		ii			o7	1	0	1, -2, 7, 4		7	1
55	55	108	108	2.0	0	0	2/4	4	1		ii6		a	I		ii6		ii		6					m	1	0	-1, 3, 2		2	-1
56	56	110	110	1.0	0	0	2/4	4	1		ii		a	I		ii		ii							m	1	0	2, -1, 3		2	2
56	56	111	111	1.0	1/4	1/4	2/4	4	1		ii64		a	I		ii64		ii		64					m	1	0	3, 2, -1		2	3
57	57	112	112	2.5	0	0	2/4	4	1		ii6		a	I		ii6		ii		6					m	1	0	-1, 3, 2		2	-1
58	58	229/2	229/2	0.5	1/8	1/8	2/4	4	1		ii64		a	I		ii64		ii		64					m	1	0	3, 2, -1		2	3
58	58	115	115	1.0	1/4	1/4	2/4	4	1		ii		a	I		ii		ii							m	1	0	2, -1, 3		2	2
59	59	116	116	2.0	0	0	2/4	4	1		V7/bVII		a	I		V7/bVII		V		7		bVII			Mm7	1	0	-1, 3, 0, -3		-1	-1
60	60	118	118	2.0	0	0	2/4	4	1		V65/bVII		a	I		V65/bVII		V		65		bVII			Mm7	1	0	3, 0, -3, -1		-1	3
61	61	120	120	1.0	0	0	2/4	4	1		V43/bVII		a	I		V43/bVII		V		43		bVII			Mm7	1	0	0, -3, -1, 3		-1	0
61	61	121	121	3.0	1/4	1/4	2/4	4	1		V7/bVII		a	I		V7/bVII		V		7		bVII			Mm7	1	0	-1, 3, 0, -3		-1	-1
63	63	124	124	0.5	0	0	2/4	4	1		V65/V		a	I		V65/V		V		65		V			Mm7	1	0	6, 3, 0, 2		2	6
63	63	249/2	249/2	0.5	1/8	1/8	2/4	4	1		V43/V		a	I		V43/V		V		43		V			Mm7	1	0	3, 0, 2, 6		2	3
63	63	125	125	0.5	1/4	1/4	2/4	4	1		V65/V		a	I		V65/V		V		65		V			Mm7	1	0	6, 3, 0, 2		2	6
63	63	251/2	251/2	0.5	3/8	3/8	2/4	4	1		V43/V		a	I		V43/V		V		43		V			Mm7	1	0	3, 0, 2, 6		2	3
64	64	126	126	0.5	0	0	2/4	4	1		V/V		a	I		V/V		V				V			M	1	0	2, 6, 3		2	2
64	64	253/2	253/2	0.5	1/8	1/8	2/4	4	1		V64/V		a	I		V64/V		V		64		V			M	1	0	3, 2, 6		2	3
64	64	127	127	0.5	1/4	1/4	2/4	4	1		V65/V		a	I		V65/V		V		65		V			Mm7	1	0	6, 3, 0, 2		2	6
64	64	255/2	255/2	0.5	3/8	3/8	2/4	4	1		ii%2/V		a	I		ii%2/V		ii	%	2		V			%7	1	0	1, 3, 0, -3		3	1
65	65	128	128	1.0	0	0	2/4	4	1		viio7/V		a	I		viio7/V		vii	o	7		V			o7	1	0	6, 3, 0, -3		6	6
65	65	129	129	0.5	1/4	1/4	2/4	4	1		V43/V		a	I		V43/V		V		43		V			Mm7	1	0	3, 0, 2, 6		2	3
65	65	259/2	259/2	0.5	3/8	3/8	2/4	4	1		V7/V		a	I		V7/V		V		7		V			Mm7	1	0	2, 6, 3, 0		2	2
66	66	130	130	0.5	0	0	2/4	4	1		viio/V		a	I		viio/V		vii	o			V			o	1	0	6, 3, 0		6	6
66	66	261/2	261/2	0.5	1/8	1/8	2/4	4	1		viio6/V		a	I		viio6/V		vii	o	6		V			o	1	0	3, 0, 6		6	3
66	66	131	131	0.5	1/4	1/4	2/4	4	1		V7/V		a	I		V7/V		V		7		V			Mm7	1	0	2, 6, 3, 0		2	2
66	66	263/2	263/2	0.5	3/8	3/8	2/4	4	1		viio/V		a	I		viio/V		vii	o			V			o	1	0	6, 3, 0		6	6
67	67	132	132	1.0	0	0	2/4	4	1		v		a	I		v		v							m	1	0	1, -2, 2		1	1
67	67	133	133	1.0	1/4	1/4	2/4	4	1		v64		a	I		v64		v		64					m	1	0	2, 1, -2		1	2
68	68	134	134	1.0	0	0	2/4	4	1		v6		a	I		v6		v		6					m	1	0	-2, 2, 1		1	-2
68	68	135	135	1.0	1/4	1/4	2/4	4	1		v		a	I		v		v							m	1	0	1, -2, 2		1	1
69	69	136	136	1.0	0	0	2/4	4	1		V6/bVII		a	I		V6/bVII		V		6		bVII			M	1	0	3, 0, -1		-1	3
69	69	137	137	0.5	1/4	1/4	2/4	4	1		V43/bVII		a	I		V43/bVII		V		43		bVII			Mm7	1	0	0, -3, -1, 3		-1	0
69	69	275/2	275/2	0.5	3/8	3/8	2/4	4	1		V7/bVII		a	I		V7/bVII		V		7		bVII			Mm7	1	0	-1, 3, 0, -3		-1	-1
70	70	138	138	0.5	0	0	2/4	4	1		V6/bVII		a	I		V6/bVII		V		6		bVII			M	1	0	3, 0, -1		-1	3
70	70	277/2	277/2	0.5	1/8	1/8	2/4	4	1		V64/bVII		a	I		V64/bVII		V		64		bVII			M	1	0	0, -1, 3		-1	0
70	70	139	139	1.0	1/4	1/4	2/4	4	1		V/bVII		a	I		V/bVII		V				bVII			M	1	0	-1, 3, 0		-1	-1
71	71	140	140	1.0	0	0	2/4	4	1		bVII		a	I		bVII		bVII							M	1	0	-2, 2, -1		-2	-2
71	71	141	141	1.0	1/4	1/4	2/4	4	1		bVII64		a	I		bVII64		bVII		64					M	1	0	-1, -2, 2		-2	-1
72	72	142	142	1.0	0	0	2/4	4	1		bVII6		a	I		bVII6		bVII		6					M	1	0	2, -1, -2		-2	2
72	72	143	143	1.0	1/4	1/4	2/4	4	1		bVII		a	I		bVII		bVII							M	1	0	-2, 2, -1		-2	-2
73	73	144	144	1.0	0	0	2/4	4	1		V65/ii		a	I		V65/ii		V		65		ii			Mm7	1	0	7, 4, 1, 3		3	7
73	73	145	145	0.5	1/4	1/4	2/4	4	1		V43/ii		a	I		V43/ii		V		43		ii			Mm7	1	0	4, 1, 3, 7		3	4
73	73	291/2	291/2	0.5	3/8	3/8	2/4	4	1		V7/ii		a	I		V7/ii		V		7		ii			Mm7	1	0	3, 7, 4, 1		3	3
74	74	146	146	0.5	0	0	2/4	4	1		V65/ii		a	I		V65/ii		V		65		ii			Mm7	1	0	7, 4, 1, 3		3	7
74	74	293/2	293/2	0.5	1/8	1/8	2/4	4	1		V43/ii		a	I		V43/ii		V		43		ii			Mm7	1	0	4, 1, 3, 7		3	4
74	74	147	147	1.0	1/4	1/4	2/4	4	1		V7/ii		a	I		V7/ii		V		7		ii			Mm7	1	0	3, 7, 4, 1		3	3
75	75	148	148	1.0	0	0	2/4	4	1		ii		a	I		ii		ii							m	1	0	2, -1, 3		2	2
75	75	149	149	0.5	1/4	1/4	2/4	4	1		ii6(2)		a	I		ii6(2)		ii		6	2				m	1	0	-1, 3, 4		2	-1
75	75	299/2	299/2	0.5	3/8	3/8	2/4	4	1		ii64		a	I		ii64		ii		64					m	1	0	3, 2, -1		2	3
76	76	150	150	1.0	0	0	2/4	4	1		#viio7/iii		a	I		#viio7/iii		#vii	o	7		iii			o7	1	0	9, 6, 3, 0		9	9
76	76	151	151	0.5	1/4	1/4	2/4	4	1		vi6(#62)		a	I		vi6(#62)		vi		6	#62				m	1	0	0, 4, 5	6	3	0
76	76	303/2	303/2	0.5	3/8	3/8	2/4	4	1		vi		a	I		vi		vi							m	1	0	3, 0, 4		3	3
77	77	152	152	1.0	0	0	2/4	4	1		V/vi		a	I		V/vi		V				vi			M	1	0	4, 8, 5		4	4
77	77	153	153	0.5	1/4	1/4	2/4	4	1		V64/vi		a	I		V64/vi		V		64		vi			M	1	0	5, 4, 8		4	5
77	77	307/2	307/2	0.5	3/8	3/8	2/4	4	1		vi6		a	I		vi6		vi		6					m	1	0	0, 4, 3		3	0
78	78	154	154	0.5	0	0	2/4	4	1		V64/vi		a	I		V64/vi		V		64		vi			M	1	0	5, 4, 8		4	5
78	78	309/2	309/2	0.5	1/8	1/8	2/4	4	1		V6/vi		a	I		V6/vi		V		6		vi			M	1	0	8, 5, 4		4	8
78	78	155	155	0.5	1/4	1/4	2/4	4	1		V/vi		a	I		V/vi		V				vi			M	1	0	4, 8, 5		4	4
78	78	311/2	311/2	0.5	3/8	3/8	2/4	4	1		vi		a	I		vi		vi							m	1	0	3, 0, 4		3	3
79	79	156	156	1.0	0	0	2/4	4	1		V/vi		a	I		V/vi		V				vi			M	1	0	4, 8, 5		4	4
79	79	157	157	0.5	1/4	1/4	2/4	4	1		vi6		a	I		vi6		vi		6					m	1	0	0, 4, 3		3	0
79	79	315/2	315/2	0.5	3/8	3/8	2/4	4	1		#viio64/iii		a	I		#viio64/iii		#vii	o	64		iii			o	1	0	3, 9, 6		9	3
80	80	158	158	0.5	0	0	2/4	4	1		V64/vi		a	I		V64/vi		V		64		vi			M	1	0	5, 4, 8		4	5
80	80	317/2	317/2	1.0	1/8	1/8	2/4	4	1		V/vi		a	I		V/vi		V				vi			M	1	0	4, 8, 5		4	4
80	80	319/2	319/2	0.5	3/8	3/8	2/4	4	1		vi		a	I		vi		vi							m	1	0	3, 0, 4		3	3
81	81	160	160	8.0	0	0	2/4	4	1		V/vi	I6\\	a	I		V/vi		V				vi			M	1	0	4, 8, 5		4	4
85	85	168	168	0.5	0	0	2/4	4	1		I		a	I		I		I							M	1	0	0, 4, 1		0	0
85	85	337/2	337/2	0.5	1/8	1/8	2/4	4	1		I6		a	I		I6		I		6					M	1	0	4, 1, 0		0	4
85	85	169	169	0.5	1/4	1/4	2/4	4	1		vi		a	I		vi		vi							m	1	0	3, 0, 4		3	3
85	85	339/2	339/2	0.5	3/8	3/8	2/4	4	1		V6/V		a	I		V6/V		V		6		V			M	1	0	6, 3, 2		2	6
86	86	170	170	0.5	0	0	2/4	4	1		V		a	I		V		V							M	1	0	1, 5, 2		1	1
86	86	341/2	341/2	0.5	1/8	1/8	2/4	4	1		iii		a	I		iii		iii							m	1	0	4, 1, 5		4	4
86	86	171	171	0.5	1/4	1/4	2/4	4	1		V65/ii		a	I		V65/ii		V		65		ii			Mm7	1	0	7, 4, 1, 3		3	7
86	86	343/2	343/2	0.5	3/8	3/8	2/4	4	1		ii		a	I		ii		ii							m	1	0	2, -1, 3		2	2
87	87	172	172	0.5	0	0	2/4	4	1		V65		a	I		V65		V		65					Mm7	1	0	5, 2, -1, 1		1	5
87	87	345/2	345/2	0.5	1/8	1/8	2/4	4	1		V7		a	I		V7		V		7					Mm7	1	0	1, 5, 2, -1		1	1
87	87	173	173	0.5	1/4	1/4	2/4	4	1		vi		a	I		vi		vi							m	1	0	3, 0, 4		3	3
87	87	347/2	347/2	0.5	3/8	3/8	2/4	4	1		V7		a	I		V7		V		7					Mm7	1	0	1, 5, 2, -1		1	1
88	88	174	174	0.5	0	0	2/4	4	1		I		a	I		I		I							M	1	0	0, 4, 1		0	0
88	88	349/2	349/2	0.5	1/8	1/8	2/4	4	1		IV		a	I		IV		IV							M	1	0	-1, 3, 0		-1	-1
88	88	175	175	0.5	1/4	1/4	2/4	4	1		I6		a	I		I6		I		6					M	1	0	4, 1, 0		0	4
88	88	351/2	351/2	0.5	3/8	3/8	2/4	4	1		#viio/iii		a	I		#viio/iii		#vii	o			iii			o	1	0	9, 6, 3		9	9
89	89	176	176	0.5	0	0	2/4	4	1		iii		a	I		iii		iii							m	1	0	4, 1, 5		4	4
89	89	353/2	353/2	0.5	1/8	1/8	2/4	4	1		V43/IV		a	I		V43/IV		V		43		IV			Mm7	1	0	1, -2, 0, 4		0	1
89	89	177	177	0.5	1/4	1/4	2/4	4	1		IV		a	I		IV		IV							M	1	0	-1, 3, 0		-1	-1
89	89	355/2	355/2	0.5	3/8	3/8	2/4	4	1		V+6/IV		a	I		V+6/IV		V	+	6		IV			+	1	0	4, 8, 0		0	4
90	90	178	178	1.0	0	0	2/4	4	1		IV		a	I		IV		IV							M	1	0	-1, 3, 0		-1	-1
90	90	179	179	0.5	1/4	1/4	2/4	4	1		I6		a	I		I6		I		6					M	1	0	4, 1, 0		0	4
90	90	359/2	359/2	0.5	3/8	3/8	2/4	4	1		#viio/iii		a	I		#viio/iii		#vii	o			iii			o	1	0	9, 6, 3		9	9
91	91	180	180	0.5	0	0	2/4	4	1		I6		a	I		I6		I		6					M	1	0	4, 1, 0		0	4
91	91	361/2	361/2	0.5	1/8	1/8	2/4	4	1		V43/IV		a	I		V43/IV		V		43		IV			Mm7	1	0	1, -2, 0, 4		0	1
91	91	181	181	0.5	1/4	1/4	2/4	4	1		IV		a	I		IV		IV							M	1	0	-1, 3, 0		-1	-1
91	91	363/2	363/2	0.5	3/8	3/8	2/4	4	1		V+6/IV		a	I		V+6/IV		V	+	6		IV			+	1	0	4, 8, 0		0	4
92	92	182	182	1.0	0	0	2/4	4	1		IV		a	I		IV		IV							M	1	0	-1, 3, 0		-1	-1
92	92	183	183	0.5	1/4	1/4	2/4	4	1		V7		a	I		V7		V		7					Mm7	1	0	1, 5, 2, -1		1	1
92	92	367/2	367/2	0.5	3/8	3/8	2/4	4	1		IV6		a	I		IV6		IV		6					M	1	0	3, 0, -1		-1	3
93	93	184	184	1.0	0	0	2/4	4	1		vii%7		a	I		vii%7		vii	%	7					%7	1	0	5, 2, -1, 3		5	5
93	93	185	185	0.5	1/4	1/4	2/4	4	1		V65		a	I		V65		V		65					Mm7	1	0	5, 2, -1, 1		1	5
93	93	371/2	371/2	0.5	3/8	3/8	2/4	4	1		ii43		a	I		ii43		ii		43					mm7	1	0	3, 0, 2, -1		2	3
94	94	186	186	0.5	0	0	2/4	4	1		V65/vi		a	I		V65/vi		V		65		vi			Mm7	1	0	8, 5, 2, 4		4	8
94	94	373/2	373/2	0.5	1/8	1/8	2/4	4	1		IV6		a	I		IV6		IV		6					M	1	0	3, 0, -1		-1	3
94	94	187	187	0.5	1/4	1/4	2/4	4	1		IM43		a	I		IM43		I	M	43					MM7	1	0	1, 5, 0, 4		0	1
94	94	375/2	375/2	0.5	3/8	3/8	2/4	4	1		IV		a	I		IV		IV							M	1	0	-1, 3, 0		-1	-1
95	95	188	188	0.5	0	0	2/4	4	1		I6		a	I		I6		I		6					M	1	0	4, 1, 0		0	4
95	95	377/2	377/2	0.5	1/8	1/8	2/4	4	1		vi		a	I		vi		vi							m	1	0	3, 0, 4		3	3
95	95	189	189	0.5	1/4	1/4	2/4	4	1		IV		a	I		IV		IV							M	1	0	-1, 3, 0		-1	-1
95	95	379/2	379/2	0.5	3/8	3/8	2/4	4	1		V7		a	I		V7		V		7					Mm7	1	0	1, 5, 2, -1		1	1
96	96	190	190	0.5	0	0	2/4	4	1		I\\		a	I		I		I						\\	M	1	0	0, 4, 1		0	0
96	96	381/2	381/2	0.5	1/8	1/8	2/4	4	1		V2		a	I		V2		V		2					Mm7	1	0	-1, 1, 5, 2		1	-1
96	96	191	191	0.5	1/4	1/4	2/4	4	1		I6		a	I		I6		I		6					M	1	0	4, 1, 0		0	4
96	96	383/2	383/2	0.5	3/8	3/8	2/4	4	1		V64		a	I		V64		V		64					M	1	0	2, 1, 5		1	2
97	97	192	192	0.5	0	0	2/4	4	1		I		a	I		I		I							M	1	0	0, 4, 1		0	0
97	97	385/2	385/2	0.5	1/8	1/8	2/4	4	1		V65		a	I		V65		V		65					Mm7	1	0	5, 2, -1, 1		1	5
97	97	193	193	0.5	1/4	1/4	2/4	4	1		I		a	I		I		I							M	1	0	0, 4, 1		0	0
97	97	387/2	387/2	0.5	3/8	3/8	2/4	4	1		V+		a	I		V+		V	+						+	1	0	1, 5, 9		1	1
98	98	194	194	0.5	0	0	2/4	4	1		I		a	I		I		I							M	1	0	0, 4, 1		0	0
98	98	389/2	389/2	0.5	1/8	1/8	2/4	4	1		V2		a	I		V2		V		2					Mm7	1	0	-1, 1, 5, 2		1	-1
98	98	195	195	0.5	1/4	1/4	2/4	4	1		I6		a	I		I6		I		6					M	1	0	4, 1, 0		0	4
98	98	391/2	391/2	0.5	3/8	3/8	2/4	4	1		V64		a	I		V64		V		64					M	1	0	2, 1, 5		1	2
99	99	196	196	0.5	0	0	2/4	4	1		I		a	I		I		I							M	1	0	0, 4, 1		0	0
99	99	393/2	393/2	0.5	1/8	1/8	2/4	4	1		V65		a	I		V65		V		65					Mm7	1	0	5, 2, -1, 1		1	5
99	99	197	197	0.5	1/4	1/4	2/4	4	1		I		a	I		I		I							M	1	0	0, 4, 1		0	0
99	99	395/2	395/2	0.5	3/8	3/8	2/4	4	1		V+		a	I		V+		V	+						+	1	0	1, 5, 9		1	1
100	100	198	198	0.5	0	0	2/4	4	1		I		a	I		I		I							M	1	0	0, 4, 1		0	0
100	100	397/2	397/2	0.5	1/8	1/8	2/4	4	1		V2/IV		a	I		V2/IV		V		2		IV			Mm7	1	0	-2, 0, 4, 1		0	-2
100	100	199	199	0.5	1/4	1/4	2/4	4	1		IV6		a	I		IV6		IV		6					M	1	0	3, 0, -1		-1	3
100	100	399/2	399/2	0.5	3/8	3/8	2/4	4	1		Ger6		a	I		Ger6	Ger	vii	o	65	b3	V			Ger	1	0	-4, 0, -3, 6		6	-4
101	101	200	200	0.5	0	0	2/4	4	1		V(64)		a	I		V(64)		V			64				M	1	0	1, 0, 4		1	1
101	101	401/2	401/2	0.5	1/8	1/8	2/4	4	1		V2/IV		a	I		V2/IV		V		2		IV			Mm7	1	0	-2, 0, 4, 1		0	-2
101	101	201	201	0.5	1/4	1/4	2/4	4	1		IV6		a	I		IV6		IV		6					M	1	0	3, 0, -1		-1	3
101	101	403/2	403/2	0.5	3/8	3/8	2/4	4	1		Ger6		a	I		Ger6	Ger	vii	o	65	b3	V			Ger	1	0	-4, 0, -3, 6		6	-4
102	102	202	202	0.5	0	0	2/4	4	1		V(64)		a	I		V(64)		V			64				M	1	0	1, 0, 4		1	1
102	102	405/2	405/2	0.5	1/8	1/8	2/4	4	1		Ger6		a	I		Ger6	Ger	vii	o	65	b3	V			Ger	1	0	-4, 0, -3, 6		6	-4
102	102	203	203	0.5	1/4	1/4	2/4	4	1		V(64)		a	I		V(64)		V			64				M	1	0	1, 0, 4		1	1
102	102	407/2	407/2	0.5	3/8	3/8	2/4	4	1		Ger6		a	I		Ger6	Ger	vii	o	65	b3	V			Ger	1	0	-4, 0, -3, 6		6	-4
103	103	204	204	0.5	0	0	2/4	4	1		V(64)		a	I		V(64)		V			64				M	1	0	1, 0, 4		1	1
103	103	409/2	409/2	0.5	1/8	1/8	2/4	4	1		vi		a	I		vi		vi							m	1	0	3, 0, 4		3	3
103	103	205	205	0.5	1/4	1/4	2/4	4	1		ii65		a	I		ii65		ii		65					mm7	1	0	-1, 3, 0, 2		2	-1
103	103	411/2	411/2	0.5	3/8	3/8	2/4	4	1		V7		a	I		V7		V		7					Mm7	1	0	1, 5, 2, -1		1	1
104	104	206	206	0.5	0	0	2/4	4	1		I\\		a	I		I		I						\\	M	1	0	0, 4, 1		0	0
104	104	413/2	413/2	2.0	1/8	1/8	2/4	4	1		V		a	I		V		V							M	1	0	1, 5, 2		1	1
105	105	417/2	417/2	0.5	1/8	1/8	2/4	4	1		I6		a	I		I6		I		6					M	1	0	4, 1, 0		0	4
105	105	209	209	0.5	1/4	1/4	2/4	4	1		I		a	I		I		I							M	1	0	0, 4, 1		0	0
105	105	419/2	419/2	0.5	3/8	3/8	2/4	4	1		V64		a	I		V64		V		64					M	1	0	2, 1, 5		1	2
106	106	210	210	0.5	0	0	2/4	4	1		V6		a	I		V6		V		6					M	1	0	5, 2, 1		1	5
106	106	421/2	421/2	0.5	1/8	1/8	2/4	4	1		V		a	I		V		V							M	1	0	1, 5, 2		1	1
106	106	211	211	0.5	1/4	1/4	2/4	4	1		ii64(+4)		a	I		ii64(+4)		ii		64	+4				m	1	0	3, 2, -1	1	2	3
106	106	423/2	423/2	0.5	3/8	3/8	2/4	4	1		ii6(+4)		a	I		ii6(+4)		ii		6	+4				m	1	0	-1, 3, 2	1	2	-1
107	107	212	212	0.5	0	0	2/4	4	1		ii(+4)		a	I		ii(+4)		ii			+4				m	1	0	2, -1, 3	1	2	2
107	107	425/2	425/2	0.5	1/8	1/8	2/4	4	1		I6		a	I		I6		I		6					M	1	0	4, 1, 0		0	4
107	107	213	213	0.5	1/4	1/4	2/4	4	1		ii6(+4)		a	I		ii6(+4)		ii		6	+4				m	1	0	-1, 3, 2	1	2	-1
107	107	427/2	427/2	0.5	3/8	3/8	2/4	4	1		V7		a	I		V7		V		7					Mm7	1	0	1, 5, 2, -1		1	1
108	108		214		0	0	2/4	4	1	1	I\\		a	I		I		I						\\	M	1	0	0, 4, 1		0	0
109	108	214	216	2.0	0	0	2/4	4	1	2	I\\		a	I		I		I						\\	M	1	0	0, 4, 1		0	0
110	109	216	218	1.0	0	0	2/4	4	1		i.V		a	i		V		V							M	1	1	1, 5, 2		1	1
110	109	217	219	0.5	1/4	1/4	2/4	4	1		i		a	i		i		i							m	1	1	0, -3, 1		0	0
110	109	435/2	439/2	0.5	3/8	3/8	2/4	4	1		i6		a	i		i6		i		6					m	1	1	-3, 1, 0		0	-3
111	110	218	220	0.5	0	0	2/4	4	1		V		a	i		V		V							M	1	1	1, 5, 2		1	1
111	110	437/2	441/2	0.5	1/8	1/8	2/4	4	1		i		a	i		i		i							m	1	1	0, -3, 1		0	0
111	110	219	221	2.0	1/4	1/4	2/4	4	1		V		a	i		V		V							M	1	1	1, 5, 2		1	1
112	111	221	223	0.5	1/4	1/4	2/4	4	1		i		a	i		i		i							m	1	1	0, -3, 1		0	0
112	111	443/2	447/2	0.5	3/8	3/8	2/4	4	1		i6		a	i		i6		i		6					m	1	1	-3, 1, 0		0	-3
113	112	222	224	0.5	0	0	2/4	4	1		V		a	i		V		V							M	1	1	1, 5, 2		1	1
113	112	445/2	449/2	0.5	1/8	1/8	2/4	4	1		i		a	i		i		i							m	1	1	0, -3, 1		0	0
113	112	223	225	2.0	1/4	1/4	2/4	4	1		V		a	i		V		V							M	1	1	1, 5, 2		1	1
114	113	225	227	0.5	1/4	1/4	2/4	4	1		i		a	i		i		i							m	1	1	0, -3, 1		0	0
114	113	451/2	455/2	0.5	3/8	3/8	2/4	4	1		i6		a	i		i6		i		6					m	1	1	-3, 1, 0		0	-3
115	114	226	228	0.5	0	0	2/4	4	1		V		a	i		V		V							M	1	1	1, 5, 2		1	1
115	114	453/2	457/2	0.5	1/8	1/8	2/4	4	1		i		a	i		i		i							m	1	1	0, -3, 1		0	0
115	114	227	229	0.5	1/4	1/4	2/4	4	1		i6		a	i		i6		i		6					m	1	1	-3, 1, 0		0	-3
115	114	455/2	459/2	0.5	3/8	3/8	2/4	4	1		V		a	i		V		V							M	1	1	1, 5, 2		1	1
116	115	228	230	0.5	0	0	2/4	4	1		i		a	i		i		i							m	1	1	0, -3, 1		0	0
116	115	457/2	461/2	0.5	1/8	1/8	2/4	4	1		i6		a	i		i6		i		6					m	1	1	-3, 1, 0		0	-3
116	115	229	231	0.5	1/4	1/4	2/4	4	1		V		a	i		V		V							M	1	1	1, 5, 2		1	1
116	115	459/2	463/2	1.5	3/8	3/8	2/4	4	1		i		a	i		i		i							m	1	1	0, -3, 1		0	0
117	116	231	233	1.0	1/4	1/4	2/4	4	1		iv		a	i		iv		iv							m	1	1	-1, -4, 0		-1	-1
118	117	232	234	1.0	0	0	2/4	4	1		V7/III		a	i		V7/III		V		7		III			Mm7	1	1	-2, 2, -1, -4		-2	-2
118	117	233	235	1.0	1/4	1/4	2/4	4	1		III		a	i		III		III							M	1	1	-3, 1, -2		-3	-3
119	118	234	236	1.0	0	0	2/4	4	1		VI		a	i		VI		VI							M	1	1	-4, 0, -3		-4	-4
119	118	235	237	1.0	1/4	1/4	2/4	4	1		ii%7		a	i		ii%7		ii	%	7					%7	1	1	2, -1, -4, 0		2	2
120	119	236	238	0.5	0	0	2/4	4	1		i6		a	i		i6		i		6					m	1	1	-3, 1, 0		0	-3
120	119	473/2	477/2	0.5	1/8	1/8	2/4	4	1		ii%65		a	i		ii%65		ii	%	65					%7	1	1	-1, -4, 0, 2		2	-1
120	119	237	239	1.0	1/4	1/4	2/4	4	1		V\\		a	i		V		V						\\	M	1	1	1, 5, 2		1	1
121	120	238	240	1.0	0	0	2/4	4	1		i		a	i		i		i							m	1	1	0, -3, 1		0	0
121	120	239	241	1.0	1/4	1/4	2/4	4	1		iv		a	i		iv		iv							m	1	1	-1, -4, 0		-1	-1
122	121	240	242	1.0	0	0	2/4	4	1		V7/III		a	i		V7/III		V		7		III			Mm7	1	1	-2, 2, -1, -4		-2	-2
122	121	241	243	1.0	1/4	1/4	2/4	4	1		III		a	i		III		III							M	1	1	-3, 1, -2		-3	-3
123	122	242	244	1.0	0	0	2/4	4	1		VI		a	i		VI		VI							M	1	1	-4, 0, -3		-4	-4
123	122	243	245	1.0	1/4	1/4	2/4	4	1		ii%65		a	i		ii%65		ii	%	65					%7	1	1	-1, -4, 0, 2		2	-1
124	123	244	246	0.5	0	0	2/4	4	1		V(64)		a	i		V(64)		V			64				M	1	1	1, 0, -3		1	1
124	123	489/2	493/2	0.5	1/8	1/8	2/4	4	1		V7		a	i		V7		V		7					Mm7	1	1	1, 5, 2, -1		1	1
124	123	245	247	1.0	1/4	1/4	2/4	4	1		i\\		a	i		i		i						\\	m	1	1	0, -3, 1		0	0
125	124	246	248	1.0	0	0	2/4	4	1		v.i		a	v		i		i							m	1	1	0, -3, 1		0	0
125	124	247	249	1.0	1/4	1/4	2/4	4	1		ii%65		a	v		ii%65		ii	%	65					%7	1	1	-1, -4, 0, 2		2	-1
126	125	248	250	1.0	0	0	2/4	4	1		i6		a	v		i6		i		6					m	1	1	-3, 1, 0		0	-3
126	125	249	251	1.0	1/4	1/4	2/4	4	1		ii%43		a	v		ii%43		ii	%	43					%7	1	1	-4, 0, 2, -1		2	-4
127	126	250	252	1.0	0	0	2/4	4	1		V(64)		a	v		V(64)		V			64				M	1	1	1, 0, -3		1	1
127	126	251	253	1.0	1/4	1/4	2/4	4	1		ii%65		a	v		ii%65		ii	%	65					%7	1	1	-1, -4, 0, 2		2	-1
128	127	252	254	1.0	0	0	2/4	4	1		V7		a	v		V7		V		7					Mm7	1	1	1, 5, 2, -1		1	1
128	127	253	255	2.0	1/4	1/4	2/4	4	1		i\\		a	v		i		i						\\	m	1	1	0, -3, 1		0	0
129	128	255	257	0.5	1/4	1/4	2/4	4	1		ii%65		a	v		ii%65		ii	%	65					%7	1	1	-1, -4, 0, 2		2	-1
129	128	511/2	515/2	0.5	3/8	3/8	2/4	4	1		#viio64(+2)		a	v		#viio64(+2)		#vii	o	64	+2				o	1	1	-1, 5, 2	0	5	-1
130	129	256	258	1.0	0	0	2/4	4	1		i6		a	v		i6		i		6					m	1	1	-3, 1, 0		0	-3
130	129	257	259	0.5	1/4	1/4	2/4	4	1		Fr6(2)		a	v		Fr6(2)	Fr	V		43	b52	V			Fr	1	1	-4, 0, 4, 6		2	-4
130	129	515/2	519/2	0.5	3/8	3/8	2/4	4	1		Fr6		a	v		Fr6	Fr	V		43	b5	V			Fr	1	1	-4, 0, 2, 6		2	-4
131	130	258	260	1.0	0	0	2/4	4	1		V(64)		a	v		V(64)		V			64				M	1	1	1, 0, -3		1	1
131	130	259	261	1.0	1/4	1/4	2/4	4	1		iv		a	v		iv		iv							m	1	1	-1, -4, 0		-1	-1
132	131	260	262	1.0	0	0	2/4	4	1		V(64)		a	v		V(64)		V			64				M	1	1	1, 0, -3		1	1
132	131	261	263	1.0	1/4	1/4	2/4	4	1		#viio7		a	v		#viio7		#vii	o	7					o7	1	1	5, 2, -1, -4		5	5
133	132	262	264	1.0	0	0	2/4	4	1		V(64)		a	v		V(64)		V			64				M	1	1	1, 0, -3		1	1
133	132	263	265	1.0	1/4	1/4	2/4	4	1		#viio2		a	v		#viio2		#vii	o	2					o7	1	1	-4, 5, 2, -1		5	-4
134	133	264	266	1.0	0	0	2/4	4	1		V(64)		a	v		V(64)		V			64				M	1	1	1, 0, -3		1	1
134	133	265	267	1.0	1/4	1/4	2/4	4	1		#viio2		a	v		#viio2		#vii	o	2					o7	1	1	-4, 5, 2, -1		5	-4
135	134	266	268	0.5	0	0	2/4	4	1		i.V65		a	i		V65		V		65					Mm7	1	1	5, 2, -1, 1		1	5
135	134	533/2	537/2	0.5	1/8	1/8	2/4	4	1		V7/iv		a	i		V7/iv		V		7		iv			Mm7	1	1	0, 4, 1, -2		0	0
135	134	267	269	1.0	1/4	1/4	2/4	4	1		iv		a	i		iv		iv							m	1	1	-1, -4, 0		-1	-1
136	135	268	270	0.5	0	0	2/4	4	1		V7(9)/III		a	i		V7(9)/III		V		7	9	III			Mm7	1	1	-2, 2, -1, -4	0	-2	-2
136	135	537/2	541/2	0.5	1/8	1/8	2/4	4	1		V7/III		a	i		V7/III		V		7		III			Mm7	1	1	-2, 2, -1, -4		-2	-2
136	135	269	271	1.0	1/4	1/4	2/4	4	1		III		a	i		III		III							M	1	1	-3, 1, -2		-3	-3
137	136	270	272	1.0	0	0	2/4	4	1		VI(97)		a	i		VI(97)		VI			97				M	1	1	-4, 0, -3	-2, 1	-4	-4
137	136	271	273	1.0	1/4	1/4	2/4	4	1		iio		a	i		iio		ii	o						o	1	1	2, -1, -4		2	2
138	137	272	274	0.5	0	0	2/4	4	1		i6		a	i		i6		i		6					m	1	1	-3, 1, 0		0	-3
138	137	545/2	549/2	0.5	1/8	1/8	2/4	4	1		V2		a	i		V2		V		2					Mm7	1	1	-1, 1, 5, 2		1	-1
138	137	273	275	0.5	1/4	1/4	2/4	4	1		V		a	i		V		V							M	1	1	1, 5, 2		1	1
138	137	547/2	551/2	0.5	3/8	3/8	2/4	4	1		V2		a	i		V2		V		2					Mm7	1	1	-1, 1, 5, 2		1	-1
139	138	274	276	1.0	0	0	2/4	4	1		V65/iv		a	i		V65/iv		V		65		iv			Mm7	1	1	4, 1, -2, 0		0	4
139	138	275	277	1.0	1/4	1/4	2/4	4	1		iv		a	i		iv		iv							m	1	1	-1, -4, 0		-1	-1
140	139	276	278	1.0	0	0	2/4	4	1		V7/III		a	i		V7/III		V		7		III			Mm7	1	1	-2, 2, -1, -4		-2	-2
140	139	277	279	1.0	1/4	1/4	2/4	4	1		V65		a	i		V65		V		65					Mm7	1	1	5, 2, -1, 1		1	5
141	140	278	280	1.0	0	0	2/4	4	1		i		a	i		i		i							m	1	1	0, -3, 1		0	0
141	140	279	281	1.0	1/4	1/4	2/4	4	1		ii%65		a	i		ii%65		ii	%	65					%7	1	1	-1, -4, 0, 2		2	-1
142	141	280	282	0.5	0	0	2/4	4	1		V(64)		a	i		V(64)		V			64				M	1	1	1, 0, -3		1	1
142	141	561/2	565/2	1.5	1/8	1/8	2/4	4	1		V\\		a	i		V		V						\\	M	1	1	1, 5, 2		1	1
143	142	282	284	1.0	0	0	2/4	4	1		V/iv		a	i		V/iv		V				iv			M	1	1	0, 4, 1		0	0
143	142	283	285	1.0	1/4	1/4	2/4	4	1		V2/iv		a	i		V2/iv		V		2		iv			Mm7	1	1	-2, 0, 4, 1		0	-2
144	143	284	286	1.0	0	0	2/4	4	1		ii%43		a	i		ii%43		ii	%	43					%7	1	1	-4, 0, 2, -1		2	-4
144	143	285	287	1.0	1/4	1/4	2/4	4	1		V64/iv		a	i		V64/iv		V		64		iv			M	1	1	1, 0, 4		0	1
145	144	286	288	4.0	0	0	2/4	4	1		iv		a	i		iv		iv							m	1	1	-1, -4, 0		-1	-1
147	146	290	292	1.0	0	0	2/4	4	1		V/iv		a	i		V/iv		V				iv			M	1	1	0, 4, 1		0	0
147	146	291	293	1.0	1/4	1/4	2/4	4	1		V2/iv		a	i		V2/iv		V		2		iv			Mm7	1	1	-2, 0, 4, 1		0	-2
148	147	292	294	1.0	0	0	2/4	4	1		ii%43		a	i		ii%43		ii	%	43					%7	1	1	-4, 0, 2, -1		2	-4
148	147	293	295	1.0	1/4	1/4	2/4	4	1		V64/iv		a	i		V64/iv		V		64		iv			M	1	1	1, 0, 4		0	1
149	148	294	296	4.0	0	0	2/4	4	1		iv		a	i		iv		iv							m	1	1	-1, -4, 0		-1	-1
151	150	298	300	1.0	0	0	2/4	4	1		V		a	i		V		V							M	1	1	1, 5, 2		1	1
151	150	299	301	1.0	1/4	1/4	2/4	4	1		iv		a	i		iv		iv							m	1	1	-1, -4, 0		-1	-1
152	151	300	302	1.0	0	0	2/4	4	1		i6		a	i		i6		i		6					m	1	1	-3, 1, 0		0	-3
152	151	301	303	2.0	1/4	1/4	2/4	4	1		V		a	i		V		V							M	1	1	1, 5, 2		1	1
153	152	303	305	1.0	1/4	1/4	2/4	4	1		iv		a	i		iv		iv							m	1	1	-1, -4, 0		-1	-1
154	153	304	306	1.0	0	0	2/4	4	1		i6		a	i		i6		i		6					m	1	1	-3, 1, 0		0	-3
154	153	305	307	1.0	1/4	1/4	2/4	4	1		V		a	i		V		V							M	1	1	1, 5, 2		1	1
155	154	306	308	1.0	0	0	2/4	4	1		i6		a	i		i6		i		6					m	1	1	-3, 1, 0		0	-3
155	154	307	309	1.0	1/4	1/4	2/4	4	1		V		a	i		V		V							M	1	1	1, 5, 2		1	1
156	155	308	310	1.0	0	0	2/4	4	1		i6		a	i		i6		i		6					m	1	1	-3, 1, 0		0	-3
156	155	309	311	1.0	1/4	1/4	2/4	4	1		V		a	i		V		V							M	1	1	1, 5, 2		1	1
157	156	310	312	0.5	0	0	2/4	4	1		i		a	i		i		i							m	1	1	0, -3, 1		0	0
157	156	621/2	625/2	0.5	1/8	1/8	2/4	4	1		i64		a	i		i64		i		64					m	1	1	1, 0, -3		0	1
157	156	311	313	1.0	1/4	1/4	2/4	4	1		V		a	i		V		V							M	1	1	1, 5, 2		1	1
158	157	312	314	1.0	0	0	2/4	4	1		i		a	i		i		i							m	1	1	0, -3, 1		0	0
158	157	313	315	1.0	1/4	1/4	2/4	4	1		V		a	i		V		V							M	1	1	1, 5, 2		1	1
159	158	314	316	0.5	0	0	2/4	4	1		i		a	i		i		i							m	1	1	0, -3, 1		0	0
159	158	629/2	633/2	0.5	1/8	1/8	2/4	4	1		i6		a	i		i6		i		6					m	1	1	-3, 1, 0		0	-3
159	158	315	317	1.0	1/4	1/4	2/4	4	1		V		a	i		V		V							M	1	1	1, 5, 2		1	1
160	159	316	318	0.5	0	0	2/4	4	1		i		a	i		i		i							m	1	1	0, -3, 1		0	0
160	159	633/2	637/2	0.5	1/8	1/8	2/4	4	1		i64		a	i		i64		i		64					m	1	1	1, 0, -3		0	1
160	159	317	319	1.0	1/4	1/4	2/4	4	1		V		a	i		V		V							M	1	1	1, 5, 2		1	1
161	160	318	320	1.0	0	0	2/4	4	1		i		a	i		i		i							m	1	1	0, -3, 1		0	0
161	160	319	321	1.0	1/4	1/4	2/4	4	1		V		a	i		V		V							M	1	1	1, 5, 2		1	1
162	161	320	322	1.0	0	0	2/4	4	1		i		a	i		i		i							m	1	1	0, -3, 1		0	0
162	161	321	323	1.0	1/4	1/4	2/4	4	1		V		a	i		V		V							M	1	1	1, 5, 2		1	1
163	162	322	324	1.0	0	0	2/4	4	1		i		a	i		i		i							m	1	1	0, -3, 1		0	0
163	162	323	325	1.0	1/4	1/4	2/4	4	1		V7		a	i		V7		V		7					Mm7	1	1	1, 5, 2, -1		1	1
164	163	324	326	2.0	0	0	2/4	4	1		i\\		a	i		i		i						\\	m	1	1	0, -3, 1		0	0
