mc	mn	mc_onset	mn_onset	timesig	staff	voice	label	alt_label	globalkey	localkey	pedal	chord	special	numeral	form	figbass	changes	relativeroot	phraseend	chord_type	globalkey_is_minor	localkey_is_minor	chord_tones	added_tones	root	bass_note
1	1	0	0	4/4	1	1	.D.I		D	I		I		I						M	0	0	0, 4, 1		0	0
4	4	0	0	4/4	1	1	ii%43/iii		D	I		ii%43/iii		ii	%	43		iii		%7	0	0	0, 4, 6, 3		6	0
5	5	0	0	4/4	1	1	V7/iii		D	I		V7/iii		V		7		iii		Mm7	0	0	5, 9, 6, 3		5	5
5	5	3/4	3/4	4/4	1	1	iii64		D	I		iii64		iii		64				m	0	0	5, 4, 1		4	5
6	6	0	0	4/4	1	1	iii		D	I		iii		iii						m	0	0	4, 1, 5		4	4
8	8	0	0	4/4	1	1	I6		D	I		I6		I		6				M	0	0	4, 1, 0		0	4
9	9	0	0	4/4	1	1	ii65		D	I		ii65		ii		65				mm7	0	0	-1, 3, 0, 2		2	-1
10	10	0	0	4/4	1	1	IV		D	I		IV		IV						M	0	0	-1, 3, 0		-1	-1
11	11	0	0	4/4	1	1	V65/V		D	I		V65/V		V		65		V		Mm7	0	0	6, 3, 0, 2		2	6
12	12	0	0	4/4	1	1	V7		D	I		V7		V		7				Mm7	0	0	1, 5, 2, -1		1	1
13	13	0	0	4/4	1	1	I\\		D	I		I		I					\\	M	0	0	0, 4, 1		0	0
13	13	1/2	1/2	4/4	1	1	viio		D	I		viio		vii	o					o	0	0	5, 2, -1		5	5
13	13	3/4	3/4	4/4	1	1	I		D	I		I		I						M	0	0	0, 4, 1		0	0
14	14	0	0	4/4	1	1	viio		D	I		viio		vii	o					o	0	0	5, 2, -1		5	5
14	14	1/4	1/4	4/4	1	1	I		D	I		I		I						M	0	0	0, 4, 1		0	0
14	14	1/2	1/2	4/4	1	1	ii		D	I		ii		ii						m	0	0	2, -1, 3		2	2
14	14	3/4	3/4	4/4	1	1	I6		D	I		I6		I		6				M	0	0	4, 1, 0		0	4
15	15	0	0	4/4	1	1	V43(9)		D	I		V43(9)		V		43	9			Mm7	0	0	2, -1, 1, 5	3	1	2
15	15	1/4	1/4	4/4	1	1	ii65		D	I		ii65		ii		65				mm7	0	0	-1, 3, 0, 2		2	-1
15	15	1/2	1/2	4/4	1	1	V65		D	I		V65		V		65				Mm7	0	0	5, 2, -1, 1		1	5
15	15	3/4	3/4	4/4	1	1	IV6(+2)		D	I		IV6(+2)		IV		6	+2			M	0	0	3, 0, -1	1	-1	3
16	16	0	0	4/4	1	1	iii6		D	I		iii6		iii		6				m	0	0	1, 5, 4		4	1
16	16	1/4	1/4	4/4	1	1	#viio65/vi		D	I		#viio65/vi		#vii	o	65		vi		o7	0	0	5, 2, -1, 8		8	5
16	16	1/2	1/2	4/4	1	1	V(964)		D	I		V(964)		V			964			M	0	0	1, 0, 4	3	1	1
16	16	3/4	3/4	4/4	1	1	V7		D	I		V7		V		7				Mm7	0	0	1, 5, 2, -1		1	1
17	17	0	0	4/4	1	1	I\\		D	I		I		I					\\	M	0	0	0, 4, 1		0	0
17	17	1/2	1/2	4/4	1	1	V6		D	I		V6		V		6				M	0	0	5, 2, 1		1	5
17	17	3/4	3/4	4/4	1	1	I		D	I		I		I						M	0	0	0, 4, 1		0	0
18	18	0	0	4/4	1	1	viio6		D	I		viio6		vii	o	6				o	0	0	2, -1, 5		5	2
18	18	1/4	1/4	4/4	1	1	I6		D	I		I6		I		6				M	0	0	4, 1, 0		0	4
18	18	1/2	1/2	4/4	1	1	ii6		D	I		ii6		ii		6				m	0	0	-1, 3, 2		2	-1
18	18	3/4	3/4	4/4	1	1	I64		D	I		I64		I		64				M	0	0	1, 0, 4		0	1
18	18	7/8	7/8	4/4	1	1	vi6		D	I		vi6		vi		6				m	0	0	0, 4, 3		3	0
19	19	0	0	4/4	1	1	V65		D	I		V65		V		65				Mm7	0	0	5, 2, -1, 1		1	5
19	19	1/4	1/4	4/4	1	1	IV6(+2)		D	I		IV6(+2)		IV		6	+2			M	0	0	3, 0, -1	1	-1	3
19	19	1/2	1/2	4/4	1	1	iii65		D	I		iii65		iii		65				mm7	0	0	1, 5, 2, 4		4	1
19	19	3/4	3/4	4/4	1	1	ii65		D	I		ii65		ii		65				mm7	0	0	-1, 3, 0, 2		2	-1
20	20	0	0	4/4	1	1	I6		D	I		I6		I		6				M	0	0	4, 1, 0		0	4
20	20	1/4	1/4	4/4	1	1	#viio43/vi		D	I		#viio43/vi		#vii	o	43		vi		o7	0	0	2, -1, 8, 5		8	2
20	20	1/2	1/2	4/4	1	1	vi6		D	I		vi6		vi		6				m	0	0	0, 4, 3		3	0
20	20	3/4	3/4	4/4	1	1	viio		D	I		viio		vii	o					o	0	0	5, 2, -1		5	5
21	21	0	0	4/4	1	1	I\\		D	I		I		I					\\	M	0	0	0, 4, 1		0	0
21	21	1/4	1/4	4/4	1	1	I6		D	I		I6		I		6				M	0	0	4, 1, 0		0	4
21	21	1/2	1/2	4/4	1	1	IV6		D	I		IV6		IV		6				M	0	0	3, 0, -1		-1	3
22	22	0	0	4/4	1	1	I64		D	I		I64		I		64				M	0	0	1, 0, 4		0	1
22	22	1/4	1/4	4/4	1	1	I		D	I		I		I						M	0	0	0, 4, 1		0	0
22	22	1/2	1/2	4/4	1	1	IV6		D	I		IV6		IV		6				M	0	0	3, 0, -1		-1	3
23	23	0	0	4/4	1	1	I64		D	I		I64		I		64				M	0	0	1, 0, 4		0	1
23	23	1/4	1/4	4/4	1	1	I		D	I		I		I						M	0	0	0, 4, 1		0	0
23	23	1/2	1/2	4/4	1	1	IV6		D	I		IV6		IV		6				M	0	0	3, 0, -1		-1	3
24	24	0	0	4/4	1	1	I64(+6)		D	I		I64(+6)		I		64	+6			M	0	0	1, 0, 4	3	0	1
24	24	1/2	1/2	4/4	1	1	.Ger6/vi		D	I		Ger6/vi	Ger	vii	o	65	b3	V/vi		Ger	0	0	-1, 3, 0, 9		9	-1
25	25	0	0	4/4	1	1	V/vi\\		D	I		V/vi		V				vi	\\	M	0	0	4, 8, 5		4	4
25	25	1/2	1/2	4/4	1	1	vi		D	I		vi		vi						m	0	0	3, 0, 4		3	3
26	26	0	0	4/4	1	1	V/vi		D	I		V/vi		V				vi		M	0	0	4, 8, 5		4	4
26	26	1/2	1/2	4/4	1	1	vi		D	I		vi		vi						m	0	0	3, 0, 4		3	3
27	27	0	0	4/4	1	1	V/vi		D	I		V/vi		V				vi		M	0	0	4, 8, 5		4	4
27	27	1/4	1/4	4/4	1	1	V6/vi		D	I		V6/vi		V		6		vi		M	0	0	8, 5, 4		4	8
27	27	1/2	1/2	4/4	1	1	vi		D	I		vi		vi						m	0	0	3, 0, 4		3	3
28	28	0	0	4/4	1	1	V/vi		D	I		V/vi		V				vi		M	0	0	4, 8, 5		4	4
28	28	1/2	1/2	4/4	1	1	vi		D	I		vi		vi						m	0	0	3, 0, 4		3	3
29	29	0	0	4/4	1	1	V/vi		D	I		V/vi		V				vi		M	0	0	4, 8, 5		4	4
29	29	1/2	1/2	4/4	1	1	V7/III		D	I		V7/III		V		7		III		Mm7	0	0	5, 9, 6, 3		5	5
30	30	0	0	4/4	1	1	V(64)/III		D	I		V(64)/III		V			64	III		M	0	0	5, 4, 8		5	5
30	30	1/2	1/2	4/4	1	1	V7/III		D	I		V7/III		V		7		III		Mm7	0	0	5, 9, 6, 3		5	5
31	31	0	0	4/4	1	1	III\\		D	I		III		III					\\	M	0	0	4, 8, 5		4	4
31	31	1/2	1/2	4/4	1	1	viio/III		D	I		viio/III		vii	o			III		o	0	0	9, 6, 3		9	9
31	31	3/4	3/4	4/4	1	1	III		D	I		III		III						M	0	0	4, 8, 5		4	4
32	32	5/8	5/8	4/4	1	1	#viio/vi		D	I		#viio/vi		#vii	o			vi		o	0	0	8, 5, 2		8	8
33	33	0	0	4/4	1	1	iio/vi		D	I		iio/vi		ii	o			vi		o	0	0	5, 2, -1		5	5
34	34	0	0	4/4	1	1	#viio7/vi		D	I		#viio7/vi		#vii	o	7		vi		o7	0	0	8, 5, 2, -1		8	8
36	36	0	0	4/4	1	1	V		D	I		V		V						M	0	0	1, 5, 2		1	1
36	36	1/4	1/4	4/4	1	1	V43		D	I		V43		V		43				Mm7	0	0	2, -1, 1, 5		1	2
36	36	1/2	1/2	4/4	1	1	V		D	I		V		V						M	0	0	1, 5, 2		1	1
36	36	3/4	3/4	4/4	1	1	V43		D	I		V43		V		43				Mm7	0	0	2, -1, 1, 5		1	2
37	37	0	0	4/4	1	1	I\\		D	I		I		I					\\	M	0	0	0, 4, 1		0	0
39	39	3/4	3/4	4/4	1	1	I64		D	I		I64		I		64				M	0	0	1, 0, 4		0	1
40	40	0	0	4/4	1	1	ii%43/iii		D	I		ii%43/iii		ii	%	43		iii		%7	0	0	0, 4, 6, 3		6	0
41	41	0	0	4/4	1	1	V7/iii		D	I		V7/iii		V		7		iii		Mm7	0	0	5, 9, 6, 3		5	5
41	41	3/4	3/4	4/4	1	1	iii64		D	I		iii64		iii		64				m	0	0	5, 4, 1		4	5
42	42	0	0	4/4	1	1	iii		D	I		iii		iii						m	0	0	4, 1, 5		4	4
43	43	0	0	4/4	1	1	V7/iii		D	I		V7/iii		V		7		iii		Mm7	0	0	5, 9, 6, 3		5	5
44	44	0	0	4/4	1	1	iii		D	I		iii		iii						m	0	0	4, 1, 5		4	4
44	44	3/4	3/4	4/4	1	1	iii6		D	I		iii6		iii		6				m	0	0	1, 5, 4		4	1
45	45	0	0	4/4	1	1	V65/iii		D	I		V65/iii		V		65		iii		Mm7	0	0	9, 6, 3, 5		5	9
45	45	1/2	1/2	4/4	1	1	V43/iii		D	I		V43/iii		V		43		iii		Mm7	0	0	6, 3, 5, 9		5	6
46	46	0	0	4/4	1	1	iii		D	I		iii		iii						m	0	0	4, 1, 5		4	4
46	46	3/4	3/4	4/4	1	1	iii6		D	I		iii6		iii		6				m	0	0	1, 5, 4		4	1
47	47	0	0	4/4	1	1	iio/iii		D	I		iio/iii		ii	o			iii		o	0	0	6, 3, 0		6	6
47	47	1/2	1/2	4/4	1	1	#viio7/iii		D	I		#viio7/iii		#vii	o	7		iii		o7	0	0	9, 6, 3, 0		9	9
47	47	3/4	3/4	4/4	1	1	V.V6		D	V		V6		V		6				M	0	0	5, 2, 1		1	5
48	48	0	0	4/4	1	1	vi7		D	V		vi7		vi		7				mm7	0	0	3, 0, 4, 1		3	3
48	48	1/8	1/8	4/4	1	1	viio		D	V		viio		vii	o					o	0	0	5, 2, -1		5	5
48	48	1/4	1/4	4/4	1	1	I		D	V		I		I						M	0	0	0, 4, 1		0	0
48	48	1/2	1/2	4/4	1	1	I6		D	V		I6		I		6				M	0	0	4, 1, 0		0	4
49	49	0	0	4/4	1	1	ii6		D	V		ii6		ii		6				m	0	0	-1, 3, 2		2	-1
49	49	1/4	1/4	4/4	1	1	ii		D	V		ii		ii						m	0	0	2, -1, 3		2	2
49	49	1/2	1/2	4/4	1	1	vii%7		D	V		vii%7		vii	%	7				%7	0	0	5, 2, -1, 3		5	5
49	49	3/4	3/4	4/4	1	1	V2		D	V		V2		V		2				Mm7	0	0	-1, 1, 5, 2		1	-1
50	50	0	0	4/4	1	1	I6		D	V		I6		I		6				M	0	0	4, 1, 0		0	4
50	50	3/8	3/8	4/4	1	1	V7		D	V		V7		V		7				Mm7	0	0	1, 5, 2, -1		1	1
50	50	1/2	1/2	4/4	1	1	vi		D	V		vi		vi						m	0	0	3, 0, 4		3	3
50	50	5/8	5/8	4/4	1	1	viio		D	V		viio		vii	o					o	0	0	5, 2, -1		5	5
50	50	3/4	3/4	4/4	1	1	vi6		D	V		vi6		vi		6				m	0	0	0, 4, 3		3	0
50	50	7/8	7/8	4/4	1	1	#vii%7/ii		D	V		#vii%7/ii		#vii	%	7		ii		%7	0	0	7, 4, 1, 5		7	7
51	51	0	0	4/4	1	1	ii		D	V		ii		ii						m	0	0	2, -1, 3		2	2
51	51	1/8	1/8	4/4	1	1	I6		D	V		I6		I		6				M	0	0	4, 1, 0		0	4
51	51	1/4	1/4	4/4	1	1	ii6		D	V		ii6		ii		6				m	0	0	-1, 3, 2		2	-1
51	51	3/8	3/8	4/4	1	1	viio2/V		D	V		viio2/V		vii	o	2		V		o7	0	0	-3, 6, 3, 0		6	-3
51	51	1/2	1/2	4/4	1	1	V64		D	V		V64		V		64				M	0	0	2, 1, 5		1	2
51	51	5/8	5/8	4/4	1	1	vi6		D	V		vi6		vi		6				m	0	0	0, 4, 3		3	0
51	51	3/4	3/4	4/4	1	1	V6		D	V		V6		V		6				M	0	0	5, 2, 1		1	5
51	51	7/8	7/8	4/4	1	1	V7/V		D	V		V7/V		V		7		V		Mm7	0	0	2, 6, 3, 0		2	2
52	52	0	0	4/4	1	1	V2\\		D	V		V2		V		2			\\	Mm7	0	0	-1, 1, 5, 2		1	-1
52	52	1/4	1/4	4/4	1	1	V65		D	V		V65		V		65				Mm7	0	0	5, 2, -1, 1		1	5
52	52	1/2	1/2	4/4	1	1	I		D	V		I		I						M	0	0	0, 4, 1		0	0
52	52	3/4	3/4	4/4	1	1	V6		D	V		V6		V		6				M	0	0	5, 2, 1		1	5
53	53	0	0	4/4	1	1	ii7/V		D	V		ii7/V		ii		7		V		mm7	0	0	3, 0, 4, 1		3	3
53	53	1/2	1/2	4/4	1	1	V7/V		D	V		V7/V		V		7		V		Mm7	0	0	2, 6, 3, 0		2	2
54	54	0	0	4/4	1	1	V\\		D	V		V		V					\\	M	0	0	1, 5, 2		1	1
54	54	1/4	1/4	4/4	1	1	V65		D	V		V65		V		65				Mm7	0	0	5, 2, -1, 1		1	5
54	54	1/2	1/2	4/4	1	1	I		D	V		I		I						M	0	0	0, 4, 1		0	0
54	54	3/4	3/4	4/4	1	1	V6		D	V		V6		V		6				M	0	0	5, 2, 1		1	5
55	55	0	0	4/4	1	1	ii7/V		D	V		ii7/V		ii		7		V		mm7	0	0	3, 0, 4, 1		3	3
55	55	1/2	1/2	4/4	1	1	V7/V		D	V		V7/V		V		7		V		Mm7	0	0	2, 6, 3, 0		2	2
56	56	0	0	4/4	1	1	V\\		D	V		V		V					\\	M	0	0	1, 5, 2		1	1
57	57	0	0	4/4	1	1	vi65		D	V		vi65		vi		65				mm7	0	0	0, 4, 1, 3		3	0
57	57	1/2	1/2	4/4	1	1	viio43/V		D	V		viio43/V		vii	o	43		V		o7	0	0	0, -3, 6, 3		6	0
58	58	0	0	4/4	1	1	viio6		D	V		viio6		vii	o	6				o	0	0	2, -1, 5		5	2
58	58	3/4	3/4	4/4	1	1	V7		D	V		V7		V		7				Mm7	0	0	1, 5, 2, -1		1	1
59	59	0	0	4/4	1	1	I		D	V		I		I						M	0	0	0, 4, 1		0	0
59	59	1/4	1/4	4/4	1	1	I64		D	V		I64		I		64				M	0	0	1, 0, 4		0	1
59	59	1/2	1/2	4/4	1	1	I6		D	V		I6		I		6				M	0	0	4, 1, 0		0	4
59	59	3/4	3/4	4/4	1	1	I		D	V		I		I						M	0	0	0, 4, 1		0	0
60	60	0	0	4/4	1	1	IV6		D	V		IV6		IV		6				M	0	0	3, 0, -1		-1	3
60	60	1/2	1/2	4/4	1	1	viio2		D	V		viio2		vii	o	2				o7	0	0	-4, 5, 2, -1		5	-4
60	60	3/4	3/4	4/4	1	1	iv6		D	V		iv6		iv		6				m	0	0	-4, 0, -1		-1	-4
61	61	0	0	4/4	1	1	V7		D	V		V7		V		7				Mm7	0	0	1, 5, 2, -1		1	1
61	61	1/2	1/2	4/4	1	1	I		D	V		I		I						M	0	0	0, 4, 1		0	0
61	61	3/4	3/4	4/4	1	1	I6		D	V		I6		I		6				M	0	0	4, 1, 0		0	4
62	62	0	0	4/4	1	1	vi	IV6	D	V		vi		vi						m	0	0	3, 0, 4		3	3
62	62	1/2	1/2	4/4	1	1	viio2		D	V		viio2		vii	o	2				o7	0	0	-4, 5, 2, -1		5	-4
62	62	3/4	3/4	4/4	1	1	iv6		D	V		iv6		iv		6				m	0	0	-4, 0, -1		-1	-4
63	63	0	0	4/4	1	1	V7		D	V		V7		V		7				Mm7	0	0	1, 5, 2, -1		1	1
63	63	1/2	1/2	4/4	1	1	I		D	V		I		I						M	0	0	0, 4, 1		0	0
63	63	3/4	3/4	4/4	1	1	I6		D	V		I6		I		6				M	0	0	4, 1, 0		0	4
64	64	0	0	4/4	1	1	viio6(2)/V		D	V		viio6(2)/V		vii	o	6	2	V		o	0	0	3, 0, 1		6	3
64	64	1/4	1/4	4/4	1	1	viio6/V		D	V		viio6/V		vii	o	6		V		o	0	0	3, 0, 6		6	3
64	64	1/2	1/2	4/4	1	1	V6		D	V		V6		V		6				M	0	0	5, 2, 1		1	5
64	64	3/4	3/4	4/4	1	1	viio		D	V		viio		vii	o					o	0	0	5, 2, -1		5	5
65	65	0	0	4/4	1	1	#viio7/vi		D	V		#viio7/vi		#vii	o	7		vi		o7	0	0	8, 5, 2, -1		8	8
65	65	1/4	1/4	4/4	1	1	V65/vi		D	V		V65/vi		V		65		vi		Mm7	0	0	8, 5, 2, 4		4	8
65	65	1/2	1/2	4/4	1	1	vi(6)		D	V		vi(6)		vi			6			m	0	0	3, 0, -1		3	3
65	65	3/4	3/4	4/4	1	1	vi		D	V		vi		vi						m	0	0	3, 0, 4		3	3
66	66	0	0	4/4	1	1	V6(9)/V		D	V		V6(9)/V		V		6	9	V		M	0	0	6, 3, 2	4	2	6
66	66	1/4	1/4	4/4	1	1	V6/V		D	V		V6/V		V		6		V		M	0	0	6, 3, 2		2	6
66	66	3/8	3/8	4/4	1	1	V2(4)		D	V		V2(4)		V		2	4			Mm7	0	0	-1, 1, 0, 2		1	-1
66	66	3/4	3/4	4/4	1	1	V2		D	V		V2		V		2				Mm7	0	0	-1, 1, 5, 2		1	-1
67	67	0	0	4/4	1	1	I6\\		D	V		I6		I		6			\\	M	0	0	4, 1, 0		0	4
68	68	0	0	4/4	1	1	ii7/V		D	V		ii7/V		ii		7		V		mm7	0	0	3, 0, 4, 1		3	3
68	68	1/4	1/4	4/4	1	1	V43/V		D	V		V43/V		V		43		V		Mm7	0	0	3, 0, 2, 6		2	3
68	68	1/2	1/2	4/4	1	1	V7/V		D	V		V7/V		V		7		V		Mm7	0	0	2, 6, 3, 0		2	2
69	69	0	0	4/4	1	1	V		D	V		V		V						M	0	0	1, 5, 2		1	1
69	69	1/4	1/4	4/4	1	1	V2		D	V		V2		V		2				Mm7	0	0	-1, 1, 5, 2		1	-1
69	69	1/2	1/2	4/4	1	1	I6		D	V		I6		I		6				M	0	0	4, 1, 0		0	4
69	69	3/4	3/4	4/4	1	1	ii65		D	V		ii65		ii		65				mm7	0	0	-1, 3, 0, 2		2	-1
70	70	0	0	4/4	1	1	V(64)		D	V		V(64)		V			64			M	0	0	1, 0, 4		1	1
70	70	1/2	1/2	4/4	1	1	V7(6)		D	V		V7(6)		V		7	6			Mm7	0	0	1, 5, 4, -1		1	1
70	70	7/8	7/8	4/4	1	1	V7		D	V		V7		V		7				Mm7	0	0	1, 5, 2, -1		1	1
71	71	0	0	4/4	1	1	I\\		D	V		I		I					\\	M	0	0	0, 4, 1		0	0
71	71	1/4	1/4	4/4	1	1	I6		D	V		I6		I		6				M	0	0	4, 1, 0		0	4
71	71	3/4	3/4	4/4	1	1	V/vi		D	V		V/vi		V				vi		M	0	0	4, 8, 5		4	4
72	72	0	0	4/4	1	1	vi		D	V		vi		vi						m	0	0	3, 0, 4		3	3
72	72	3/4	3/4	4/4	1	1	vi64		D	V		vi64		vi		64				m	0	0	4, 3, 0		3	4
73	73	0	0	4/4	1	1	V65(6)/vi		D	V		V65(6)/vi		V		65	6	vi		Mm7	0	0	8, 0, 2, 4		4	8
73	73	1/2	1/2	4/4	1	1	V65/vi		D	V		V65/vi		V		65		vi		Mm7	0	0	8, 5, 2, 4		4	8
73	73	3/4	3/4	4/4	1	1	V7/vi		D	V		V7/vi		V		7		vi		Mm7	0	0	4, 8, 5, 2		4	4
74	74	0	0	4/4	1	1	vi		D	V		vi		vi						m	0	0	3, 0, 4		3	3
74	74	3/4	3/4	4/4	1	1	vi64		D	V		vi64		vi		64				m	0	0	4, 3, 0		3	4
75	75	0	0	4/4	1	1	V65(6)/vi		D	V		V65(6)/vi		V		65	6	vi		Mm7	0	0	8, 0, 2, 4		4	8
75	75	1/2	1/2	4/4	1	1	V65/vi		D	V		V65/vi		V		65		vi		Mm7	0	0	8, 5, 2, 4		4	8
75	75	3/4	3/4	4/4	1	1	V7/vi		D	V		V7/vi		V		7		vi		Mm7	0	0	4, 8, 5, 2		4	4
76	76	0	0	4/4	1	1	vi		D	V		vi		vi						m	0	0	3, 0, 4		3	3
77	77	0	0	4/4	1	1	ii6(112)		D	V		ii6(112)		ii		6	112			m	0	0	-1, 3, 4	1	2	-1
77	77	1/2	1/2	4/4	1	1	ii6		D	V		ii6		ii		6				m	0	0	-1, 3, 2		2	-1
77	77	3/4	3/4	4/4	1	1	IVM7		D	V		IVM7		IV	M	7				MM7	0	0	-1, 3, 0, 4		-1	-1
78	78	0	0	4/4	1	1	V(64)		D	V		V(64)		V			64			M	0	0	1, 0, 4		1	1
78	78	1/2	1/2	4/4	1	1	V7		D	V		V7		V		7				Mm7	0	0	1, 5, 2, -1		1	1
79	79	0	0	4/4	1	1	I\\		D	V		I		I					\\	M	0	0	0, 4, 1		0	0
79	79	3/4	3/4	4/4	1	1	V/vi		D	V		V/vi		V				vi		M	0	0	4, 8, 5		4	4
80	80	0	0	4/4	1	1	vi		D	V		vi		vi						m	0	0	3, 0, 4		3	3
80	80	3/4	3/4	4/4	1	1	vi64		D	V		vi64		vi		64				m	0	0	4, 3, 0		3	4
81	81	0	0	4/4	1	1	V65(6)/vi		D	V		V65(6)/vi		V		65	6	vi		Mm7	0	0	8, 0, 2, 4		4	8
81	81	1/2	1/2	4/4	1	1	V65/vi		D	V		V65/vi		V		65		vi		Mm7	0	0	8, 5, 2, 4		4	8
81	81	3/4	3/4	4/4	1	1	V7/vi		D	V		V7/vi		V		7		vi		Mm7	0	0	4, 8, 5, 2		4	4
82	82	0	0	4/4	1	1	vi		D	V		vi		vi						m	0	0	3, 0, 4		3	3
82	82	3/4	3/4	4/4	1	1	vi64		D	V		vi64		vi		64				m	0	0	4, 3, 0		3	4
83	83	0	0	4/4	1	1	V65(6)/vi		D	V		V65(6)/vi		V		65	6	vi		Mm7	0	0	8, 0, 2, 4		4	8
83	83	1/2	1/2	4/4	1	1	V65/vi		D	V		V65/vi		V		65		vi		Mm7	0	0	8, 5, 2, 4		4	8
83	83	3/4	3/4	4/4	1	1	V7/vi		D	V		V7/vi		V		7		vi		Mm7	0	0	4, 8, 5, 2		4	4
84	84	0	0	4/4	1	1	vi		D	V		vi		vi						m	0	0	3, 0, 4		3	3
85	85	0	0	4/4	1	1	IV(94)		D	V		IV(94)		IV			94			M	0	0	-1, 5, 0	1	-1	-1
85	85	1/2	1/2	4/4	1	1	IV		D	V		IV		IV						M	0	0	-1, 3, 0		-1	-1
85	85	3/4	3/4	4/4	1	1	ii6		D	V		ii6		ii		6				m	0	0	-1, 3, 2		2	-1
86	86	1/2	1/2	4/4	1	1	V7		D	V		V7		V		7				Mm7	0	0	1, 5, 2, -1		1	1
87	87	0	0	4/4	1	1	vi		D	V		vi		vi						m	0	0	3, 0, 4		3	3
87	87	1/2	1/2	4/4	1	1	vii%7		D	V		vii%7		vii	%	7				%7	0	0	5, 2, -1, 3		5	5
88	88	0	0	4/4	1	1	I		D	V		I		I						M	0	0	0, 4, 1		0	0
88	88	1/2	1/2	4/4	1	1	ii7		D	V		ii7		ii		7				mm7	0	0	2, -1, 3, 0		2	2
89	89	0	0	4/4	1	1	I6\\		D	V		I6		I		6			\\	M	0	0	4, 1, 0		0	4
90	90	0	0	4/4	1	1	viio7/V		D	V		viio7/V		vii	o	7		V		o7	0	0	6, 3, 0, -3		6	6
92	92	0	0	4/4	1	1	viio65/V		D	V		viio65/V		vii	o	65		V		o7	0	0	3, 0, -3, 6		6	3
94	94	0	0	4/4	1	1	.bIII64		D	V		bIII64		bIII		64				M	0	0	-2, -3, 1		-3	-2
96	96	0	0	4/4	1	1	V65		D	V		V65		V		65				Mm7	0	0	5, 2, -1, 1		1	5
97	97	0	0	4/4	1	1	V2		D	V		V2		V		2				Mm7	0	0	-1, 1, 5, 2		1	-1
97	97	3/4	3/4	4/4	1	1	V65		D	V		V65		V		65				Mm7	0	0	5, 2, -1, 1		1	5
98	98	0	0	4/4	1	1	I\\		D	V		I		I					\\	M	0	0	0, 4, 1		0	0
98	98	1/2	1/2	4/4	1	1	V43		D	V		V43		V		43				Mm7	0	0	2, -1, 1, 5		1	2
99	99	0	0	4/4	1	1	I6		D	V		I6		I		6				M	0	0	4, 1, 0		0	4
99	99	1/2	1/2	4/4	1	1	V65/V		D	V		V65/V		V		65		V		Mm7	0	0	6, 3, 0, 2		2	6
100	100	0	0	4/4	1	1	V(64)		D	V		V(64)		V			64			M	0	0	1, 0, 4		1	1
100	100	1/2	1/2	4/4	1	1	V2		D	V		V2		V		2				Mm7	0	0	-1, 1, 5, 2		1	-1
101	101	0	0	4/4	1	1	I6		D	V		I6		I		6				M	0	0	4, 1, 0		0	4
101	101	1/2	1/2	4/4	1	1	V65		D	V		V65		V		65				Mm7	0	0	5, 2, -1, 1		1	5
102	102	0	0	4/4	1	1	I		D	V		I		I						M	0	0	0, 4, 1		0	0
102	102	1/2	1/2	4/4	1	1	viio6		D	V		viio6		vii	o	6				o	0	0	2, -1, 5		5	2
103	103	0	0	4/4	1	1	I6		D	V		I6		I		6				M	0	0	4, 1, 0		0	4
103	103	1/2	1/2	4/4	1	1	V43/V		D	V		V43/V		V		43		V		Mm7	0	0	3, 0, 2, 6		2	3
104	104	0	0	4/4	1	1	V(64)		D	V		V(64)		V			64			M	0	0	1, 0, 4		1	1
104	104	1/2	1/2	4/4	1	1	V7		D	V		V7		V		7				Mm7	0	0	1, 5, 2, -1		1	1
105	105	0	0	4/4	1	1	I6		D	V		I6		I		6				M	0	0	4, 1, 0		0	4
105	105	1/2	1/2	4/4	1	1	I		D	V		I		I						M	0	0	0, 4, 1		0	0
106	106	0	0	4/4	1	1	V7		D	V		V7		V		7				Mm7	0	0	1, 5, 2, -1		1	1
106	106	3/4	3/4	4/4	1	1	I		D	V		I		I						M	0	0	0, 4, 1		0	0
107	107	0	0	4/4	1	1	I6		D	V		I6		I		6				M	0	0	4, 1, 0		0	4
107	107	1/2	1/2	4/4	1	1	I		D	V		I		I						M	0	0	0, 4, 1		0	0
108	108	0	0	4/4	1	1	V7		D	V		V7		V		7				Mm7	0	0	1, 5, 2, -1		1	1
109	109	1/2	1/2	4/4	1	1	V65		D	V		V65		V		65				Mm7	0	0	5, 2, -1, 1		1	5
110	110	0	0	4/4	1	1	V7		D	V		V7		V		7				Mm7	0	0	1, 5, 2, -1		1	1
110	110	1/2	1/2	4/4	1	1	V65		D	V		V65		V		65				Mm7	0	0	5, 2, -1, 1		1	5
111	111	0	0	4/4	1	1	V7		D	V		V7		V		7				Mm7	0	0	1, 5, 2, -1		1	1
111	111	1/2	1/2	4/4	1	1	V65		D	V		V65		V		65				Mm7	0	0	5, 2, -1, 1		1	5
112	112	0	0	4/4	1	1	V		D	V		V		V						M	0	0	1, 5, 2		1	1
112	112	1/4	1/4	4/4	1	1	V64		D	V		V64		V		64				M	0	0	2, 1, 5		1	2
112	112	1/2	1/2	4/4	1	1	V		D	V		V		V						M	0	0	1, 5, 2		1	1
113	113	0	0	4/4	1	1	I64		D	V		I64		I		64				M	0	0	1, 0, 4		0	1
113	113	1/8	1/8	4/4	1	1	viio64		D	V		viio64		vii	o	64				o	0	0	-1, 5, 2		5	-1
113	113	1/4	1/4	4/4	1	1	I6		D	V		I6		I		6				M	0	0	4, 1, 0		0	4
113	113	3/8	3/8	4/4	1	1	viio6		D	V		viio6		vii	o	6				o	0	0	2, -1, 5		5	2
113	113	1/2	1/2	4/4	1	1	I		D	V		I		I						M	0	0	0, 4, 1		0	0
113	113	5/8	5/8	4/4	1	1	viio6		D	V		viio6		vii	o	6				o	0	0	2, -1, 5		5	2
113	113	3/4	3/4	4/4	1	1	I6		D	V		I6		I		6				M	0	0	4, 1, 0		0	4
113	113	7/8	7/8	4/4	1	1	viio64		D	V		viio64		vii	o	64				o	0	0	-1, 5, 2		5	-1
114	114	0	0	4/4	1	1	I64		D	V		I64		I		64				M	0	0	1, 0, 4		0	1
114	114	1/8	1/8	4/4	1	1	V6		D	V		V6		V		6				M	0	0	5, 2, 1		1	5
114	114	1/4	1/4	4/4	1	1	I		D	V		I		I						M	0	0	0, 4, 1		0	0
114	114	3/8	3/8	4/4	1	1	viio6		D	V		viio6		vii	o	6				o	0	0	2, -1, 5		5	2
114	114	1/2	1/2	4/4	1	1	I6		D	V		I6		I		6				M	0	0	4, 1, 0		0	4
114	114	5/8	5/8	4/4	1	1	I.vi7		D	I		vi7		vi		7				mm7	0	0	3, 0, 4, 1		3	3
114	114	3/4	3/4	4/4	1	1	viio		D	I		viio		vii	o					o	0	0	5, 2, -1		5	5
114	114	7/8	7/8	4/4	1	1	I		D	I		I		I						M	0	0	0, 4, 1		0	0
115	115	0	0	4/4	1	1	ii		D	I		ii		ii						m	0	0	2, -1, 3		2	2
115	115	1/8	1/8	4/4	1	1	#viio64/ii		D	I		#viio64/ii		#vii	o	64		ii		o	0	0	1, 7, 4		7	1
115	115	1/4	1/4	4/4	1	1	ii6		D	I		ii6		ii		6				m	0	0	-1, 3, 2		2	-1
115	115	3/8	3/8	4/4	1	1	#viio6/ii		D	I		#viio6/ii		#vii	o	6		ii		o	0	0	4, 1, 7		7	4
115	115	1/2	1/2	4/4	1	1	ii		D	I		ii		ii						m	0	0	2, -1, 3		2	2
115	115	5/8	5/8	4/4	1	1	V6/ii		D	I		V6/ii		V		6		ii		M	0	0	7, 4, 3		3	7
115	115	3/4	3/4	4/4	1	1	viio6		D	I		viio6		vii	o	6				o	0	0	2, -1, 5		5	2
115	115	7/8	7/8	4/4	1	1	I6		D	I		I6		I		6				M	0	0	4, 1, 0		0	4
116	116	0	0	4/4	1	1	ii6		D	I		ii6		ii		6				m	0	0	-1, 3, 2		2	-1
116	116	1/8	1/8	4/4	1	1	viio6/V		D	I		viio6/V		vii	o	6		V		o	0	0	3, 0, 6		6	3
116	116	1/4	1/4	4/4	1	1	V6		D	I		V6		V		6				M	0	0	5, 2, 1		1	5
116	116	3/8	3/8	4/4	1	1	viio64/V		D	I		viio64/V		vii	o	64		V		o	0	0	0, 6, 3		6	0
116	116	1/2	1/2	4/4	1	1	V64		D	I		V64		V		64				M	0	0	2, 1, 5		1	2
116	116	5/8	5/8	4/4	1	1	V6/V		D	I		V6/V		V		6		V		M	0	0	6, 3, 2		2	6
116	116	3/4	3/4	4/4	1	1	iii6		D	I		iii6		iii		6				m	0	0	1, 5, 4		4	1
116	116	7/8	7/8	4/4	1	1	IV6		D	I		IV6		IV		6				M	0	0	3, 0, -1		-1	3
117	117	0	0	4/4	1	1	viio7		D	I		viio7		vii	o	7				o7	0	0	5, 2, -1, -4		5	5
117	117	1/2	1/2	4/4	1	1	iio64		D	I		iio64		ii	o	64				o	0	0	-4, 2, -1		2	-4
118	118	0	0	4/4	1	1	V43		D	I		V43		V		43				Mm7	0	0	2, -1, 1, 5		1	2
118	118	1/2	1/2	4/4	1	1	V7		D	I		V7		V		7				Mm7	0	0	1, 5, 2, -1		1	1
120	120	0	0	4/4	1	1	I\\		D	I		I		I					\\	M	0	0	0, 4, 1		0	0
121	121	0	0	4/4	1	1	#viio7/ii		D	I		#viio7/ii		#vii	o	7		ii		o7	0	0	7, 4, 1, -2		7	7
124	124	0	0	4/4	1	1	v64		D	I		v64		v		64				m	0	0	2, 1, -2		1	2
125	125	0	0	4/4	1	1	viio7/IV		D	I		viio7/IV		vii	o	7		IV		o7	0	0	4, 1, -2, -5		4	4
127	127	0	0	4/4	1	1	V65/IV		D	I		V65/IV		V		65		IV		Mm7	0	0	4, 1, -2, 0		0	4
128	128	0	0	4/4	1	1	IV64/IV		D	I		IV64/IV		IV		64		IV		M	0	0	-1, -2, 2		-2	-1
129	129	0	0	4/4	1	1	V65/IV		D	I		V65/IV		V		65		IV		Mm7	0	0	4, 1, -2, 0		0	4
130	130	0	0	4/4	1	1	IV64/IV		D	I		IV64/IV		IV		64		IV		M	0	0	-1, -2, 2		-2	-1
131	131	0	0	4/4	1	1	V65/IV\\		D	I		V65/IV		V		65		IV	\\	Mm7	0	0	4, 1, -2, 0		0	4
131	131	1/2	1/2	4/4	1	1	viio		D	I		viio		vii	o					o	0	0	5, 2, -1		5	5
131	131	3/4	3/4	4/4	1	1	I		D	I		I		I						M	0	0	0, 4, 1		0	0
132	132	0	0	4/4	1	1	viio		D	I		viio		vii	o					o	0	0	5, 2, -1		5	5
132	132	1/4	1/4	4/4	1	1	I		D	I		I		I						M	0	0	0, 4, 1		0	0
132	132	1/2	1/2	4/4	1	1	ii		D	I		ii		ii						m	0	0	2, -1, 3		2	2
132	132	3/4	3/4	4/4	1	1	viio/IV		D	I		viio/IV		vii	o			IV		o	0	0	4, 1, -2		4	4
133	133	0	0	4/4	1	1	IV/IV		D	I		IV/IV		IV				IV		M	0	0	-2, 2, -1		-2	-2
133	133	1/4	1/4	4/4	1	1	viio/IV		D	I		viio/IV		vii	o			IV		o	0	0	4, 1, -2		4	4
134	134	0	0	4/4	1	1	IV6		D	I		IV6		IV		6				M	0	0	3, 0, -1		-1	3
134	134	1/4	1/4	4/4	1	1	viio6		D	I		viio6		vii	o	6				o	0	0	2, -1, 5		5	2
134	134	1/2	1/2	4/4	1	1	V/IV		D	I		V/IV		V				IV		M	0	0	0, 4, 1		0	0
135	135	0	0	4/4	1	1	IV\\		D	I		IV		IV					\\	M	0	0	-1, 3, 0		-1	-1
135	135	1/2	1/2	4/4	1	1	V6/IV		D	I		V6/IV		V		6		IV		M	0	0	4, 1, 0		0	4
135	135	3/4	3/4	4/4	1	1	IV		D	I		IV		IV						M	0	0	-1, 3, 0		-1	-1
136	136	0	0	4/4	1	1	V43/IV		D	I		V43/IV		V		43		IV		Mm7	0	0	1, -2, 0, 4		0	1
136	136	1/4	1/4	4/4	1	1	IV6		D	I		IV6		IV		6				M	0	0	3, 0, -1		-1	3
136	136	1/2	1/2	4/4	1	1	viio/IV		D	I		viio/IV		vii	o			IV		o	0	0	4, 1, -2		4	4
136	136	3/4	3/4	4/4	1	1	IV		D	I		IV		IV						M	0	0	-1, 3, 0		-1	-1
137	137	0	0	4/4	1	1	iv/ii		D	I		iv/ii		iv				ii		m	0	0	1, -2, 2		1	1
137	137	1/2	1/2	4/4	1	1	iio6/ii		D	I		iio6/ii		ii	o	6		ii		o	0	0	1, -2, 4		4	1
138	138	0	0	4/4	1	1	ii%65/ii		D	I		ii%65/ii		ii	%	65		ii		%7	0	0	1, -2, 2, 4		4	1
138	138	1/4	1/4	4/4	1	1	V65/vi		D	I		V65/vi		V		65		vi		Mm7	0	0	8, 5, 2, 4		4	8
138	138	1/2	1/2	4/4	1	1	V/ii		D	I		V/ii		V				ii		M	0	0	3, 7, 4		3	3
138	138	3/4	3/4	4/4	1	1	V64/ii		D	I		V64/ii		V		64		ii		M	0	0	4, 3, 7		3	4
139	139	0	0	4/4	1	1	ii6		D	I		ii6		ii		6				m	0	0	-1, 3, 2		2	-1
139	139	1/4	1/4	4/4	1	1	ii		D	I		ii		ii						m	0	0	2, -1, 3		2	2
139	139	1/2	1/2	4/4	1	1	V/ii		D	I		V/ii		V				ii		M	0	0	3, 7, 4		3	3
139	139	3/4	3/4	4/4	1	1	V(64)/ii		D	I		V(64)/ii		V			64	ii		M	0	0	3, 2, -1		3	3
140	140	0	0	4/4	1	1	V7/ii		D	I		V7/ii		V		7		ii		Mm7	0	0	3, 7, 4, 1		3	3
140	140	1/4	1/4	4/4	1	1	ii		D	I		ii		ii						m	0	0	2, -1, 3		2	2
140	140	1/2	1/2	4/4	1	1	viio/IV		D	I		viio/IV		vii	o			IV		o	0	0	4, 1, -2		4	4
140	140	3/4	3/4	4/4	1	1	IV		D	I		IV		IV						M	0	0	-1, 3, 0		-1	-1
141	141	0	0	4/4	1	1	V7/vi		D	I		V7/vi		V		7		vi		Mm7	0	0	4, 8, 5, 2		4	4
142	142	3/4	3/4	4/4	1	1	V65/vi		D	I		V65/vi		V		65		vi		Mm7	0	0	8, 5, 2, 4		4	8
143	143	0	0	4/4	1	1	vi		D	I		vi		vi						m	0	0	3, 0, 4		3	3
143	143	1/4	1/4	4/4	1	1	vi6		D	I		vi6		vi		6				m	0	0	0, 4, 3		3	0
143	143	1/2	1/2	4/4	1	1	#viio2/vi		D	I		#viio2/vi		#vii	o	2		vi		o7	0	0	-1, 8, 5, 2		8	-1
143	143	3/4	3/4	4/4	1	1	iv6/vi		D	I		iv6/vi		iv		6		vi		m	0	0	-1, 3, 2		2	-1
144	144	0	0	4/4	1	1	vi64		D	I		vi64		vi		64				m	0	0	4, 3, 0		3	4
144	144	1/4	1/4	4/4	1	1	vi		D	I		vi		vi						m	0	0	3, 0, 4		3	3
144	144	1/2	1/2	4/4	1	1	#viio2/vi		D	I		#viio2/vi		#vii	o	2		vi		o7	0	0	-1, 8, 5, 2		8	-1
144	144	3/4	3/4	4/4	1	1	iv6/vi		D	I		iv6/vi		iv		6		vi		m	0	0	-1, 3, 2		2	-1
145	145	0	0	4/4	1	1	vi64		D	I		vi64		vi		64				m	0	0	4, 3, 0		3	4
145	145	1/2	1/2	4/4	1	1	#viio43/vi		D	I		#viio43/vi		#vii	o	43		vi		o7	0	0	2, -1, 8, 5		8	2
145	145	3/4	3/4	4/4	1	1	iv/vi		D	I		iv/vi		iv				vi		m	0	0	2, -1, 3		2	2
146	146	0	0	4/4	1	1	VI6		D	I		VI6		VI		6				M	0	0	7, 4, 3		3	7
146	146	1/2	1/2	4/4	1	1	vi6		D	I		vi6		vi		6				m	0	0	0, 4, 3		3	0
147	147	0	0	4/4	1	1	V7/iii		D	I		V7/iii		V		7		iii		Mm7	0	0	5, 9, 6, 3		5	5
147	147	1/2	1/2	4/4	1	1	iv/iii		D	I		iv/iii		iv				iii		m	0	0	3, 0, 4		3	3
147	147	3/4	3/4	4/4	1	1	V/iii		D	I		V/iii		V				iii		M	0	0	5, 9, 6		5	5
148	148	0	0	4/4	1	1	iii6(#7#2)		D	I		iii6(#7#2)		iii		6	#7#2			m	0	0	5, 9, 6		4	5
148	148	1/4	1/4	4/4	1	1	iii64		D	I		iii64		iii		64				m	0	0	5, 4, 1		4	5
148	148	1/2	1/2	4/4	1	1	V6(6)/iii		D	I		V6(6)/iii		V		6	6	iii		M	0	0	9, 1, 5		5	9
148	148	3/4	3/4	4/4	1	1	V7/iii		D	I		V7/iii		V		7		iii		Mm7	0	0	5, 9, 6, 3		5	5
149	149	0	0	4/4	1	1	iii\\		D	I		iii		iii					\\	m	0	0	4, 1, 5		4	4
149	149	1/4	1/4	4/4	1	1	I6		D	I		I6		I		6				M	0	0	4, 1, 0		0	4
149	149	1/2	1/2	4/4	1	1	vii%2		D	I		vii%2		vii	%	2				%7	0	0	3, 5, 2, -1		5	3
149	149	3/4	3/4	4/4	1	1	IV6		D	I		IV6		IV		6				M	0	0	3, 0, -1		-1	3
150	150	0	0	4/4	1	1	I64		D	I		I64		I		64				M	0	0	1, 0, 4		0	1
150	150	1/4	1/4	4/4	1	1	I6		D	I		I6		I		6				M	0	0	4, 1, 0		0	4
150	150	1/2	1/2	4/4	1	1	vii%2		D	I		vii%2		vii	%	2				%7	0	0	3, 5, 2, -1		5	3
150	150	3/4	3/4	4/4	1	1	IV6		D	I		IV6		IV		6				M	0	0	3, 0, -1		-1	3
151	151	0	0	4/4	1	1	I64		D	I		I64		I		64				M	0	0	1, 0, 4		0	1
151	151	1/4	1/4	4/4	1	1	I6		D	I		I6		I		6				M	0	0	4, 1, 0		0	4
151	151	1/2	1/2	4/4	1	1	vii%43		D	I		vii%43		vii	%	43				%7	0	0	-1, 3, 5, 2		5	-1
151	151	3/4	3/4	4/4	1	1	IV		D	I		IV		IV						M	0	0	-1, 3, 0		-1	-1
152	152	0	0	4/4	1	1	V43/ii		D	I		V43/ii		V		43		ii		Mm7	0	0	4, 1, 3, 7		3	4
152	152	1/2	1/2	4/4	1	1	ii		D	I		ii		ii						m	0	0	2, -1, 3		2	2
153	153	0	0	4/4	1	1	#viio7/ii		D	I		#viio7/ii		#vii	o	7		ii		o7	0	0	7, 4, 1, -2		7	7
153	153	1/4	1/4	4/4	1	1	V/ii		D	I		V/ii		V				ii		M	0	0	3, 7, 4		3	3
153	153	1/2	1/2	4/4	1	1	iv/ii		D	I		iv/ii		iv				ii		m	0	0	1, -2, 2		1	1
153	153	3/4	3/4	4/4	1	1	V/ii		D	I		V/ii		V				ii		M	0	0	3, 7, 4		3	3
154	154	0	0	4/4	1	1	ii6(2)		D	I		ii6(2)		ii		6	2			m	0	0	-1, 3, 4		2	-1
154	154	1/4	1/4	4/4	1	1	ii64		D	I		ii64		ii		64				m	0	0	3, 2, -1		2	3
154	154	1/2	1/2	4/4	1	1	V6(6)/ii		D	I		V6(6)/ii		V		6	6	ii		M	0	0	7, -1, 3		3	7
154	154	3/4	3/4	4/4	1	1	V7/ii		D	I		V7/ii		V		7		ii		Mm7	0	0	3, 7, 4, 1		3	3
155	155	0	0	4/4	1	1	ii\\		D	I		ii		ii					\\	m	0	0	2, -1, 3		2	2
155	155	1/4	1/4	4/4	1	1	ii6		D	I		ii6		ii		6				m	0	0	-1, 3, 2		2	-1
155	155	1/2	1/2	4/4	1	1	vii%43/IV		D	I		vii%43/IV		vii	%	43		IV		%7	0	0	-2, 2, 4, 1		4	-2
155	155	3/4	3/4	4/4	1	1	.bVII		D	I		bVII		bVII						M	0	0	-2, 2, -1		-2	-2
156	156	0	0	4/4	1	1	V/bVII		D	I		V/bVII		V				bVII		M	0	0	-1, 3, 0		-1	-1
156	156	1/2	1/2	4/4	1	1	vii%43/IV		D	I		vii%43/IV		vii	%	43		IV		%7	0	0	-2, 2, 4, 1		4	-2
156	156	3/4	3/4	4/4	1	1	.bVII		D	I		bVII		bVII						M	0	0	-2, 2, -1		-2	-2
157	157	0	0	4/4	1	1	IV[V7/bVII		D	I	IV	V7/bVII		V		7		bVII		Mm7	0	0	-1, 3, 0, -3		-1	-1
157	157	1/2	1/2	4/4	1	1	vii%2/IV		D	I	IV	vii%2/IV		vii	%	2		IV		%7	0	0	2, 4, 1, -2		4	2
157	157	3/4	3/4	4/4	1	1	.bVII6		D	I	IV	bVII6		bVII		6				M	0	0	2, -1, -2		-2	2
158	158	0	0	4/4	1	1	V/bVII		D	I	IV	V/bVII		V				bVII		M	0	0	-1, 3, 0		-1	-1
158	158	1/2	1/2	4/4	1	1	vii%43/IV		D	I	IV	vii%43/IV		vii	%	43		IV		%7	0	0	-2, 2, 4, 1		4	-2
158	158	3/4	3/4	4/4	1	1	.bVII		D	I	IV	bVII		bVII						M	0	0	-2, 2, -1		-2	-2
159	159	0	0	4/4	1	1	IV]		D	I	IV	IV		IV						M	0	0	-1, 3, 0		-1	-1
159	159	1/2	1/2	4/4	1	1	viio65(116)		D	I		viio65(116)		vii	o	65	116			o7	0	0	2, 1, -4, 5	4	5	2
159	159	3/4	3/4	4/4	1	1	viio65		D	I		viio65		vii	o	65				o7	0	0	2, -1, -4, 5		5	2
160	160	0	0	4/4	1	1	i6		D	I		i6		i		6				m	0	0	-3, 1, 0		0	-3
160	160	1/2	1/2	4/4	1	1	viio6(1311)/bVII		D	I		viio6(1311)/bVII		vii	o	6	1311	bVII		o	0	0	0, -3, 3	-1, 2	3	0
160	160	3/4	3/4	4/4	1	1	viio65/bVII		D	I		viio65/bVII		vii	o	65		bVII		o7	0	0	0, -3, -6, 3		3	0
161	161	1/2	1/2	4/4	1	1	viio43/bVII		D	I		viio43/bVII		vii	o	43		bVII		o7	0	0	-3, -6, 3, 0		3	-3
162	162	1/2	1/2	4/4	1	1	viio2/bVII		D	I		viio2/bVII		vii	o	2		bVII		o7	0	0	-6, 3, 0, -3		3	-6
163	163	0	0	4/4	1	1	viio7/bVII		D	I		viio7/bVII		vii	o	7		bVII		o7	0	0	3, 0, -3, -6		3	3
167	167	0	0	4/4	1	1	.bVII\\		D	I		bVII		bVII					\\	M	0	0	-2, 2, -1		-2	-2
168	168	3/4	3/4	4/4	1	1	.bVII64		D	I		bVII64		bVII		64				M	0	0	-1, -2, 2		-2	-1
169	169	0	0	4/4	1	1	V2/bIII		D	I		V2/bIII		V		2		bIII		Mm7	0	0	-4, -2, 2, -1		-2	-4
171	171	0	0	4/4	1	1	V7		D	I		V7		V		7				Mm7	0	0	1, 5, 2, -1		1	1
174	174	3/4	3/4	4/4	1	1	I		D	I		I		I						M	0	0	0, 4, 1		0	0
176	176	3/4	3/4	4/4	1	1	I64		D	I		I64		I		64				M	0	0	1, 0, 4		0	1
177	177	0	0	4/4	1	1	V2/IV		D	I		V2/IV		V		2		IV		Mm7	0	0	-2, 0, 4, 1		0	-2
179	179	0	0	4/4	1	1	V7/ii		D	I		V7/ii		V		7		ii		Mm7	0	0	3, 7, 4, 1		3	3
182	182	0	0	4/4	1	1	ii6		D	I		ii6		ii		6				m	0	0	-1, 3, 2		2	-1
183	183	0	0	4/4	1	1	V7/vi		D	I		V7/vi		V		7		vi		Mm7	0	0	4, 8, 5, 2		4	4
184	184	0	0	4/4	1	1	vi		D	I		vi		vi						m	0	0	3, 0, 4		3	3
185	185	1/2	1/2	4/4	1	1	ii		D	I		ii		ii						m	0	0	2, -1, 3		2	2
186	186	0	0	4/4	1	1	V7		D	I		V7		V		7				Mm7	0	0	1, 5, 2, -1		1	1
187	187	3/4	3/4	4/4	1	1	V2		D	I		V2		V		2				Mm7	0	0	-1, 1, 5, 2		1	-1
188	188	0	0	4/4	1	1	I6		D	I		I6		I		6				M	0	0	4, 1, 0		0	4
188	188	3/4	3/4	4/4	1	1	IV		D	I		IV		IV						M	0	0	-1, 3, 0		-1	-1
189	189	1/4	1/4	4/4	1	1	IV6		D	I		IV6		IV		6				M	0	0	3, 0, -1		-1	3
190	190	0	0	4/4	1	1	V43(4)/IV		D	I		V43(4)/IV		V		43	4	IV		Mm7	0	0	1, -2, 0, -1		0	1
190	190	1/4	1/4	4/4	1	1	V43/IV		D	I		V43/IV		V		43		IV		Mm7	0	0	1, -2, 0, 4		0	1
192	192	0	0	4/4	1	1	V43(4)/V		D	I		V43(4)/V		V		43	4	V		Mm7	0	0	3, 0, 2, 1		2	3
192	192	1/4	1/4	4/4	1	1	V43/V		D	I		V43/V		V		43		V		Mm7	0	0	3, 0, 2, 6		2	3
193	193	3/4	3/4	4/4	1	1	V7/V		D	I		V7/V		V		7		V		Mm7	0	0	2, 6, 3, 0		2	2
194	194	0	0	4/4	1	1	v		D	I		v		v						m	0	0	1, -2, 2		1	1
195	195	0	0	4/4	1	1	#viio6(2)/v		D	I		#viio6(2)/v		#vii	o	6	2	v		o	0	0	3, 0, 1		6	3
195	195	1/4	1/4	4/4	1	1	V2/v		D	I		V2/v		V		2		v		Mm7	0	0	0, 2, 6, 3		2	0
195	195	1/2	1/2	4/4	1	1	#viio65/v		D	I		#viio65/v		#vii	o	65		v		o7	0	0	3, 0, -3, 6		6	3
196	196	0	0	4/4	1	1	V2/v		D	I		V2/v		V		2		v		Mm7	0	0	0, 2, 6, 3		2	0
197	197	0	0	4/4	1	1	#viio65/vi		D	I		#viio65/vi		#vii	o	65		vi		o7	0	0	5, 2, -1, 8		8	5
198	198	0	0	4/4	1	1	V2/vi		D	I		V2/vi		V		2		vi		Mm7	0	0	2, 4, 8, 5		4	2
199	199	0	0	4/4	1	1	vi6		D	I		vi6		vi		6				m	0	0	0, 4, 3		3	0
199	199	1/8	1/8	4/4	1	1	iv6/vi		D	I		iv6/vi		iv		6		vi		m	0	0	-1, 3, 2		2	-1
199	199	1/4	1/4	4/4	1	1	vi43		D	I		vi43		vi		43				mm7	0	0	4, 1, 3, 0		3	4
199	199	3/8	3/8	4/4	1	1	ii%65/vi		D	I		ii%65/vi		ii	%	65		vi		%7	0	0	2, -1, 3, 5		5	2
199	199	1/2	1/2	4/4	1	1	vi6		D	I		vi6		vi		6				m	0	0	0, 4, 3		3	0
199	199	5/8	5/8	4/4	1	1	#viio43/vi		D	I		#viio43/vi		#vii	o	43		vi		o7	0	0	2, -1, 8, 5		8	2
199	199	3/4	3/4	4/4	1	1	vi6		D	I		vi6		vi		6				m	0	0	0, 4, 3		3	0
199	199	7/8	7/8	4/4	1	1	#viio6/vi		D	I		#viio6/vi		#vii	o	6		vi		o	0	0	5, 2, 8		8	5
200	200	0	0	4/4	1	1	i		D	I		i		i						m	0	0	0, -3, 1		0	0
200	200	1/8	1/8	4/4	1	1	#viio43/vi		D	I		#viio43/vi		#vii	o	43		vi		o7	0	0	2, -1, 8, 5		8	2
200	200	1/4	1/4	4/4	1	1	vi6		D	I		vi6		vi		6				m	0	0	0, 4, 3		3	0
200	200	3/8	3/8	4/4	1	1	#viio6/vi		D	I		#viio6/vi		#vii	o	6		vi		o	0	0	5, 2, 8		8	5
200	200	1/2	1/2	4/4	1	1	vi		D	I		vi		vi						m	0	0	3, 0, 4		3	3
200	200	5/8	5/8	4/4	1	1	#viio7/vi		D	I		#viio7/vi		#vii	o	7		vi		o7	0	0	8, 5, 2, -1		8	8
200	200	3/4	3/4	4/4	1	1	vi		D	I		vi		vi						m	0	0	3, 0, 4		3	3
200	200	7/8	7/8	4/4	1	1	iv6/vi		D	I		iv6/vi		iv		6		vi		m	0	0	-1, 3, 2		2	-1
201	201	0	0	4/4	1	1	V/vi\\		D	I		V/vi		V				vi	\\	M	0	0	4, 8, 5		4	4
202	202	3/4	3/4	4/4	1	1	vi		D	I		vi		vi						m	0	0	3, 0, 4		3	3
203	203	0	0	4/4	1	1	vi6		D	I		vi6		vi		6				m	0	0	0, 4, 3		3	0
203	203	1/2	1/2	4/4	1	1	vi		D	I		vi		vi						m	0	0	3, 0, 4		3	3
204	204	0	0	4/4	1	1	vi6		D	I		vi6		vi		6				m	0	0	0, 4, 3		3	0
204	204	1/2	1/2	4/4	1	1	v6/vi		D	I		v6/vi		v		6		vi		m	0	0	1, 5, 4		4	1
204	204	7/8	7/8	4/4	1	1	.Ger6/vi		D	I		Ger6/vi	Ger	vii	o	65	b3	V/vi		Ger	0	0	-1, 3, 0, 9		9	-1
205	205	0	0	4/4	1	1	V/vi		D	I		V/vi		V				vi		M	0	0	4, 8, 5		4	4
206	206	1/2	1/2	4/4	1	1	#viio43/vi		D	I		#viio43/vi		#vii	o	43		vi		o7	0	0	2, -1, 8, 5		8	2
207	207	0	0	4/4	1	1	#viio7/ii		D	I		#viio7/ii		#vii	o	7		ii		o7	0	0	7, 4, 1, -2		7	7
209	209	0	0	4/4	1	1	viio43/V		D	I		viio43/V		vii	o	43		V		o7	0	0	0, -3, 6, 3		6	0
211	211	0	0	4/4	1	1	viio7		D	I		viio7		vii	o	7				o7	0	0	5, 2, -1, -4		5	5
213	213	0	0	4/4	1	1	#viio65/ii		D	I		#viio65/ii		#vii	o	65		ii		o7	0	0	4, 1, -2, 7		7	4
214	214	0	0	4/4	1	1	#viio2/ii		D	I		#viio2/ii		#vii	o	2		ii		o7	0	0	-2, 7, 4, 1		7	-2
214	214	1/2	1/2	4/4	1	1	#viio65/ii		D	I		#viio65/ii		#vii	o	65		ii		o7	0	0	4, 1, -2, 7		7	4
215	215	0	0	4/4	1	1	iii64		D	I		iii64		iii		64				m	0	0	5, 4, 1		4	5
217	217	0	0	4/4	1	1	#viio7/vii		D	I		#viio7/vii		#vii	o	7		vii		o7	0	0	10, 7, 4, 1		10	10
219	219	0	0	4/4	1	1	iii64		D	I		iii64		iii		64				m	0	0	5, 4, 1		4	5
221	221	0	0	4/4	1	1	#viio43/vii		D	I		#viio43/vii		#vii	o	43		vii		o7	0	0	4, 1, 10, 7		10	4
221	221	1/2	1/2	4/4	1	1	#viio65/vii		D	I		#viio65/vii		#vii	o	65		vii		o7	0	0	7, 4, 1, 10		10	7
222	222	0	0	4/4	1	1	#viio2/vii		D	I		#viio2/vii		#vii	o	2		vii		o7	0	0	1, 10, 7, 4		10	1
222	222	1/2	1/2	4/4	1	1	#viio65/vii		D	I		#viio65/vii		#vii	o	65		vii		o7	0	0	7, 4, 1, 10		10	7
223	223	0	0	4/4	1	1	V65		D	I		V65		V		65				Mm7	0	0	5, 2, -1, 1		1	5
225	225	0	0	4/4	1	1	V43		D	I		V43		V		43				Mm7	0	0	2, -1, 1, 5		1	2
225	225	1/2	1/2	4/4	1	1	V65		D	I		V65		V		65				Mm7	0	0	5, 2, -1, 1		1	5
226	226	0	0	4/4	1	1	V7		D	I		V7		V		7				Mm7	0	0	1, 5, 2, -1		1	1
226	226	1/2	1/2	4/4	1	1	V43		D	I		V43		V		43				Mm7	0	0	2, -1, 1, 5		1	2
227	227	0	0	4/4	1	1	V65		D	I		V65		V		65				Mm7	0	0	5, 2, -1, 1		1	5
229	229	0	0	4/4	1	1	V43		D	I		V43		V		43				Mm7	0	0	2, -1, 1, 5		1	2
229	229	1/2	1/2	4/4	1	1	V65		D	I		V65		V		65				Mm7	0	0	5, 2, -1, 1		1	5
230	230	0	0	4/4	1	1	V7		D	I		V7		V		7				Mm7	0	0	1, 5, 2, -1		1	1
231	231	0	0	4/4	1	1	I\\		D	I		I		I					\\	M	0	0	0, 4, 1		0	0
233	233	0	0	4/4	1	1	ii%43/iii		D	I		ii%43/iii		ii	%	43		iii		%7	0	0	0, 4, 6, 3		6	0
234	234	0	0	4/4	1	1	V7/iii		D	I		V7/iii		V		7		iii		Mm7	0	0	5, 9, 6, 3		5	5
234	234	3/4	3/4	4/4	1	1	iii64		D	I		iii64		iii		64				m	0	0	5, 4, 1		4	5
235	235	0	0	4/4	1	1	iii		D	I		iii		iii						m	0	0	4, 1, 5		4	4
237	237	0	0	4/4	1	1	I6		D	I		I6		I		6				M	0	0	4, 1, 0		0	4
238	238	0	0	4/4	1	1	IV		D	I		IV		IV						M	0	0	-1, 3, 0		-1	-1
238	238	3/4	3/4	4/4	1	1	IV64		D	I		IV64		IV		64				M	0	0	0, -1, 3		-1	0
239	239	0	0	4/4	1	1	IV		D	I		IV		IV						M	0	0	-1, 3, 0		-1	-1
240	240	0	0	4/4	1	1	V65/V		D	I		V65/V		V		65		V		Mm7	0	0	6, 3, 0, 2		2	6
241	241	0	0	4/4	1	1	V7		D	I		V7		V		7				Mm7	0	0	1, 5, 2, -1		1	1
242	242	0	0	4/4	1	1	I\\		D	I		I		I					\\	M	0	0	0, 4, 1		0	0
242	242	1/2	1/2	4/4	1	1	viio		D	I		viio		vii	o					o	0	0	5, 2, -1		5	5
242	242	3/4	3/4	4/4	1	1	I		D	I		I		I						M	0	0	0, 4, 1		0	0
243	243	0	0	4/4	1	1	viio		D	I		viio		vii	o					o	0	0	5, 2, -1		5	5
243	243	1/4	1/4	4/4	1	1	I		D	I		I		I						M	0	0	0, 4, 1		0	0
243	243	1/2	1/2	4/4	1	1	ii		D	I		ii		ii						m	0	0	2, -1, 3		2	2
243	243	3/4	3/4	4/4	1	1	I6		D	I		I6		I		6				M	0	0	4, 1, 0		0	4
244	244	0	0	4/4	1	1	V		D	I		V		V						M	0	0	1, 5, 2		1	1
245	245	1/4	1/4	4/4	1	1	#viio7/vi		D	I		#viio7/vi		#vii	o	7		vi		o7	0	0	8, 5, 2, -1		8	8
245	245	1/2	1/2	4/4	1	1	vi		D	I		vi		vi						m	0	0	3, 0, 4		3	3
245	245	3/4	3/4	4/4	1	1	vii%43		D	I		vii%43		vii	%	43				%7	0	0	-1, 3, 5, 2		5	-1
246	246	0	0	4/4	1	1	I6		D	I		I6		I		6				M	0	0	4, 1, 0		0	4
246	246	1/4	1/4	4/4	1	1	I		D	I		I		I						M	0	0	0, 4, 1		0	0
246	246	1/2	1/2	4/4	1	1	V7		D	I		V7		V		7				Mm7	0	0	1, 5, 2, -1		1	1
246	246	3/4	3/4	4/4	1	1	V(64)		D	I		V(64)		V			64			M	0	0	1, 0, 4		1	1
247	247	0	0	4/4	1	1	V7		D	I		V7		V		7				Mm7	0	0	1, 5, 2, -1		1	1
247	247	1/4	1/4	4/4	1	1	I		D	I		I		I						M	0	0	0, 4, 1		0	0
247	247	1/2	1/2	4/4	1	1	vii%65		D	I		vii%65		vii	%	65				%7	0	0	2, -1, 3, 5		5	2
247	247	3/4	3/4	4/4	1	1	I6		D	I		I6		I		6				M	0	0	4, 1, 0		0	4
248	248	0	0	4/4	1	1	V43		D	I		V43		V		43				Mm7	0	0	2, -1, 1, 5		1	2
248	248	1/4	1/4	4/4	1	1	I		D	I		I		I						M	0	0	0, 4, 1		0	0
248	248	1/2	1/2	4/4	1	1	V65		D	I		V65		V		65				Mm7	0	0	5, 2, -1, 1		1	5
248	248	3/4	3/4	4/4	1	1	IV6(+2)		D	I		IV6(+2)		IV		6	+2			M	0	0	3, 0, -1	1	-1	3
249	249	0	0	4/4	1	1	V		D	I		V		V						M	0	0	1, 5, 2		1	1
249	249	1/4	1/4	4/4	1	1	#viio65/vi		D	I		#viio65/vi		#vii	o	65		vi		o7	0	0	5, 2, -1, 8		8	5
249	249	1/2	1/2	4/4	1	1	V(964)		D	I		V(964)		V			964			M	0	0	1, 0, 4	3	1	1
249	249	3/4	3/4	4/4	1	1	V7		D	I		V7		V		7				Mm7	0	0	1, 5, 2, -1		1	1
250	250	0	0	4/4	1	1	I		D	I		I		I						M	0	0	0, 4, 1		0	0
250	250	1/4	1/4	4/4	1	1	I6		D	I		I6		I		6				M	0	0	4, 1, 0		0	4
250	250	1/2	1/2	4/4	1	1	IV6		D	I		IV6		IV		6				M	0	0	3, 0, -1		-1	3
251	251	0	0	4/4	1	1	I64		D	I		I64		I		64				M	0	0	1, 0, 4		0	1
251	251	1/4	1/4	4/4	1	1	I		D	I		I		I						M	0	0	0, 4, 1		0	0
251	251	1/2	1/2	4/4	1	1	IV6		D	I		IV6		IV		6				M	0	0	3, 0, -1		-1	3
252	252	0	0	4/4	1	1	I64		D	I		I64		I		64				M	0	0	1, 0, 4		0	1
252	252	1/4	1/4	4/4	1	1	I		D	I		I		I						M	0	0	0, 4, 1		0	0
252	252	1/2	1/2	4/4	1	1	IV6		D	I		IV6		IV		6				M	0	0	3, 0, -1		-1	3
253	253	1/2	1/2	4/4	1	1	ii%43/V		D	I		ii%43/V		ii	%	43		V		%7	0	0	-3, 1, 3, 0		3	-3
254	254	0	0	4/4	1	1	V/V\\		D	I		V/V		V				V	\\	M	0	0	2, 6, 3		2	2
254	254	1/2	1/2	4/4	1	1	vii%7/V		D	I		vii%7/V		vii	%	7		V		%7	0	0	6, 3, 0, 4		6	6
254	254	3/4	3/4	4/4	1	1	V65/V		D	I		V65/V		V		65		V		Mm7	0	0	6, 3, 0, 2		2	6
255	255	0	0	4/4	1	1	V		D	I		V		V						M	0	0	1, 5, 2		1	1
255	255	1/4	1/4	4/4	1	1	V6		D	I		V6		V		6				M	0	0	5, 2, 1		1	5
255	255	1/2	1/2	4/4	1	1	vii%65/V		D	I		vii%65/V		vii	%	65		V		%7	0	0	3, 0, 4, 6		6	3
255	255	3/4	3/4	4/4	1	1	V2/V		D	I		V2/V		V		2		V		Mm7	0	0	0, 2, 6, 3		2	0
256	256	0	0	4/4	1	1	V6		D	I		V6		V		6				M	0	0	5, 2, 1		1	5
256	256	1/4	1/4	4/4	1	1	V		D	I		V		V						M	0	0	1, 5, 2		1	1
256	256	1/2	1/2	4/4	1	1	vii%7		D	I		vii%7		vii	%	7				%7	0	0	5, 2, -1, 3		5	5
256	256	3/4	3/4	4/4	1	1	V6		D	I		V6		V		6				M	0	0	5, 2, 1		1	5
257	257	0	0	4/4	1	1	I		D	I		I		I						M	0	0	0, 4, 1		0	0
257	257	1/4	1/4	4/4	1	1	I6		D	I		I6		I		6				M	0	0	4, 1, 0		0	4
257	257	1/2	1/2	4/4	1	1	vii%65		D	I		vii%65		vii	%	65				%7	0	0	2, -1, 3, 5		5	2
257	257	3/4	3/4	4/4	1	1	V2		D	I		V2		V		2				Mm7	0	0	-1, 1, 5, 2		1	-1
258	258	0	0	4/4	1	1	I6		D	I		I6		I		6				M	0	0	4, 1, 0		0	4
258	258	1/4	1/4	4/4	1	1	I64		D	I		I64		I		64				M	0	0	1, 0, 4		0	1
258	258	1/2	1/2	4/4	1	1	iii7		D	I		iii7		iii		7				mm7	0	0	4, 1, 5, 2		4	4
258	258	3/4	3/4	4/4	1	1	I		D	I		I		I						M	0	0	0, 4, 1		0	0
259	259	0	0	4/4	1	1	vi	IV6	D	I		vi		vi						m	0	0	3, 0, 4		3	3
259	259	1/2	1/2	4/4	1	1	viio2		D	I		viio2		vii	o	2				o7	0	0	-4, 5, 2, -1		5	-4
259	259	3/4	3/4	4/4	1	1	iv6		D	I		iv6		iv		6				m	0	0	-4, 0, -1		-1	-4
260	260	0	0	4/4	1	1	V7		D	I		V7		V		7				Mm7	0	0	1, 5, 2, -1		1	1
260	260	1/2	1/2	4/4	1	1	iii7		D	I		iii7		iii		7				mm7	0	0	4, 1, 5, 2		4	4
260	260	3/4	3/4	4/4	1	1	V2/IV		D	I		V2/IV		V		2		IV		Mm7	0	0	-2, 0, 4, 1		0	-2
261	261	0	0	4/4	1	1	IV6		D	I		IV6		IV		6				M	0	0	3, 0, -1		-1	3
261	261	1/2	1/2	4/4	1	1	viio2		D	I		viio2		vii	o	2				o7	0	0	-4, 5, 2, -1		5	-4
261	261	3/4	3/4	4/4	1	1	iv6		D	I		iv6		iv		6				m	0	0	-4, 0, -1		-1	-4
262	262	0	0	4/4	1	1	V7		D	I		V7		V		7				Mm7	0	0	1, 5, 2, -1		1	1
262	262	1/2	1/2	4/4	1	1	I		D	I		I		I						M	0	0	0, 4, 1		0	0
262	262	3/4	3/4	4/4	1	1	I6		D	I		I6		I		6				M	0	0	4, 1, 0		0	4
263	263	0	0	4/4	1	1	V(64)/V		D	I		V(64)/V		V			64	V		M	0	0	2, 1, 5		2	2
263	263	1/4	1/4	4/4	1	1	V7/V		D	I		V7/V		V		7		V		Mm7	0	0	2, 6, 3, 0		2	2
263	263	1/2	1/2	4/4	1	1	V65		D	I		V65		V		65				Mm7	0	0	5, 2, -1, 1		1	5
264	264	0	0	4/4	1	1	#viio7/vi		D	I		#viio7/vi		#vii	o	7		vi		o7	0	0	8, 5, 2, -1		8	8
264	264	1/4	1/4	4/4	1	1	V65/vi		D	I		V65/vi		V		65		vi		Mm7	0	0	8, 5, 2, 4		4	8
264	264	1/2	1/2	4/4	1	1	vi(6)		D	I		vi(6)		vi			6			m	0	0	3, 0, -1		3	3
264	264	3/4	3/4	4/4	1	1	vi		D	I		vi		vi						m	0	0	3, 0, 4		3	3
265	265	0	0	4/4	1	1	vii%7/V		D	I		vii%7/V		vii	%	7		V		%7	0	0	6, 3, 0, 4		6	6
265	265	1/4	1/4	4/4	1	1	V65/V		D	I		V65/V		V		65		V		Mm7	0	0	6, 3, 0, 2		2	6
265	265	1/2	1/2	4/4	1	1	V2(4)		D	I		V2(4)		V		2	4			Mm7	0	0	-1, 1, 0, 2		1	-1
265	265	3/4	3/4	4/4	1	1	V2		D	I		V2		V		2				Mm7	0	0	-1, 1, 5, 2		1	-1
266	266	0	0	4/4	1	1	I6\\		D	I		I6		I		6			\\	M	0	0	4, 1, 0		0	4
266	266	1/4	1/4	4/4	1	1	I		D	I		I		I						M	0	0	0, 4, 1		0	0
266	266	1/2	1/2	4/4	1	1	viio		D	I		viio		vii	o					o	0	0	5, 2, -1		5	5
266	266	3/4	3/4	4/4	1	1	I		D	I		I		I						M	0	0	0, 4, 1		0	0
267	267	0	0	4/4	1	1	vi7		D	I		vi7		vi		7				mm7	0	0	3, 0, 4, 1		3	3
267	267	1/2	1/2	4/4	1	1	vii6		D	I		vii6		vii		6				m	0	0	2, 6, 5		5	2
267	267	3/4	3/4	4/4	1	1	V7/V		D	I		V7/V		V		7		V		Mm7	0	0	2, 6, 3, 0		2	2
268	268	0	0	4/4	1	1	V7		D	I		V7		V		7				Mm7	0	0	1, 5, 2, -1		1	1
268	268	1/4	1/4	4/4	1	1	V2		D	I		V2		V		2				Mm7	0	0	-1, 1, 5, 2		1	-1
268	268	1/2	1/2	4/4	1	1	I6		D	I		I6		I		6				M	0	0	4, 1, 0		0	4
268	268	3/4	3/4	4/4	1	1	ii6		D	I		ii6		ii		6				m	0	0	-1, 3, 2		2	-1
269	269	0	0	4/4	1	1	V(64)		D	I		V(64)		V			64			M	0	0	1, 0, 4		1	1
269	269	1/2	1/2	4/4	1	1	V7(6)		D	I		V7(6)		V		7	6			Mm7	0	0	1, 5, 4, -1		1	1
269	269	7/8	7/8	4/4	1	1	V7		D	I		V7		V		7				Mm7	0	0	1, 5, 2, -1		1	1
270	270	0	0	4/4	1	1	I\\		D	I		I		I					\\	M	0	0	0, 4, 1		0	0
270	270	1/4	1/4	4/4	1	1	I6		D	I		I6		I		6				M	0	0	4, 1, 0		0	4
270	270	3/4	3/4	4/4	1	1	V/vi		D	I		V/vi		V				vi		M	0	0	4, 8, 5		4	4
271	271	0	0	4/4	1	1	vi		D	I		vi		vi						m	0	0	3, 0, 4		3	3
271	271	3/4	3/4	4/4	1	1	vi64		D	I		vi64		vi		64				m	0	0	4, 3, 0		3	4
272	272	0	0	4/4	1	1	V65(6)/vi		D	I		V65(6)/vi		V		65	6	vi		Mm7	0	0	8, 0, 2, 4		4	8
272	272	1/2	1/2	4/4	1	1	V65/vi		D	I		V65/vi		V		65		vi		Mm7	0	0	8, 5, 2, 4		4	8
272	272	3/4	3/4	4/4	1	1	V7/vi		D	I		V7/vi		V		7		vi		Mm7	0	0	4, 8, 5, 2		4	4
273	273	0	0	4/4	1	1	vi		D	I		vi		vi						m	0	0	3, 0, 4		3	3
273	273	3/4	3/4	4/4	1	1	vi64		D	I		vi64		vi		64				m	0	0	4, 3, 0		3	4
274	274	0	0	4/4	1	1	V65(6)/vi		D	I		V65(6)/vi		V		65	6	vi		Mm7	0	0	8, 0, 2, 4		4	8
274	274	1/2	1/2	4/4	1	1	V65/vi		D	I		V65/vi		V		65		vi		Mm7	0	0	8, 5, 2, 4		4	8
274	274	3/4	3/4	4/4	1	1	V7/vi		D	I		V7/vi		V		7		vi		Mm7	0	0	4, 8, 5, 2		4	4
275	275	0	0	4/4	1	1	vi		D	I		vi		vi						m	0	0	3, 0, 4		3	3
276	276	0	0	4/4	1	1	ii6(119)		D	I		ii6(119)		ii		6	119			m	0	0	-1, 3, 2	1, 4	2	-1
276	276	1/2	1/2	4/4	1	1	ii6		D	I		ii6		ii		6				m	0	0	-1, 3, 2		2	-1
277	277	0	0	4/4	1	1	V(64)		D	I		V(64)		V			64			M	0	0	1, 0, 4		1	1
277	277	1/2	1/2	4/4	1	1	V7		D	I		V7		V		7				Mm7	0	0	1, 5, 2, -1		1	1
278	278	0	0	4/4	1	1	I\\		D	I		I		I					\\	M	0	0	0, 4, 1		0	0
278	278	1/4	1/4	4/4	1	1	I6		D	I		I6		I		6				M	0	0	4, 1, 0		0	4
278	278	3/4	3/4	4/4	1	1	V/vi		D	I		V/vi		V				vi		M	0	0	4, 8, 5		4	4
279	279	0	0	4/4	1	1	vi		D	I		vi		vi						m	0	0	3, 0, 4		3	3
279	279	3/4	3/4	4/4	1	1	vi64		D	I		vi64		vi		64				m	0	0	4, 3, 0		3	4
280	280	0	0	4/4	1	1	V65(6)/vi		D	I		V65(6)/vi		V		65	6	vi		Mm7	0	0	8, 0, 2, 4		4	8
280	280	1/2	1/2	4/4	1	1	V65/vi		D	I		V65/vi		V		65		vi		Mm7	0	0	8, 5, 2, 4		4	8
280	280	3/4	3/4	4/4	1	1	V7/vi		D	I		V7/vi		V		7		vi		Mm7	0	0	4, 8, 5, 2		4	4
281	281	0	0	4/4	1	1	vi		D	I		vi		vi						m	0	0	3, 0, 4		3	3
281	281	3/4	3/4	4/4	1	1	vi64		D	I		vi64		vi		64				m	0	0	4, 3, 0		3	4
282	282	0	0	4/4	1	1	V65(6)/vi		D	I		V65(6)/vi		V		65	6	vi		Mm7	0	0	8, 0, 2, 4		4	8
282	282	1/2	1/2	4/4	1	1	V65/vi		D	I		V65/vi		V		65		vi		Mm7	0	0	8, 5, 2, 4		4	8
282	282	3/4	3/4	4/4	1	1	V7/vi		D	I		V7/vi		V		7		vi		Mm7	0	0	4, 8, 5, 2		4	4
283	283	0	0	4/4	1	1	vi		D	I		vi		vi						m	0	0	3, 0, 4		3	3
283	283	3/4	3/4	4/4	1	1	I64		D	I		I64		I		64				M	0	0	1, 0, 4		0	1
284	284	0	0	4/4	1	1	IV(9b4)		D	I		IV(9b4)		IV			9b4			M	0	0	-1, -2, 0	1	-1	-1
284	284	1/2	1/2	4/4	1	1	IV		D	I		IV		IV						M	0	0	-1, 3, 0		-1	-1
284	284	3/4	3/4	4/4	1	1	ii6		D	I		ii6		ii		6				m	0	0	-1, 3, 2		2	-1
285	285	1/2	1/2	4/4	1	1	V7		D	I		V7		V		7				Mm7	0	0	1, 5, 2, -1		1	1
286	286	0	0	4/4	1	1	vi		D	I		vi		vi						m	0	0	3, 0, 4		3	3
286	286	1/2	1/2	4/4	1	1	vii%7		D	I		vii%7		vii	%	7				%7	0	0	5, 2, -1, 3		5	5
287	287	0	0	4/4	1	1	I		D	I		I		I						M	0	0	0, 4, 1		0	0
287	287	1/2	1/2	4/4	1	1	ii7		D	I		ii7		ii		7				mm7	0	0	2, -1, 3, 0		2	2
288	288	0	0	4/4	1	1	I6\\		D	I		I6		I		6			\\	M	0	0	4, 1, 0		0	4
289	289	0	0	4/4	1	1	viio7/V		D	I		viio7/V		vii	o	7		V		o7	0	0	6, 3, 0, -3		6	6
291	291	0	0	4/4	1	1	viio65/V		D	I		viio65/V		vii	o	65		V		o7	0	0	3, 0, -3, 6		6	3
293	293	0	0	4/4	1	1	.bIII64		D	I		bIII64		bIII		64				M	0	0	-2, -3, 1		-3	-2
295	295	0	0	4/4	1	1	V65		D	I		V65		V		65				Mm7	0	0	5, 2, -1, 1		1	5
296	296	0	0	4/4	1	1	V2		D	I		V2		V		2				Mm7	0	0	-1, 1, 5, 2		1	-1
296	296	1/2	1/2	4/4	1	1	V65		D	I		V65		V		65				Mm7	0	0	5, 2, -1, 1		1	5
297	297	0	0	4/4	1	1	I		D	I		I		I						M	0	0	0, 4, 1		0	0
297	297	1/2	1/2	4/4	1	1	V43		D	I		V43		V		43				Mm7	0	0	2, -1, 1, 5		1	2
298	298	0	0	4/4	1	1	I6		D	I		I6		I		6				M	0	0	4, 1, 0		0	4
298	298	1/2	1/2	4/4	1	1	V65/V		D	I		V65/V		V		65		V		Mm7	0	0	6, 3, 0, 2		2	6
299	299	0	0	4/4	1	1	V(64)		D	I		V(64)		V			64			M	0	0	1, 0, 4		1	1
299	299	1/2	1/2	4/4	1	1	V7		D	I		V7		V		7				Mm7	0	0	1, 5, 2, -1		1	1
300	300	0	0	4/4	1	1	I6\\		D	I		I6		I		6			\\	M	0	0	4, 1, 0		0	4
300	300	1/2	1/2	4/4	1	1	V65		D	I		V65		V		65				Mm7	0	0	5, 2, -1, 1		1	5
301	301	0	0	4/4	1	1	I		D	I		I		I						M	0	0	0, 4, 1		0	0
301	301	1/2	1/2	4/4	1	1	viio6		D	I		viio6		vii	o	6				o	0	0	2, -1, 5		5	2
302	302	0	0	4/4	1	1	I6		D	I		I6		I		6				M	0	0	4, 1, 0		0	4
302	302	1/2	1/2	4/4	1	1	V65/V		D	I		V65/V		V		65		V		Mm7	0	0	6, 3, 0, 2		2	6
303	303	0	0	4/4	1	1	V(64)		D	I		V(64)		V			64			M	0	0	1, 0, 4		1	1
303	303	1/2	1/2	4/4	1	1	V7		D	I		V7		V		7				Mm7	0	0	1, 5, 2, -1		1	1
304	304	0	0	4/4	1	1	I6\\		D	I		I6		I		6			\\	M	0	0	4, 1, 0		0	4
304	304	1/2	1/2	4/4	1	1	I		D	I		I		I						M	0	0	0, 4, 1		0	0
305	305	0	0	4/4	1	1	V7		D	I		V7		V		7				Mm7	0	0	1, 5, 2, -1		1	1
306	306	0	0	4/4	1	1	I6		D	I		I6		I		6				M	0	0	4, 1, 0		0	4
306	306	1/2	1/2	4/4	1	1	I		D	I		I		I						M	0	0	0, 4, 1		0	0
307	307	0	0	4/4	1	1	V7		D	I		V7		V		7				Mm7	0	0	1, 5, 2, -1		1	1
308	308	1/2	1/2	4/4	1	1	V65		D	I		V65		V		65				Mm7	0	0	5, 2, -1, 1		1	5
309	309	0	0	4/4	1	1	V7		D	I		V7		V		7				Mm7	0	0	1, 5, 2, -1		1	1
310	310	1/2	1/2	4/4	1	1	V65		D	I		V65		V		65				Mm7	0	0	5, 2, -1, 1		1	5
311	311	0	0	4/4	1	1	V43/IV		D	I		V43/IV		V		43		IV		Mm7	0	0	1, -2, 0, 4		0	1
311	311	1/2	1/2	4/4	1	1	V7/IV		D	I		V7/IV		V		7		IV		Mm7	0	0	0, 4, 1, -2		0	0
312	312	1/2	1/2	4/4	1	1	V65/IV		D	I		V65/IV		V		65		IV		Mm7	0	0	4, 1, -2, 0		0	4
313	313	0	0	4/4	1	1	V7/IV		D	I		V7/IV		V		7		IV		Mm7	0	0	0, 4, 1, -2		0	0
313	313	1/2	1/2	4/4	1	1	V65/IV		D	I		V65/IV		V		65		IV		Mm7	0	0	4, 1, -2, 0		0	4
314	314	0	0	4/4	1	1	V7/IV		D	I		V7/IV		V		7		IV		Mm7	0	0	0, 4, 1, -2		0	0
314	314	1/2	1/2	4/4	1	1	V65/IV		D	I		V65/IV		V		65		IV		Mm7	0	0	4, 1, -2, 0		0	4
315	315	0	0	4/4	1	1	V/IV		D	I		V/IV		V				IV		M	0	0	0, 4, 1		0	0
315	315	1/4	1/4	4/4	1	1	V64/IV		D	I		V64/IV		V		64		IV		M	0	0	1, 0, 4		0	1
315	315	1/2	1/2	4/4	1	1	V/IV		D	I		V/IV		V				IV		M	0	0	0, 4, 1		0	0
316	316	0	0	4/4	1	1	IV		D	I		IV		IV						M	0	0	-1, 3, 0		-1	-1
317	317	1/2	1/2	4/4	1	1	IV6		D	I		IV6		IV		6				M	0	0	3, 0, -1		-1	3
318	318	0	0	4/4	1	1	ii		D	I		ii		ii						m	0	0	2, -1, 3		2	2
319	319	0	0	4/4	1	1	V		D	I		V		V						M	0	0	1, 5, 2		1	1
320	320	1/2	1/2	4/4	1	1	i		D	I		i		i						m	0	0	0, -3, 1		0	0
323	323	1/4	1/4	4/4	1	1	.bVI6		D	I		bVI6		bVI		6				M	0	0	0, -3, -4		-4	0
323	323	7/8	7/8	4/4	1	1	#viio65/iv		D	I		#viio65/iv		#vii	o	65		iv		o7	0	0	1, -2, -5, 4		4	1
324	324	0	0	4/4	1	1	iv6		D	I		iv6		iv		6				m	0	0	-4, 0, -1		-1	-4
324	324	1/4	1/4	4/4	1	1	.bII6		D	I		bII6		bII		6				M	0	0	-1, -4, -5		-5	-1
324	324	7/8	7/8	4/4	1	1	viio/bII		D	I		viio/bII		vii	o			bII		o	0	0	0, -3, -6		0	0
325	325	0	0	4/4	1	1	.bII		D	I		bII		bII						M	0	0	-5, -1, -4		-5	-5
327	327	0	0	4/4	1	1	viio		D	I		viio		vii	o					o	0	0	5, 2, -1		5	5
328	328	0	0	4/4	1	1	viio7		D	I		viio7		vii	o	7				o7	0	0	5, 2, -1, -4		5	5
330	330	0	0	4/4	1	1	V65		D	I		V65		V		65				Mm7	0	0	5, 2, -1, 1		1	5
331	331	0	0	4/4	1	1	V2		D	I		V2		V		2				Mm7	0	0	-1, 1, 5, 2		1	-1
332	332	0	0	4/4	1	1	I6\\		D	I		I6		I		6			\\	M	0	0	4, 1, 0		0	4
333	333	1/4	1/4	4/4	1	1	V+6/IV		D	I		V+6/IV		V	+	6		IV		+	0	0	4, 8, 0		0	4
333	333	1/2	1/2	4/4	1	1	IVM7		D	I		IVM7		IV	M	7				MM7	0	0	-1, 3, 0, 4		-1	-1
333	333	3/4	3/4	4/4	1	1	vii%7/V		D	I		vii%7/V		vii	%	7		V		%7	0	0	6, 3, 0, 4		6	6
334	334	0	0	4/4	1	1	V(64)		D	I		V(64)		V			64			M	0	0	1, 0, 4		1	1
335	335	1/4	1/4	4/4	1	1	V6/vi		D	I		V6/vi		V		6		vi		M	0	0	8, 5, 4		4	8
335	335	1/2	1/2	4/4	1	1	vi		D	I		vi		vi						m	0	0	3, 0, 4		3	3
335	335	3/4	3/4	4/4	1	1	vi6		D	I		vi6		vi		6				m	0	0	0, 4, 3		3	0
336	336	0	0	4/4	1	1	V65		D	I		V65		V		65				Mm7	0	0	5, 2, -1, 1		1	5
338	338	0	0	4/4	1	1	V(64)		D	I		V(64)		V			64			M	0	0	1, 0, 4		1	1
338	338	1/2	1/2	4/4	1	1	V2		D	I		V2		V		2				Mm7	0	0	-1, 1, 5, 2		1	-1
339	339	0	0	4/4	1	1	I6		D	I		I6		I		6				M	0	0	4, 1, 0		0	4
341	341	3/8	3/8	4/4	1	1	V/vi		D	I		V/vi		V				vi		M	0	0	4, 8, 5		4	4
341	341	1/2	1/2	4/4	1	1	vi		D	I		vi		vi						m	0	0	3, 0, 4		3	3
341	341	7/8	7/8	4/4	1	1	ii		D	I		ii		ii						m	0	0	2, -1, 3		2	2
342	342	0	0	4/4	1	1	V(64)		D	I		V(64)		V			64			M	0	0	1, 0, 4		1	1
342	342	1/2	1/2	4/4	1	1	V7(6)		D	I		V7(6)		V		7	6			Mm7	0	0	1, 5, 4, -1		1	1
342	342	7/8	7/8	4/4	1	1	V7		D	I		V7		V		7				Mm7	0	0	1, 5, 2, -1		1	1
343	343	0	0	4/4	1	1	I\\		D	I		I		I					\\	M	0	0	0, 4, 1		0	0
344	344	0	0	4/4	1	1	I6		D	I		I6		I		6				M	0	0	4, 1, 0		0	4
345	345	1/4	1/4	4/4	1	1	V+6/IV		D	I		V+6/IV		V	+	6		IV		+	0	0	4, 8, 0		0	4
345	345	1/2	1/2	4/4	1	1	IVM7		D	I		IVM7		IV	M	7				MM7	0	0	-1, 3, 0, 4		-1	-1
345	345	3/4	3/4	4/4	1	1	vii%7/V		D	I		vii%7/V		vii	%	7		V		%7	0	0	6, 3, 0, 4		6	6
346	346	0	0	4/4	1	1	V(64)		D	I		V(64)		V			64			M	0	0	1, 0, 4		1	1
347	347	1/4	1/4	4/4	1	1	V6/vi		D	I		V6/vi		V		6		vi		M	0	0	8, 5, 4		4	8
347	347	1/2	1/2	4/4	1	1	vi		D	I		vi		vi						m	0	0	3, 0, 4		3	3
347	347	3/4	3/4	4/4	1	1	vii%43/V		D	I		vii%43/V		vii	%	43		V		%7	0	0	0, 4, 6, 3		6	0
348	348	0	0	4/4	1	1	V65		D	I		V65		V		65				Mm7	0	0	5, 2, -1, 1		1	5
350	350	0	0	4/4	1	1	viio65/IV		D	I		viio65/IV		vii	o	65		IV		o7	0	0	1, -2, -5, 4		4	1
350	350	1/2	1/2	4/4	1	1	ii2/IV		D	I		ii2/IV		ii		2		IV		mm7	0	0	-1, 1, -2, 2		1	-1
351	351	0	0	4/4	1	1	viio7/IV		D	I		viio7/IV		vii	o	7		IV		o7	0	0	4, 1, -2, -5		4	4
353	353	3/8	3/8	4/4	1	1	V7/IV		D	I		V7/IV		V		7		IV		Mm7	0	0	0, 4, 1, -2		0	0
353	353	1/2	1/2	4/4	1	1	IV		D	I		IV		IV						M	0	0	-1, 3, 0		-1	-1
353	353	7/8	7/8	4/4	1	1	ii		D	I		ii		ii						m	0	0	2, -1, 3		2	2
354	354	0	0	4/4	1	1	V(64)		D	I		V(64)		V			64			M	0	0	1, 0, 4		1	1
354	354	1/2	1/2	4/4	1	1	V7(6)		D	I		V7(6)		V		7	6			Mm7	0	0	1, 5, 4, -1		1	1
354	354	7/8	7/8	4/4	1	1	V7		D	I		V7		V		7				Mm7	0	0	1, 5, 2, -1		1	1
355	355	0	0	4/4	1	1	I6		D	I		I6		I		6				M	0	0	4, 1, 0		0	4
355	355	1/2	1/2	4/4	1	1	vii%2		D	I		vii%2		vii	%	2				%7	0	0	3, 5, 2, -1		5	3
355	355	3/4	3/4	4/4	1	1	IV6		D	I		IV6		IV		6				M	0	0	3, 0, -1		-1	3
356	356	0	0	4/4	1	1	I64		D	I		I64		I		64				M	0	0	1, 0, 4		0	1
356	356	1/4	1/4	4/4	1	1	I		D	I		I		I						M	0	0	0, 4, 1		0	0
356	356	1/2	1/2	4/4	1	1	IV		D	I		IV		IV						M	0	0	-1, 3, 0		-1	-1
357	357	0	0	4/4	1	1	I64		D	I		I64		I		64				M	0	0	1, 0, 4		0	1
357	357	1/4	1/4	4/4	1	1	I		D	I		I		I						M	0	0	0, 4, 1		0	0
357	357	1/2	1/2	4/4	1	1	vii%2		D	I		vii%2		vii	%	2				%7	0	0	3, 5, 2, -1		5	3
357	357	3/4	3/4	4/4	1	1	IV6		D	I		IV6		IV		6				M	0	0	3, 0, -1		-1	3
358	358	0	0	4/4	1	1	I64		D	I		I64		I		64				M	0	0	1, 0, 4		0	1
358	358	1/4	1/4	4/4	1	1	I		D	I		I		I						M	0	0	0, 4, 1		0	0
358	358	1/2	1/2	4/4	1	1	IV		D	I		IV		IV						M	0	0	-1, 3, 0		-1	-1
359	359	0	0	4/4	1	1	I64		D	I		I64		I		64				M	0	0	1, 0, 4		0	1
359	359	1/2	1/2	4/4	1	1	i64		D	I		i64		i		64				m	0	0	1, 0, -3		0	1
360	360	0	0	4/4	1	1	V(4)		D	I		V(4)		V			4			M	0	0	1, 0, 2		1	1
360	360	1/4	1/4	4/4	1	1	V65/vi		D	I		V65/vi		V		65		vi		Mm7	0	0	8, 5, 2, 4		4	8
360	360	1/2	1/2	4/4	1	1	ii64		D	I		ii64		ii		64				m	0	0	3, 2, -1		2	3
360	360	3/4	3/4	4/4	1	1	V65		D	I		V65		V		65				Mm7	0	0	5, 2, -1, 1		1	5
361	361	0	0	4/4	1	1	I		D	I		I		I						M	0	0	0, 4, 1		0	0
361	361	1/4	1/4	4/4	1	1	I64		D	I		I64		I		64				M	0	0	1, 0, 4		0	1
361	361	1/2	1/2	4/4	1	1	V7(+4)		D	I		V7(+4)		V		7	+4			Mm7	0	0	1, 5, 2, -1	0	1	1
361	361	3/4	3/4	4/4	1	1	i64		D	I		i64		i		64				m	0	0	1, 0, -3		0	1
362	362	0	0	4/4	1	1	V(4)		D	I		V(4)		V			4			M	0	0	1, 0, 2		1	1
362	362	1/4	1/4	4/4	1	1	V65/vi		D	I		V65/vi		V		65		vi		Mm7	0	0	8, 5, 2, 4		4	8
362	362	1/2	1/2	4/4	1	1	ii64		D	I		ii64		ii		64				m	0	0	3, 2, -1		2	3
362	362	3/4	3/4	4/4	1	1	V65		D	I		V65		V		65				Mm7	0	0	5, 2, -1, 1		1	5
363	363	0	0	4/4	1	1	I		D	I		I		I						M	0	0	0, 4, 1		0	0
363	363	1/2	1/2	4/4	1	1	viio7/V		D	I		viio7/V		vii	o	7		V		o7	0	0	6, 3, 0, -3		6	6
364	364	0	0	4/4	1	1	V[V		D	I	V	V		V						M	0	0	1, 5, 2		1	1
364	364	1/4	1/4	4/4	1	1	#viio43/ii		D	I	V	#viio43/ii		#vii	o	43		ii		o7	0	0	1, -2, 7, 4		7	1
364	364	1/2	1/2	4/4	1	1	V2/V		D	I	V	V2/V		V		2		V		Mm7	0	0	0, 2, 6, 3		2	0
364	364	3/4	3/4	4/4	1	1	viio7		D	I	V	viio7		vii	o	7				o7	0	0	5, 2, -1, -4		5	5
365	365	0	0	4/4	1	1	V(64)		D	I	V	V(64)		V			64			M	0	0	1, 0, 4		1	1
365	365	1/4	1/4	4/4	1	1	V]		D	I	V	V		V						M	0	0	1, 5, 2		1	1
365	365	1/2	1/2	4/4	1	1	viio65(+2)/V		D	I		viio65(+2)/V		vii	o	65	+2	V		o7	0	0	3, 0, -3, 6	1	6	3
365	365	3/4	3/4	4/4	1	1	V65		D	I		V65		V		65				Mm7	0	0	5, 2, -1, 1		1	5
366	366	0	0	4/4	1	1	I		D	I		I		I						M	0	0	0, 4, 1		0	0
366	366	1/4	1/4	4/4	1	1	ii65		D	I		ii65		ii		65				mm7	0	0	-1, 3, 0, 2		2	-1
366	366	1/2	1/2	4/4	1	1	V(64)		D	I		V(64)		V			64			M	0	0	1, 0, 4		1	1
366	366	3/4	3/4	4/4	1	1	V7		D	I		V7		V		7				Mm7	0	0	1, 5, 2, -1		1	1
367	367	0	0	4/4	1	1	I\\		D	I		I		I					\\	M	0	0	0, 4, 1		0	0
367	367	1/2	1/2	4/4	1	1	I6		D	I		I6		I		6				M	0	0	4, 1, 0		0	4
368	368	1/2	1/2	4/4	1	1	I64		D	I		I64		I		64				M	0	0	1, 0, 4		0	1
370	370	0	0	4/4	1	1	I		D	I		I		I						M	0	0	0, 4, 1		0	0
370	370	1/2	1/2	4/4	1	1	I6		D	I		I6		I		6				M	0	0	4, 1, 0		0	4
371	371	0	0	4/4	1	1	I		D	I		I		I						M	0	0	0, 4, 1		0	0
374	374	0	0	4/4	1	1	V65/V		D	I		V65/V		V		65		V		Mm7	0	0	6, 3, 0, 2		2	6
374	374	1/2	1/2	4/4	1	1	V7		D	I		V7		V		7				Mm7	0	0	1, 5, 2, -1		1	1
375	375	0	0	4/4	1	1	I\\		D	I		I		I					\\	M	0	0	0, 4, 1		0	0
