mc	mn	mc_onset	mn_onset	timesig	staff	voice	label	offset_x	offset_y	offset	globalkey	localkey	pedal	chord	special	numeral	form	figbass	changes	relativeroot	cadence	phraseend	chord_type	globalkey_is_minor	localkey_is_minor	chord_tones	added_tones	root	bass_note	n_colored	n_untouched	count_ratio	dur_colored	dur_untouched	dur_ratio
1	1	0	0	12/8	4	1	c.V				c	i		V		V							M	1	1	1, 5, 2		1	1	0	28	0.0	0.0	7.0	0.0
1	1	3/4	3/4	12/8	4	1	V2				c	i		V2		V		2					Mm7	1	1	-1, 1, 5, 2		1	-1	1	2	0.3333333333333333	0.125	0.875	0.125
1	1	9/8	9/8	12/8	4	1	V43				c	i		V43		V		43					Mm7	1	1	2, -1, 1, 5		1	2	1	2	0.3333333333333333	0.125	0.25	0.3333333333333333
2	2	0	0	12/8	4	1	i6				c	i		i6		i		6					m	1	1	-3, 1, 0		0	-3	2	4	0.3333333333333333	0.25	1.875	0.11764705882352941
2	2	3/8	3/8	12/8	4	1	V43				c	i		V43		V		43					Mm7	1	1	2, -1, 1, 5		1	2	2	4	0.3333333333333333	0.25	0.5	0.3333333333333333
2	2	3/4	3/4	12/8	4	1	i6				c	i		i6		i		6					m	1	1	-3, 1, 0		0	-3	3	5	0.375	0.375	0.625	0.375
2	2	9/8	9/8	12/8	4	1	V43				c	i		V43		V		43					Mm7	1	1	2, -1, 1, 5		1	2	3	6	0.3333333333333333	0.375	0.75	0.3333333333333333
3	3	0	0	12/8	4	1	i				c	i		i		i							m	1	1	0, -3, 1		0	0	3	7	0.3	0.375	1.5	0.2
3	3	3/8	3/8	12/8	4	1	V65				c	i		V65		V		65					Mm7	1	1	5, 2, -1, 1		1	5	3	6	0.3333333333333333	0.375	0.75	0.3333333333333333
3	3	3/4	3/4	12/8	4	1	VI				c	i		VI		VI							M	1	1	-4, 0, -3		-4	-4	2	6	0.25	0.25	1.375	0.15384615384615385
3	3	9/8	9/8	12/8	4	1	V43/iv				c	i		V43/iv		V		43		iv			Mm7	1	1	1, -2, 0, 4		0	1	1	5	0.16666666666666666	0.125	0.625	0.16666666666666666
4	4	0	0	12/8	4	1	iv				c	i		iv		iv							m	1	1	-1, -4, 0		-1	-1	2	7	0.2222222222222222	0.25	1.0	0.2
4	4	3/8	3/8	12/8	4	1	V65/iv				c	i		V65/iv		V		65		iv			Mm7	1	1	4, 1, -2, 0		0	4	2	8	0.2	0.25	1.625	0.13333333333333333
4	4	3/4	3/4	12/8	4	1	V(64)/iv				c	i		V(64)/iv		V			64	iv			M	1	1	0, -1, -4		0	0	1	8	0.1111111111111111	0.125	1.0	0.1111111111111111
4	4	9/8	9/8	12/8	4	1	V7/iv				c	i		V7/iv		V		7		iv			Mm7	1	1	0, 4, 1, -2		0	0	1	9	0.1	0.125	1.375	0.08333333333333333
5	5	0	0	12/8	4	1	iv6				c	i		iv6		iv		6					m	1	1	-4, 0, -1		-1	-4	4	28	0.125	0.5	10.5	0.045454545454545456
7	7	0	0	12/8	4	1	viio7/VII				c	i		viio7/VII		vii	o	7		VII			o7	1	1	3, 0, -3, -6		3	3	4	47	0.0784313725490196	0.5	12.75	0.03773584905660377
9	9	0	0	12/8	4	1	III64				c	i		III64		III		64					M	1	1	-2, -3, 1		-3	-2	0	24	0.0	0.0	3.0	0.0
9	9	3/4	3/4	12/8	4	1	viio65/VII				c	i		viio65/VII		vii	o	65		VII			o7	1	1	0, -3, -6, 3		3	0	0	24	0.0	0.0	3.0	0.0
10	10	0	0	12/8	4	1	VII6				c	i		VII6		VII		6					M	1	1	2, -1, -2		-2	2	0	24	0.0	0.0	3.0	0.0
10	10	3/4	3/4	12/8	4	1	#viio43				c	i		#viio43		#vii	o	43					o7	1	1	-1, -4, 5, 2		5	-1	0	24	0.0	0.0	3.0	0.0
11	11	0	0	12/8	4	1	i6				c	i		i6		i		6					m	1	1	-3, 1, 0		0	-3	0	4	0.0	0.0	1.0	0.0
11	11	3/8	3/8	12/8	4	1	V43				c	i		V43		V		43					Mm7	1	1	2, -1, 1, 5		1	2	0	8	0.0	0.0	2.0	0.0
11	11	3/4	3/4	12/8	4	1	i				c	i		i		i							m	1	1	0, -3, 1		0	0	0	8	0.0	0.0	2.0	0.0
11	11	9/8	9/8	12/8	4	1	V2/iv				c	i		V2/iv		V		2		iv			Mm7	1	1	-2, 0, 4, 1		0	-2	0	9	0.0	0.0	2.25	0.0
12	12	0	0	12/8	4	1	iv6				c	i		iv6		iv		6					m	1	1	-4, 0, -1		-1	-4	0	9	0.0	0.0	2.25	0.0
12	12	3/8	3/8	12/8	4	1	V43/iv				c	i		V43/iv		V		43		iv			Mm7	1	1	1, -2, 0, 4		0	1	0	9	0.0	0.0	2.25	0.0
12	12	3/4	3/4	12/8	4	1	V65/iv				c	i		V65/iv		V		65		iv			Mm7	1	1	4, 1, -2, 0		0	4	0	9	0.0	0.0	2.25	0.0
12	12	9/8	9/8	12/8	4	1	iv				c	i		iv		iv							m	1	1	-1, -4, 0		-1	-1	0	8	0.0	0.0	2.0	0.0
13	13	0	0	12/8	4	1	V(64)				c	i		V(64)		V			64				M	1	1	1, 0, -3		1	1	0	12	0.0	0.0	3.0	0.0
13	13	3/4	3/4	12/8	4	1	V7				c	i		V7		V		7					Mm7	1	1	1, 5, 2, -1		1	1	0	10	0.0	0.0	2.5	0.0
14	14	0	0	12/8	4	1	i\\				c	i		i		i						\\	m	1	1	0, -3, 1		0	0	1	27	0.03571428571428571	0.125	5.875	0.020833333333333332
15	15	0	0	12/8	4	1	V43				c	i		V43		V		43					Mm7	1	1	2, -1, 1, 5		1	2	0	8	0.0	0.0	1.875	0.0
15	15	3/8	3/8	12/8	4	1	#viio6				c	i		#viio6		#vii	o	6					o	1	1	2, -1, 5		5	2	0	4	0.0	0.0	1.0	0.0
15	15	3/4	3/4	12/8	4	1	i6				c	i		i6		i		6					m	1	1	-3, 1, 0		0	-3	0	9	0.0	0.0	1.5	0.0
15	15	9/8	9/8	12/8	4	1	V43				c	i		V43		V		43					Mm7	1	1	2, -1, 1, 5		1	2	0	5	0.0	0.0	1.0	0.0
15	15	11/8	11/8	12/8	4	1	i				c	i		i		i							m	1	1	0, -3, 1		0	0	0	4	0.0	0.0	0.5	0.0
16	16	0	0	12/8	4	1	ii65(2)/III				c	i		ii65(2)/III		ii		65	2	III			mm7	1	1	-4, 0, -3, 1		-1	-4	0	11	0.0	0.0	3.625	0.0
16	16	5/8	5/8	12/8	4	1	ii65/III				c	i		ii65/III		ii		65		III			mm7	1	1	-4, 0, -3, -1		-1	-4	0	1	0.0	0.0	0.125	0.0
16	16	3/4	3/4	12/8	4	1	V2(11)/III				c	i		V2(11)/III		V		2	11	III			Mm7	1	1	-4, -2, 2, -1	-3	-2	-4	0	5	0.0	0.0	0.75	0.0
16	16	1	1	12/8	4	1	V2/III				c	i		V2/III		V		2		III			Mm7	1	1	-4, -2, 2, -1		-2	-4	0	3	0.0	0.0	0.375	0.0
16	16	9/8	9/8	12/8	4	1	V2(9)/III				c	i		V2(9)/III		V		2	9	III			Mm7	1	1	-4, -2, 2, -1	0	-2	-4	0	3	0.0	0.0	1.0	0.0
16	16	11/8	11/8	12/8	4	1	V2/III	0	-8	/	c	i		V2/III		V		2		III			Mm7	1	1	-4, -2, 2, -1		-2	-4	0	1	0.0	0.0	0.125	0.0
17	17	0	0	12/8	4	1	III6(9)				c	i		III6(9)		III		6	9				M	1	1	1, -2, -3	-1	-3	1	0	11	0.0	0.0	2.875	0.0
17	17	5/8	5/8	12/8	4	1	III6				c	i		III6		III		6					M	1	1	1, -2, -3		-3	1	0	1	0.0	0.0	0.125	0.0
17	17	3/4	3/4	12/8	4	1	ii%65				c	i		ii%65		ii	%	65					%7	1	1	-1, -4, 0, 2		2	-1	1	16	0.058823529411764705	0.25	2.75	0.08333333333333333
18	18	0	0	12/8	4	1	V(64)				c	i		V(64)		V			64				M	1	1	1, 0, -3		1	1	0	8	0.0	0.0	1.875	0.0
18	18	3/8	3/8	12/8	4	1	V7				c	i		V7		V		7					Mm7	1	1	1, 5, 2, -1		1	1	0	9	0.0	0.0	1.125	0.0
18	18	3/4	3/4	12/8	4	1	i				c	i		i		i							m	1	1	0, -3, 1		0	0	0	8	0.0	0.0	1.5	0.0
18	18	9/8	9/8	12/8	4	1	V(64)				c	i		V(64)		V			64				M	1	1	1, 0, -3		1	1	1	9	0.1	0.125	1.375	0.08333333333333333
19	19	0	0	12/8	4	1	V43				c	i		V43		V		43					Mm7	1	1	2, -1, 1, 5		1	2	0	8	0.0	0.0	1.5	0.0
19	19	3/8	3/8	12/8	4	1	V7				c	i		V7		V		7					Mm7	1	1	1, 5, 2, -1		1	1	0	9	0.0	0.0	1.375	0.0
19	19	3/4	3/4	12/8	4	1	i6				c	i		i6		i		6					m	1	1	-3, 1, 0		0	-3	0	9	0.0	0.0	1.5	0.0
19	19	9/8	9/8	12/8	4	1	V43				c	i		V43		V		43					Mm7	1	1	2, -1, 1, 5		1	2	0	6	0.0	0.0	1.0	0.0
19	19	11/8	11/8	12/8	4	1	i				c	i		i		i							m	1	1	0, -3, 1		0	0	0	4	0.0	0.0	0.5	0.0
20	20	0	0	12/8	4	1	III.ii65(2)				c	III		ii65(2)		ii		65	2				mm7	1	0	-4, 0, -3, 1		-1	-4	0	13	0.0	0.0	3.375	0.0
20	20	5/8	5/8	12/8	4	1	ii65				c	III		ii65		ii		65					mm7	1	0	-4, 0, -3, -1		-1	-4	0	3	0.0	0.0	0.375	0.0
20	20	3/4	3/4	12/8	4	1	V2(11)				c	III		V2(11)		V		2	11				Mm7	1	0	-4, -2, 2, -1	-3	-2	-4	0	5	0.0	0.0	0.75	0.0
20	20	1	1	12/8	4	1	V2				c	III		V2		V		2					Mm7	1	0	-4, -2, 2, -1		-2	-4	0	11	0.0	0.0	1.5	0.0
21	21	0	0	12/8	4	1	I6(9)				c	III		I6(9)		I		6	9				M	1	0	1, -2, -3	-1	-3	1	0	6	0.0	0.0	1.125	0.0
21	21	1/4	1/4	12/8	4	1	I6				c	III		I6		I		6					M	1	0	1, -2, -3		-3	1	0	3	0.0	0.0	0.375	0.0
21	21	3/8	3/8	12/8	4	1	I				c	III		I		I							M	1	0	-3, 1, -2		-3	-3	0	4	0.0	0.0	1.375	0.0
21	21	5/8	5/8	12/8	4	1	vi65				c	III		vi65		vi		65					mm7	1	0	-3, 1, -2, 0		0	-3	0	1	0.0	0.0	0.125	0.0
21	21	3/4	3/4	12/8	4	1	V65				c	III		V65		V		65					Mm7	1	0	2, -1, -4, -2		-2	2	0	8	0.0	0.0	1.5	0.0
21	21	9/8	9/8	12/8	4	1	V7				c	III		V7		V		7					Mm7	1	0	-2, 2, -1, -4		-2	-2	0	5	0.0	0.0	1.5	0.0
22	22	0	0	12/8	4	1	I				c	III		I		I							M	1	0	-3, 1, -2		-3	-3	0	5	0.0	0.0	1.0	0.0
22	22	3/8	3/8	12/8	4	1	I6(11)				c	III		I6(11)		I		6	11				M	1	0	1, -2, -3	-4	-3	1	0	4	0.0	0.0	1.125	0.0
22	22	5/8	5/8	12/8	4	1	I6				c	III		I6		I		6					M	1	0	1, -2, -3		-3	1	0	3	0.0	0.0	0.375	0.0
22	22	3/4	3/4	12/8	4	1	V2(13)				c	III		V2(13)		V		2	13				Mm7	1	0	-4, -2, 2, -1	1	-2	-4	0	4	0.0	0.0	1.5	0.0
22	22	1	1	12/8	4	1	V2				c	III		V2		V		2					Mm7	1	0	-4, -2, 2, -1		-2	-4	0	3	0.0	0.0	0.375	0.0
22	22	9/8	9/8	12/8	4	1	V2(11)				c	III		V2(11)		V		2	11				Mm7	1	0	-4, -2, 2, -1	-3	-2	-4	0	3	0.0	0.0	0.75	0.0
22	22	11/8	11/8	12/8	4	1	V2				c	III		V2		V		2					Mm7	1	0	-4, -2, 2, -1		-2	-4	0	3	0.0	0.0	0.375	0.0
23	23	0	0	12/8	4	1	I6(9)				c	III		I6(9)		I		6	9				M	1	0	1, -2, -3	-1	-3	1	0	4	0.0	0.0	1.125	0.0
23	23	1/4	1/4	12/8	4	1	I6				c	III		I6		I		6					M	1	0	1, -2, -3		-3	1	0	3	0.0	0.0	0.375	0.0
23	23	3/8	3/8	12/8	4	1	I				c	III		I		I							M	1	0	-3, 1, -2		-3	-3	0	4	0.0	0.0	1.125	0.0
23	23	5/8	5/8	12/8	4	1	vi65				c	III		vi65		vi		65					mm7	1	0	-3, 1, -2, 0		0	-3	0	3	0.0	0.0	0.375	0.0
23	23	3/4	3/4	12/8	4	1	V65				c	III		V65		V		65					Mm7	1	0	2, -1, -4, -2		-2	2	0	6	0.0	0.0	1.5	0.0
23	23	9/8	9/8	12/8	4	1	V7				c	III		V7		V		7					Mm7	1	0	-2, 2, -1, -4		-2	-2	0	7	0.0	0.0	1.5	0.0
24	24	0	0	12/8	4	1	I\\				c	III		I		I						\\	M	1	0	-3, 1, -2		-3	-3	0	4	0.0	0.0	0.875	0.0
24	24	3/8	3/8	12/8	4	1	I6				c	III		I6		I		6					M	1	0	1, -2, -3		-3	1	0	3	0.0	0.0	0.375	0.0
24	24	3/4	3/4	12/8	4	1	I				c	III		I		I							M	1	0	-3, 1, -2		-3	-3	0	4	0.0	0.0	2.25	0.0
24	24	9/8	9/8	12/8	4	1	I6				c	III		I6		I		6					M	1	0	1, -2, -3		-3	1	1	3	0.25	0.125	0.625	0.16666666666666666
25	25	0	0	12/8	4	1	IV(94)				c	III		IV(94)		IV			94				M	1	0	-4, 2, -3	-2	-4	-4	0	4	0.0	0.0	2.25	0.0
25	25	3/8	3/8	12/8	4	1	IV				c	III		IV		IV							M	1	0	-4, 0, -3		-4	-4	0	3	0.0	0.0	0.5	0.0
25	25	5/8	5/8	12/8	4	1	ii65				c	III		ii65		ii		65					mm7	1	0	-4, 0, -3, -1		-1	-4	0	1	0.0	0.0	0.125	0.0
25	25	3/4	3/4	12/8	4	1	ii				c	III		ii		ii							m	1	0	-1, -4, 0		-1	-1	0	4	0.0	0.0	2.25	0.0
25	25	9/8	9/8	12/8	4	1	ii6				c	III		ii6		ii		6					m	1	0	-4, 0, -1		-1	-4	1	3	0.25	0.125	0.625	0.16666666666666666
26	26	0	0	12/8	4	1	vi(64)				c	III		vi(64)		vi			64				m	1	0	0, -1, -4		0	0	0	4	0.0	0.0	1.875	0.0
26	26	3/8	3/8	12/8	4	1	vi				c	III		vi		vi							m	1	0	0, -3, 1		0	0	0	7	0.0	0.0	1.0	0.0
26	26	3/4	3/4	12/8	4	1	IV				c	III		IV		IV							M	1	0	-4, 0, -3		-4	-4	0	4	0.0	0.0	1.875	0.0
26	26	9/8	9/8	12/8	4	1	IV6				c	III		IV6		IV		6					M	1	0	0, -3, -4		-4	0	2	5	0.2857142857142857	0.25	0.875	0.2222222222222222
27	27	0	0	12/8	4	1	I(64)				c	III		I(64)		I			64				M	1	0	-3, -4, 0		-3	-3	0	4	0.0	0.0	1.875	0.0
27	27	3/8	3/8	12/8	4	1	I				c	III		I		I							M	1	0	-3, 1, -2		-3	-3	0	5	0.0	0.0	0.875	0.0
27	27	3/4	3/4	12/8	4	1	iv				c	III		iv		iv							m	1	0	-4, -7, -3		-4	-4	0	4	0.0	0.0	1.875	0.0
27	27	9/8	9/8	12/8	4	1	iv6				c	III		iv6		iv		6					m	1	0	-7, -3, -4		-4	-7	2	5	0.2857142857142857	0.25	0.875	0.2222222222222222
28	28	0	0	12/8	4	1	I(b64)				c	III		I(b64)		I			b64				M	1	0	-3, -4, -7		-3	-3	0	4	0.0	0.0	1.875	0.0
28	28	3/8	3/8	12/8	4	1	I				c	III		I		I							M	1	0	-3, 1, -2		-3	-3	0	5	0.0	0.0	0.625	0.0
28	28	3/4	3/4	12/8	4	1	#viio43/iii				c	III		#viio43/iii		#vii	o	43		iii			o7	1	0	0, -3, 6, 3		6	0	0	4	0.0	0.0	1.5	0.0
28	28	9/8	9/8	12/8	4	1	#viio65/iii				c	III		#viio65/iii		#vii	o	65		iii			o7	1	0	3, 0, -3, 6		6	3	2	10	0.16666666666666666	0.25	1.25	0.16666666666666666
29	29	0	0	12/8	4	1	I64				c	III		I64		I		64					M	1	0	-2, -3, 1		-3	-2	1	11	0.08333333333333333	0.125	1.375	0.08333333333333333
29	29	3/8	3/8	12/8	4	1	#viio65/iii				c	III		#viio65/iii		#vii	o	65		iii			o7	1	0	3, 0, -3, 6		6	3	1	5	0.16666666666666666	0.125	1.375	0.08333333333333333
29	29	3/4	3/4	12/8	4	1	V2				c	III		V2		V		2					Mm7	1	0	-4, -2, 2, -1		-2	-4	1	5	0.16666666666666666	0.125	1.375	0.08333333333333333
29	29	9/8	9/8	12/8	4	1	I6				c	III		I6		I		6					M	1	0	1, -2, -3		-3	1	1	5	0.16666666666666666	0.125	1.375	0.08333333333333333
30	30	0	0	12/8	4	1	i.#viio43/iv				c	i		#viio43/iv		#vii	o	43		iv			o7	1	1	-2, -5, 4, 1		4	-2	1	5	0.16666666666666666	0.125	1.375	0.08333333333333333
30	30	3/8	3/8	12/8	4	1	iv6				c	i		iv6		iv		6					m	1	1	-4, 0, -1		-1	-4	1	5	0.16666666666666666	0.125	1.375	0.08333333333333333
30	30	3/4	3/4	12/8	4	1	V64/iv				c	i		V64/iv		V		64		iv			M	1	1	1, 0, 4		0	1	1	5	0.16666666666666666	0.125	1.75	0.06666666666666667
30	30	9/8	9/8	12/8	4	1	iv				c	i		iv		iv							m	1	1	-1, -4, 0		-1	-1	1	4	0.2	0.125	1.0	0.1111111111111111
31	31	0	0	12/8	4	1	#viio43				c	i		#viio43		#vii	o	43					o7	1	1	-1, -4, 5, 2		5	-1	1	5	0.16666666666666666	0.125	1.375	0.08333333333333333
31	31	3/8	3/8	12/8	4	1	i6				c	i		i6		i		6					m	1	1	-3, 1, 0		0	-3	3	7	0.3	0.375	1.125	0.25
31	31	3/4	3/4	12/8	4	1	V43				c	i		V43		V		43					Mm7	1	1	2, -1, 1, 5		1	2	2	8	0.2	0.25	1.25	0.16666666666666666
31	31	9/8	9/8	12/8	4	1	i				c	i		i		i							m	1	1	0, -3, 1		0	0	3	7	0.3	0.375	1.125	0.25
32	32	0	0	12/8	4	1	#viio65/iv				c	i		#viio65/iv		#vii	o	65		iv			o7	1	1	1, -2, -5, 4		4	1	1	15	0.0625	0.125	5.375	0.022727272727272728
33	33	3/8	3/8	12/8	4	1	IV6				c	i		IV6		IV		6					M	1	1	3, 0, -1		-1	3	0	4	0.0	0.0	0.5	0.0
33	33	3/4	3/4	12/8	4	1	Ger6				c	i		Ger6	Ger	vii	o	65	b3	V			Ger	1	1	-4, 0, -3, 6		6	-4	1	5	0.16666666666666666	0.0	3.0	0.0
34	34	0	0	12/8	4	1	V(64)				c	i		V(64)		V			64				M	1	1	1, 0, -3		1	1	0	8	0.0	0.0	1.25	0.0
34	34	9/8	9/8	12/8	4	1	V7				c	i		V7		V		7					Mm7	1	1	1, 5, 2, -1		1	1	0	7	0.0	0.0	0.875	0.0
35	35	0	0	12/8	4	1	i\\				c	i		i		i						\\	m	1	1	0, -3, 1		0	0	2	10	0.16666666666666666	0.25	1.25	0.16666666666666666
35	35	3/4	3/4	12/8	4	1	V				c	i		V		V							M	1	1	1, 5, 2		1	1	1	3	0.25	0.125	1.0	0.1111111111111111
35	35	9/8	9/8	12/8	4	1	V43				c	i		V43		V		43					Mm7	1	1	2, -1, 1, 5		1	2	1	2	0.3333333333333333	0.125	0.25	0.3333333333333333
36	36	0	0	12/8	4	1	i				c	i		i		i							m	1	1	0, -3, 1		0	0	3	7	0.3	0.375	1.625	0.1875
36	36	3/4	3/4	12/8	4	1	V				c	i		V		V							M	1	1	1, 5, 2		1	1	2	5	0.2857142857142857	0.25	1.25	0.16666666666666666
36	36	9/8	9/8	12/8	4	1	V43				c	i		V43		V		43					Mm7	1	1	2, -1, 1, 5		1	2	2	4	0.3333333333333333	0.25	0.5	0.3333333333333333
37	37	0	0	12/8	4	1	i6				c	i		i6		i		6					m	1	1	-3, 1, 0		0	-3	4	9	0.3076923076923077	0.5	2.375	0.17391304347826086
37	37	3/4	3/4	12/8	4	1	#viio				c	i		#viio		#vii	o						o	1	1	5, 2, -1		5	5	3	6	0.3333333333333333	0.375	1.375	0.21428571428571427
37	37	9/8	9/8	12/8	4	1	#viio43				c	i		#viio43		#vii	o	43					o7	1	1	-1, -4, 5, 2		5	-1	3	6	0.3333333333333333	0.375	0.75	0.3333333333333333
38	38	0	0	12/8	4	1	i6				c	i		i6		i		6					m	1	1	-3, 1, 0		0	-3	2	6	0.25	0.25	1.25	0.16666666666666666
38	38	3/8	3/8	12/8	4	1	iv.V65				c	iv		V65		V		65					Mm7	1	1	4, 1, -2, 0		0	4	5	15	0.25	0.625	3.25	0.16129032258064516
39	39	0	0	12/8	4	1	i\\				c	iv		i		i						\\	m	1	1	-1, -4, 0		-1	-1	2	6	0.25	0.25	1.125	0.18181818181818182
39	39	3/4	3/4	12/8	4	1	V				c	iv		V		V							M	1	1	0, 4, 1		0	0	1	3	0.25	0.125	1.0	0.1111111111111111
39	39	9/8	9/8	12/8	4	1	V43				c	iv		V43		V		43					Mm7	1	1	1, -2, 0, 4		0	1	1	2	0.3333333333333333	0.125	0.25	0.3333333333333333
40	40	0	0	12/8	4	1	i				c	iv		i		i							m	1	1	-1, -4, 0		-1	-1	3	7	0.3	0.375	1.5	0.2
40	40	3/4	3/4	12/8	4	1	V				c	iv		V		V							M	1	1	0, 4, 1		0	0	2	5	0.2857142857142857	0.25	1.25	0.16666666666666666
40	40	9/8	9/8	12/8	4	1	V43				c	iv		V43		V		43					Mm7	1	1	1, -2, 0, 4		0	1	2	4	0.3333333333333333	0.25	0.5	0.3333333333333333
41	41	0	0	12/8	4	1	i				c	iv		i		i							m	1	1	-1, -4, 0		-1	-1	3	11	0.21428571428571427	0.375	2.0	0.15789473684210525
41	41	3/4	3/4	12/8	4	1	#vii%7				c	iv		#vii%7		#vii	%	7					%7	1	1	4, 1, -2, 2		4	4	3	7	0.3	0.375	1.5	0.2
41	41	9/8	9/8	12/8	4	1	#viio43				c	iv		#viio43		#vii	o	43					o7	1	1	-2, -5, 4, 1		4	-2	3	6	0.3333333333333333	0.375	0.75	0.3333333333333333
42	42	0	0	12/8	4	1	i6				c	iv		i6		i		6					m	1	1	-4, 0, -1		-1	-4	1	5	0.16666666666666666	0.125	1.375	0.08333333333333333
42	42	3/8	3/8	12/8	4	1	V43				c	iv		V43		V		43					Mm7	1	1	1, -2, 0, 4		0	1	1	5	0.16666666666666666	0.125	1.375	0.08333333333333333
42	42	3/4	3/4	12/8	4	1	i				c	iv		i		i							m	1	1	-1, -4, 0		-1	-1	0	4	0.0	0.0	1.375	0.0
42	42	9/8	9/8	12/8	4	1	v.iv6				c	v		iv6		iv		6					m	1	1	-3, 1, 0		0	-3	0	4	0.0	0.0	1.375	0.0
43	43	0	0	12/8	4	1	V7				c	v		V7		V		7					Mm7	1	1	2, 6, 3, 0		2	2	16	28	0.36363636363636365	2.0	4.0	0.3333333333333333
44	44	0	0	12/8	4	1	i				c	v		i		i							m	1	1	1, -2, 2		1	1	3	13	0.1875	0.375	2.625	0.125
44	44	3/4	3/4	12/8	4	1	i6				c	v		i6		i		6					m	1	1	-2, 2, 1		1	-2	2	14	0.125	0.25	2.75	0.08333333333333333
45	45	0	0	12/8	4	1	#viio65				c	v		#viio65		#vii	o	65					o7	1	1	3, 0, -3, 6		6	3	3	13	0.1875	0.375	2.625	0.125
45	45	3/4	3/4	12/8	4	1	V7(9)				c	v		V7(9)		V		7	9				Mm7	1	1	2, 6, 3, 0	-3	2	2	1	11	0.08333333333333333	0.125	2.375	0.05
45	45	11/8	11/8	12/8	4	1	V7				c	v		V7		V		7					Mm7	1	1	2, 6, 3, 0		2	2	0	4	0.0	0.0	0.5	0.0
46	46	0	0	12/8	4	1	i				c	v		i		i							m	1	1	1, -2, 2		1	1	3	13	0.1875	0.375	2.625	0.125
46	46	3/4	3/4	12/8	4	1	i6				c	v		i6		i		6					m	1	1	-2, 2, 1		1	-2	2	14	0.125	0.25	2.75	0.08333333333333333
47	47	0	0	12/8	4	1	#viio65				c	v		#viio65		#vii	o	65					o7	1	1	3, 0, -3, 6		6	3	3	13	0.1875	0.375	2.625	0.125
47	47	3/4	3/4	12/8	4	1	V7(9)				c	v		V7(9)		V		7	9				Mm7	1	1	2, 6, 3, 0	-3	2	2	1	11	0.08333333333333333	0.125	2.375	0.05
47	47	11/8	11/8	12/8	4	1	V7				c	v		V7		V		7					Mm7	1	1	2, 6, 3, 0		2	2	0	4	0.0	0.0	0.5	0.0
48	48	0	0	12/8	4	1	V2/iv				c	v		V2/iv		V		2		iv			Mm7	1	1	-1, 1, 5, 2		1	-1	0	20	0.0	0.0	3.75	0.0
48	48	3/4	3/4	12/8	4	1	iv6				c	v		iv6		iv		6					m	1	1	-3, 1, 0		0	-3	0	20	0.0	0.0	3.75	0.0
49	49	0	0	12/8	4	1	V65/iv				c	v		V65/iv		V		65		iv			Mm7	1	1	5, 2, -1, 1		1	5	0	20	0.0	0.0	3.75	0.0
49	49	3/4	3/4	12/8	4	1	iv				c	v		iv		iv							m	1	1	0, -3, 1		0	0	0	20	0.0	0.0	3.75	0.0
50	50	0	0	12/8	4	1	#viio65				c	v		#viio65		#vii	o	65					o7	1	1	3, 0, -3, 6		6	3	0	5	0.0	0.0	1.875	0.0
50	50	3/8	3/8	12/8	4	1	iv64				c	v		iv64		iv		64					m	1	1	1, 0, -3		0	1	0	5	0.0	0.0	1.875	0.0
50	50	3/4	3/4	12/8	4	1	#viio7				c	v		#viio7		#vii	o	7					o7	1	1	6, 3, 0, -3		6	6	2	9	0.18181818181818182	0.25	3.5	0.06666666666666667
51	51	0	0	12/8	4	1	#viio65				c	v		#viio65		#vii	o	65					o7	1	1	3, 0, -3, 6		6	3	0	5	0.0	0.0	1.875	0.0
51	51	3/8	3/8	12/8	4	1	iv64				c	v		iv64		iv		64					m	1	1	1, 0, -3		0	1	0	5	0.0	0.0	1.875	0.0
51	51	3/4	3/4	12/8	4	1	#viio7				c	v		#viio7		#vii	o	7					o7	1	1	6, 3, 0, -3		6	6	2	9	0.18181818181818182	0.25	3.5	0.06666666666666667
52	52	0	0	12/8	4	1	#viio65				c	v		#viio65		#vii	o	65					o7	1	1	3, 0, -3, 6		6	3	0	6	0.0	0.0	2.25	0.0
52	52	3/8	3/8	12/8	4	1	iv43				c	v		iv43		iv		43					mm7	1	1	1, -2, 0, -3		0	1	0	6	0.0	0.0	2.25	0.0
52	52	3/4	3/4	12/8	4	1	#viio7				c	v		#viio7		#vii	o	7					o7	1	1	6, 3, 0, -3		6	6	6	27	0.18181818181818182	0.75	10.5	0.06666666666666667
54	54	0	0	12/8	4	1	V7				c	v		V7		V		7					Mm7	1	1	2, 6, 3, 0		2	2	5	12	0.29411764705882354	0.625	4.625	0.11904761904761904
55	55	0	0	12/8	4	1	i6				c	v		i6		i		6					m	1	1	-2, 2, 1		1	-2	0	3	0.0	0.0	0.625	0.0
55	55	3/8	3/8	12/8	4	1	i				c	v		i		i							m	1	1	1, -2, 2		1	1	0	7	0.0	0.0	1.125	0.0
55	55	3/4	3/4	12/8	4	1	i6				c	v		i6		i		6					m	1	1	-2, 2, 1		1	-2	0	5	0.0	0.0	1.125	0.0
55	55	9/8	9/8	12/8	4	1	i				c	v		i		i							m	1	1	1, -2, 2		1	1	1	6	0.14285714285714285	0.125	1.0	0.1111111111111111
56	56	0	0	12/8	4	1	iv7				c	v		iv7		iv		7					mm7	1	1	0, -3, 1, -2		0	0	0	5	0.0	0.0	1.125	0.0
56	56	3/8	3/8	12/8	4	1	iv43				c	v		iv43		iv		43					mm7	1	1	1, -2, 0, -3		0	1	1	6	0.14285714285714285	0.125	1.0	0.1111111111111111
56	56	3/4	3/4	12/8	4	1	i64				c	v		i64		i		64					m	1	1	2, 1, -2		1	2	0	5	0.0	0.0	1.125	0.0
56	56	9/8	9/8	12/8	4	1	i				c	v		i		i							m	1	1	1, -2, 2		1	1	1	6	0.14285714285714285	0.125	1.0	0.1111111111111111
57	57	0	0	12/8	4	1	Ger6				c	v		Ger6	Ger	vii	o	65	b3	V			Ger	1	1	-3, 1, -2, 7		7	-3	1	4	0.2	0.125	1.0	0.1111111111111111
57	57	3/8	3/8	12/8	4	1	i				c	v		i		i							m	1	1	1, -2, 2		1	1	2	5	0.2857142857142857	0.25	0.875	0.2222222222222222
57	57	3/4	3/4	12/8	4	1	V65				c	v		V65		V		65					Mm7	1	1	6, 3, 0, 2		2	6	0	10	0.0	0.0	5.625	0.0
58	58	3/8	3/8	12/8	4	1	i				c	v		i		i							m	1	1	1, -2, 2		1	1	3	4	0.42857142857142855	0.375	1.125	0.25
58	58	3/4	3/4	12/8	4	1	V(64)				c	v		V(64)		V			64				M	1	1	2, 1, -2		2	2	0	4	0.0	0.0	1.875	0.0
58	58	9/8	9/8	12/8	4	1	V7				c	v		V7		V		7					Mm7	1	1	2, 6, 3, 0		2	2	0	3	0.0	0.0	1.125	0.0
59	59	0	0	12/8	4	1	i\\				c	v		i		i						\\	m	1	1	1, -2, 2		1	1	0	6	0.0	0.0	1.25	0.0
59	59	3/8	3/8	12/8	4	1	i64				c	v		i64		i		64					m	1	1	2, 1, -2		1	2	1	6	0.14285714285714285	0.125	1.0	0.1111111111111111
59	59	3/4	3/4	12/8	4	1	i6				c	v		i6		i		6					m	1	1	-2, 2, 1		1	-2	0	5	0.0	0.0	1.125	0.0
59	59	9/8	9/8	12/8	4	1	i				c	v		i		i							m	1	1	1, -2, 2		1	1	1	6	0.14285714285714285	0.125	1.0	0.1111111111111111
60	60	0	0	12/8	4	1	iv7				c	v		iv7		iv		7					mm7	1	1	0, -3, 1, -2		0	0	0	5	0.0	0.0	1.125	0.0
60	60	3/8	3/8	12/8	4	1	iv43				c	v		iv43		iv		43					mm7	1	1	1, -2, 0, -3		0	1	1	6	0.14285714285714285	0.125	1.0	0.1111111111111111
60	60	3/4	3/4	12/8	4	1	i64				c	v		i64		i		64					m	1	1	2, 1, -2		1	2	0	5	0.0	0.0	1.125	0.0
60	60	9/8	9/8	12/8	4	1	i				c	v		i		i							m	1	1	1, -2, 2		1	1	1	6	0.14285714285714285	0.125	1.0	0.1111111111111111
61	61	0	0	12/8	4	1	Ger6				c	v		Ger6	Ger	vii	o	65	b3	V			Ger	1	1	-3, 1, -2, 7		7	-3	1	4	0.2	0.125	1.0	0.1111111111111111
61	61	3/8	3/8	12/8	4	1	i				c	v		i		i							m	1	1	1, -2, 2		1	1	2	5	0.2857142857142857	0.25	0.875	0.2222222222222222
61	61	3/4	3/4	12/8	4	1	V65				c	v		V65		V		65					Mm7	1	1	6, 3, 0, 2		2	6	0	7	0.0	0.0	5.25	0.0
62	62	0	0	12/8	4	1	i				c	v		i		i							m	1	1	1, -2, 2		1	1	0	6	0.0	0.0	1.625	0.0
62	62	3/8	3/8	12/8	4	1	V				c	v		V		V							M	1	1	2, 6, 3		2	2	0	2	0.0	0.0	1.125	0.0
62	62	9/8	9/8	12/8	4	1	V65				c	v		V65		V		65					Mm7	1	1	6, 3, 0, 2		2	6	0	4	0.0	0.0	1.5	0.0
63	63	0	0	12/8	4	1	i				c	v		i		i							m	1	1	1, -2, 2		1	1	0	5	0.0	0.0	1.375	0.0
63	63	3/8	3/8	12/8	4	1	V				c	v		V		V							M	1	1	2, 6, 3		2	2	0	2	0.0	0.0	1.125	0.0
63	63	9/8	9/8	12/8	4	1	V65				c	v		V65		V		65					Mm7	1	1	6, 3, 0, 2		2	6	0	4	0.0	0.0	1.5	0.0
64	64	0	0	12/8	4	1	i\\				c	v		i		i						\\	m	1	1	1, -2, 2		1	1	0	5	0.0	0.0	1.875	0.0
64	64	3/8	3/8	12/8	4	1	V				c	v		V		V							M	1	1	2, 6, 3		2	2	0	3	0.0	0.0	1.125	0.0
65	65	0	0	12/8	4	1	III				c	v		III		III							M	1	1	-2, 2, -1		-2	-2	3	8	0.2727272727272727	1.125	3.75	0.23076923076923078
65	65	9/8	9/8	12/8	4	1	III6				c	v		III6		III		6					M	1	1	2, -1, -2		-2	2	0	3	0.0	0.0	1.125	0.0
66	66	0	0	12/8	4	1	V7/III				c	v		V7/III		V		7		III			Mm7	1	1	-1, 3, 0, -3		-1	-1	0	4	0.0	0.0	2.625	0.0
66	66	3/8	3/8	12/8	4	1	IV6/III				c	v		IV6/III		IV		6		III			M	1	1	1, -2, -3		-3	1	0	3	0.0	0.0	1.125	0.0
66	66	3/4	3/4	12/8	4	1	V65/III				c	v		V65/III		V		65		III			Mm7	1	1	3, 0, -3, -1		-1	3	0	3	0.0	0.0	1.5	0.0
66	66	9/8	9/8	12/8	4	1	V43/III				c	v		V43/III		V		43		III			Mm7	1	1	0, -3, -1, 3		-1	0	0	2	0.0	0.0	0.75	0.0
67	67	0	0	12/8	4	1	III				c	v		III		III							M	1	1	-2, 2, -1		-2	-2	0	7	0.0	0.0	3.125	0.0
67	67	3/4	3/4	12/8	4	1	IV/III				c	v		IV/III		IV				III			M	1	1	-3, 1, -2		-3	-3	0	3	0.0	0.0	1.5	0.0
67	67	9/8	9/8	12/8	4	1	ii6(112)/III				c	v		ii6(112)/III		ii		6	112	III			m	1	1	-3, 1, 2	-1	0	-3	0	3	0.0	0.0	0.875	0.0
67	67	11/8	11/8	12/8	4	1	ii6/III				c	v		ii6/III		ii		6		III			m	1	1	-3, 1, 0		0	-3	0	2	0.0	0.0	0.25	0.0
68	68	0	0	12/8	4	1	V(64)/III				c	v		V(64)/III		V			64	III			M	1	1	-1, -2, 2		-1	-1	0	4	0.0	0.0	3.0	0.0
68	68	3/4	3/4	12/8	4	1	V/III				c	v		V/III		V				III			M	1	1	-1, 3, 0		-1	-1	0	5	0.0	0.0	1.375	0.0
69	69	0	0	12/8	4	1	iv				c	v		iv		iv							m	1	1	0, -3, 1		0	0	2	11	0.15384615384615385	0.75	5.25	0.125
70	70	0	0	12/8	4	1	i				c	v		i		i							m	1	1	1, -2, 2		1	1	0	4	0.0	0.0	1.875	0.0
70	70	3/8	3/8	12/8	4	1	#viio64(+2)				c	v		#viio64(+2)		#vii	o	64	+2				o	1	1	0, 6, 3	1	6	0	0	3	0.0	0.0	1.125	0.0
70	70	3/4	3/4	12/8	4	1	i				c	v		i		i							m	1	1	1, -2, 2		1	1	0	4	0.0	0.0	2.625	0.0
70	70	9/8	9/8	12/8	4	1	i2				c	v		i2		i		2					mm7	1	1	-1, 1, -2, 2		1	-1	0	1	0.0	0.0	0.375	0.0
71	71	0	0	12/8	4	1	IV/III				c	v		IV/III		IV				III			M	1	1	-3, 1, -2		-3	-3	3	7	0.3	1.125	3.75	0.23076923076923078
71	71	9/8	9/8	12/8	4	1	viio43/III	0	-8	/	c	v		viio43/III		vii	o	43		III			o7	1	1	-3, -6, 3, 0		3	-3	0	3	0.0	0.0	1.125	0.0
72	72	0	0	12/8	4	1	III				c	v		III		III							M	1	1	-2, 2, -1		-2	-2	3	8	0.2727272727272727	1.125	3.375	0.25
72	72	9/8	9/8	12/8	4	1	viio43/III	0	-8	/	c	v		viio43/III		vii	o	43		III			o7	1	1	-3, -6, 3, 0		3	-3	0	4	0.0	0.0	1.5	0.0
73	73	0	0	12/8	4	1	III				c	v		III		III							M	1	1	-2, 2, -1		-2	-2	3	8	0.2727272727272727	1.125	3.375	0.25
73	73	9/8	9/8	12/8	4	1	#viio43	-1	-5	/	c	v		#viio43		#vii	o	43					o7	1	1	0, -3, 6, 3		6	0	0	4	0.0	0.0	1.5	0.0
74	74	0	0	12/8	4	1	V7				c	v		V7		V		7					Mm7	1	1	2, 6, 3, 0		2	2	0	8	0.0	0.0	4.5	0.0
74	74	9/8	9/8	12/8	4	1	#viio43	-1	-5	/	c	v		#viio43		#vii	o	43					o7	1	1	0, -3, 6, 3		6	0	0	4	0.0	0.0	1.5	0.0
75	75	0	0	12/8	4	1	V7				c	v		V7		V		7					Mm7	1	1	2, 6, 3, 0		2	2	0	8	0.0	0.0	4.5	0.0
75	75	9/8	9/8	12/8	4	1	#viio43	-1	-5	/	c	v		#viio43		#vii	o	43					o7	1	1	0, -3, 6, 3		6	0	0	4	0.0	0.0	1.5	0.0
76	76	0	0	12/8	4	1	V7				c	v		V7		V		7					Mm7	1	1	2, 6, 3, 0		2	2	6	11	0.35294117647058826	1.375	4.375	0.2391304347826087
76	76	9/8	9/8	12/8	4	1	V2				c	v		V2		V		2					Mm7	1	1	0, 2, 6, 3		2	0	1	5	0.16666666666666666	0.125	1.0	0.1111111111111111
77	77	0	0	12/8	4	1	V(64)				c	v		V(64)		V			64				M	1	1	2, 1, -2		2	2	0	6	0.0	0.0	1.5	0.0
77	77	3/8	3/8	12/8	4	1	i				c	v		i		i							m	1	1	1, -2, 2		1	1	1	7	0.125	0.125	1.375	0.08333333333333333
77	77	3/4	3/4	12/8	4	1	V7				c	v		V7		V		7					Mm7	1	1	2, 6, 3, 0		2	2	0	6	0.0	0.0	1.5	0.0
77	77	9/8	9/8	12/8	4	1	V43				c	v		V43		V		43					Mm7	1	1	3, 0, 2, 6		2	3	0	7	0.0	0.0	1.5	0.0
78	78	0	0	12/8	4	1	V(64)				c	v		V(64)		V			64				M	1	1	2, 1, -2		2	2	0	7	0.0	0.0	1.5	0.0
78	78	3/8	3/8	12/8	4	1	i6				c	v		i6		i		6					m	1	1	-2, 2, 1		1	-2	1	6	0.14285714285714285	0.25	1.25	0.16666666666666666
78	78	3/4	3/4	12/8	4	1	V2/iv				c	v		V2/iv		V		2		iv			Mm7	1	1	-1, 1, 5, 2		1	-1	0	14	0.0	0.0	3.0	0.0
79	79	0	0	12/8	4	1	iv6				c	v		iv6		iv		6					m	1	1	-3, 1, 0		0	-3	1	22	0.043478260869565216	0.125	4.75	0.02564102564102564
80	80	0	0	12/8	4	1	V(64)				c	v		V(64)		V			64				M	1	1	2, 1, -2		2	2	1	22	0.043478260869565216	0.125	4.75	0.02564102564102564
81	81	0	0	12/8	4	1	iv7				c	v		iv7		iv		7					mm7	1	1	0, -3, 1, -2		0	0	1	5	0.16666666666666666	0.125	1.0	0.1111111111111111
81	81	3/8	3/8	12/8	4	1	#viio43				c	v		#viio43		#vii	o	43					o7	1	1	0, -3, 6, 3		6	0	3	11	0.21428571428571427	0.375	2.0	0.15789473684210525
82	82	0	0	12/8	4	1	#viio64				c	v		#viio64		#vii	o	64					o	1	1	0, 6, 3		6	0	1	5	0.16666666666666666	0.125	1.0	0.1111111111111111
82	82	3/8	3/8	12/8	4	1	#viio43				c	v		#viio43		#vii	o	43					o7	1	1	0, -3, 6, 3		6	0	3	11	0.21428571428571427	0.375	2.0	0.15789473684210525
83	83	0	0	12/8	4	1	#viio7				c	v		#viio7		#vii	o	7					o7	1	1	6, 3, 0, -3		6	6	3	6	0.3333333333333333	0.375	0.75	0.3333333333333333
83	83	9/8	9/8	12/8	4	1	iio				c	v		iio		ii	o						o	1	1	3, 0, -3		3	3	8	16	0.3333333333333333	1.0	2.0	0.3333333333333333
85	85	9/8	9/8	12/8	4	1	V				c	v		V		V							M	1	1	2, 6, 3		2	2	1	2	0.3333333333333333	0.125	0.25	0.3333333333333333
86	86	0	0	12/8	4	1	i				c	v		i		i							m	1	1	1, -2, 2		1	1	3	5	0.375	0.375	1.875	0.16666666666666666
86	86	3/4	3/4	12/8	4	1	i64				c	v		i64		i		64					m	1	1	2, 1, -2		1	2	3	5	0.375	0.375	1.875	0.16666666666666666
87	87	0	0	12/8	4	1	i6				c	v		i6		i		6					m	1	1	-2, 2, 1		1	-2	3	5	0.375	0.375	1.875	0.16666666666666666
87	87	3/4	3/4	12/8	4	1	i				c	v		i		i							m	1	1	1, -2, 2		1	1	3	5	0.375	0.375	1.875	0.16666666666666666
88	88	0	0	12/8	4	1	i64				c	v		i64		i		64					m	1	1	2, 1, -2		1	2	3	5	0.375	0.375	1.875	0.16666666666666666
88	88	3/4	3/4	12/8	4	1	i6				c	v		i6		i		6					m	1	1	-2, 2, 1		1	-2	6	8	0.42857142857142855	0.75	1.5	0.3333333333333333
89	89	0	0	12/8	4	1	i				c	v		i		i							m	1	1	1, -2, 2		1	1	0	3	0.0	0.0	0.625	0.0
89	89	3/8	3/8	12/8	4	1	VI				c	v		VI		VI							M	1	1	-3, 1, -2		-3	-3	0	5	0.0	0.0	1.25	0.0
89	89	3/4	3/4	12/8	4	1	iio6				c	v		iio6		ii	o	6					o	1	1	0, -3, 3		3	0	0	5	0.0	0.0	1.25	0.0
89	89	9/8	9/8	12/8	4	1	V7				c	v		V7		V		7					Mm7	1	1	2, 6, 3, 0		2	2	0	5	0.0	0.0	1.25	0.0
90	90	0	0	12/8	4	1	i				c	v		i		i							m	1	1	1, -2, 2		1	1	9	10	0.47368421052631576	1.125	1.875	0.375
90	90	3/4	3/4	12/8	4	1	i6				c	v		i6		i		6					m	1	1	-2, 2, 1		1	-2	9	10	0.47368421052631576	1.125	1.875	0.375
91	91	0	0	12/8	4	1	i64				c	v		i64		i		64					m	1	1	2, 1, -2		1	2	9	10	0.47368421052631576	1.125	1.875	0.375
91	91	3/4	3/4	12/8	4	1	i				c	v		i		i							m	1	1	1, -2, 2		1	1	9	10	0.47368421052631576	1.125	1.875	0.375
92	92	0	0	12/8	4	1	i6				c	v		i6		i		6					m	1	1	-2, 2, 1		1	-2	13	18	0.41935483870967744	1.625	2.875	0.3611111111111111
92	92	9/8	9/8	12/8	4	1	iio				c	v		iio		ii	o						o	1	1	3, 0, -3		3	3	4	8	0.3333333333333333	0.5	1.0	0.3333333333333333
93	93	0	0	12/8	4	1	i6				c	v		i6		i		6					m	1	1	-2, 2, 1		1	-2	4	8	0.3333333333333333	0.5	1.0	0.3333333333333333
93	93	3/8	3/8	12/8	4	1	#viio				c	v		#viio		#vii	o						o	1	1	6, 3, 0		6	6	4	8	0.3333333333333333	0.5	1.0	0.3333333333333333
93	93	3/4	3/4	12/8	4	1	VI6				c	v		VI6		VI		6					M	1	1	1, -2, -3		-3	1	4	8	0.3333333333333333	0.5	1.0	0.3333333333333333
93	93	9/8	9/8	12/8	4	1	III6				c	v		III6		III		6					M	1	1	2, -1, -2		-2	2	4	8	0.3333333333333333	0.5	1.0	0.3333333333333333
94	94	0	0	12/8	4	1	iv6				c	v		iv6		iv		6					m	1	1	-3, 1, 0		0	-3	4	8	0.3333333333333333	0.5	1.0	0.3333333333333333
94	94	3/8	3/8	12/8	4	1	iio6				c	v		iio6		ii	o	6					o	1	1	0, -3, 3		3	0	4	8	0.3333333333333333	0.5	1.0	0.3333333333333333
94	94	3/4	3/4	12/8	4	1	III6				c	v		III6		III		6					M	1	1	2, -1, -2		-2	2	4	8	0.3333333333333333	0.5	1.0	0.3333333333333333
94	94	9/8	9/8	12/8	4	1	iv6				c	v		iv6		iv		6					m	1	1	-3, 1, 0		0	-3	4	8	0.3333333333333333	0.5	1.0	0.3333333333333333
95	95	0	0	12/8	4	1	#viio				c	v		#viio		#vii	o						o	1	1	6, 3, 0		6	6	4	8	0.3333333333333333	0.5	1.0	0.3333333333333333
95	95	3/8	3/8	12/8	4	1	i				c	v		i		i							m	1	1	1, -2, 2		1	1	4	8	0.3333333333333333	0.5	1.0	0.3333333333333333
95	95	3/4	3/4	12/8	4	1	iio				c	v		iio		ii	o						o	1	1	3, 0, -3		3	3	4	8	0.3333333333333333	0.5	1.0	0.3333333333333333
95	95	9/8	9/8	12/8	4	1	i6				c	v		i6		i		6					m	1	1	-2, 2, 1		1	-2	4	8	0.3333333333333333	0.5	1.0	0.3333333333333333
96	96	0	0	12/8	4	1	iv				c	v		iv		iv							m	1	1	0, -3, 1		0	0	9	15	0.375	1.125	1.875	0.375
96	96	3/4	3/4	12/8	4	1	iio				c	v		iio		ii	o						o	1	1	3, 0, -3		3	3	5	19	0.20833333333333334	0.625	2.375	0.20833333333333334
97	97	0	0	12/8	4	1	#viio65				c	v		#viio65		#vii	o	65					o7	1	1	3, 0, -3, 6		6	3	0	36	0.0	0.0	4.5	0.0
97	97	9/8	9/8	12/8	4	1	V				c	v		V		V							M	1	1	2, 6, 3		2	2	20	16	0.5555555555555556	2.5	2.0	0.5555555555555556
98	98	3/4	3/4	12/8	4	1	i				c	v		i		i							m	1	1	1, -2, 2		1	1	10	14	0.4166666666666667	1.25	1.75	0.4166666666666667
99	99	0	0	12/8	4	1	iv				c	v		iv		iv							m	1	1	0, -3, 1		0	0	0	8	0.0	0.0	2.0	0.0
99	99	3/4	3/4	12/8	4	1	V7				c	v		V7		V		7					Mm7	1	1	2, 6, 3, 0		2	2	0	9	0.0	0.0	2.25	0.0
100	100	0	0	12/8	4	1	i\\				c	v		i		i						\\	m	1	1	1, -2, 2		1	1	46	99	0.31724137931034485	5.75	35.125	0.14067278287461774
106	106	0	0	4/4	4	1	iv.V				c	iv		V		V							M	1	1	0, 4, 1		0	0	0	21	0.0	0.0	8.0	0.0
108	108	0	0	4/4	4	1	V(64)				c	iv		V(64)		V			64				M	1	1	0, -1, -4		0	0	1	12	0.07692307692307693	0.25	3.75	0.0625
109	109	0	0	4/4	4	1	V7				c	iv		V7		V		7					Mm7	1	1	0, 4, 1, -2		0	0	0	11	0.0	0.0	4.0	0.0
110	110	0	0	4/4	4	1	V(64)				c	iv		V(64)		V			64				M	1	1	0, -1, -4		0	0	1	11	0.08333333333333333	0.25	2.75	0.08333333333333333
111	111	0	0	4/4	4	1	V7				c	iv		V7		V		7					Mm7	1	1	0, 4, 1, -2		0	0	0	4	0.0	0.0	1.5	0.0
111	111	1/4	1/4	4/4	4	1	V43				c	iv		V43		V		43					Mm7	1	1	1, -2, 0, 4		0	1	0	3	0.0	0.0	0.5	0.0
111	111	1/2	1/2	4/4	4	1	V65				c	iv		V65		V		65					Mm7	1	1	4, 1, -2, 0		0	4	0	3	0.0	0.0	0.5	0.0
111	111	3/4	3/4	4/4	4	1	V43				c	iv		V43		V		43					Mm7	1	1	1, -2, 0, 4		0	1	0	3	0.0	0.0	0.5	0.0
112	112	0	0	4/4	4	1	i				c	iv		i		i							m	1	1	-1, -4, 0		-1	-1	1	6	0.14285714285714285	0.25	1.25	0.16666666666666666
112	112	1/2	1/2	4/4	4	1	i6				c	iv		i6		i		6					m	1	1	-4, 0, -1		-1	-4	0	7	0.0	0.0	1.5	0.0
113	113	0	0	4/4	4	1	V43				c	iv		V43		V		43					Mm7	1	1	1, -2, 0, 4		0	1	0	6	0.0	0.0	1.5	0.0
113	113	1/2	1/2	4/4	4	1	i				c	iv		i		i							m	1	1	-1, -4, 0		-1	-1	0	6	0.0	0.0	1.5	0.0
114	114	0	0	4/4	4	1	V6				c	iv		V6		V		6					M	1	1	4, 1, 0		0	4	0	6	0.0	0.0	1.5	0.0
114	114	1/2	1/2	4/4	4	1	i(4)				c	iv		i(4)		i			4				m	1	1	-1, -2, 0		-1	-1	0	4	0.0	0.0	1.0	0.0
114	114	3/4	3/4	4/4	4	1	i				c	iv		i		i							m	1	1	-1, -4, 0		-1	-1	0	3	0.0	0.0	0.5	0.0
115	115	0	0	4/4	4	1	V(64)				c	iv		V(64)		V			64				M	1	1	0, -1, -4		0	0	0	6	0.0	0.0	2.0	0.0
115	115	1/2	1/2	4/4	4	1	V				c	iv		V		V							M	1	1	0, 4, 1		0	0	0	5	0.0	0.0	0.75	0.0
116	116	0	0	4/4	4	1	V(64)				c	iv		V(64)		V			64				M	1	1	0, -1, -4		0	0	1	11	0.08333333333333333	0.25	2.75	0.08333333333333333
117	117	0	0	4/4	4	1	V7				c	iv		V7		V		7					Mm7	1	1	0, 4, 1, -2		0	0	0	4	0.0	0.0	1.5	0.0
117	117	1/4	1/4	4/4	4	1	V43				c	iv		V43		V		43					Mm7	1	1	1, -2, 0, 4		0	1	0	3	0.0	0.0	0.5	0.0
117	117	1/2	1/2	4/4	4	1	V65				c	iv		V65		V		65					Mm7	1	1	4, 1, -2, 0		0	4	0	3	0.0	0.0	0.5	0.0
117	117	3/4	3/4	4/4	4	1	V43				c	iv		V43		V		43					Mm7	1	1	1, -2, 0, 4		0	1	0	3	0.0	0.0	0.5	0.0
118	118	0	0	4/4	4	1	V(64)				c	iv		V(64)		V			64				M	1	1	0, -1, -4		0	0	1	11	0.08333333333333333	0.25	2.75	0.08333333333333333
119	119	0	0	4/4	4	1	V7				c	iv		V7		V		7					Mm7	1	1	0, 4, 1, -2		0	0	0	4	0.0	0.0	1.5	0.0
119	119	1/4	1/4	4/4	4	1	V43				c	iv		V43		V		43					Mm7	1	1	1, -2, 0, 4		0	1	0	3	0.0	0.0	0.5	0.0
119	119	1/2	1/2	4/4	4	1	V65				c	iv		V65		V		65					Mm7	1	1	4, 1, -2, 0		0	4	0	3	0.0	0.0	0.5	0.0
119	119	3/4	3/4	4/4	4	1	V7				c	iv		V7		V		7					Mm7	1	1	0, 4, 1, -2		0	0	0	3	0.0	0.0	0.5	0.0
120	120	0	0	12/8	4	1	i				c	iv		i		i							m	1	1	-1, -4, 0		-1	-1	2	17	0.10526315789473684	0.25	5.75	0.041666666666666664
121	121	0	0	12/8	4	1	vii%43(9)/VII				c	iv		vii%43(9)/VII		vii	%	43	9	VII			%7	1	1	-4, 0, 2, -1	-3	2	-4	0	4	0.0	0.0	2.125	0.0
121	121	3/8	3/8	12/8	4	1	vii%43/VII				c	iv		vii%43/VII		vii	%	43		VII			%7	1	1	-4, 0, 2, -1		2	-4	0	12	0.0	0.0	2.25	0.0
122	122	0	0	12/8	4	1	vii%65/VII				c	iv		vii%65/VII		vii	%	65		VII			%7	1	1	-1, -4, 0, 2		2	-1	2	16	0.1111111111111111	0.25	4.25	0.05555555555555555
123	123	0	0	12/8	4	1	vii%43(9)/VII				c	iv		vii%43(9)/VII		vii	%	43	9	VII			%7	1	1	-4, 0, 2, -1	-3	2	-4	0	4	0.0	0.0	2.125	0.0
123	123	3/8	3/8	12/8	4	1	vii%43/VII				c	iv		vii%43/VII		vii	%	43		VII			%7	1	1	-4, 0, 2, -1		2	-4	0	12	0.0	0.0	2.25	0.0
124	124	0	0	12/8	4	1	viio7/IV				c	iv		viio7/IV		vii	o	7		IV			o7	1	1	3, 0, -3, -6		3	3	2	36	0.05263157894736842	0.5	8.375	0.056338028169014086
126	126	0	0	12/8	4	1	V6				c	iv		V6		V		6					M	1	1	4, 1, 0		0	4	4	6	0.4	1.0	2.75	0.26666666666666666
126	126	3/8	3/8	12/8	4	1	V65				c	iv		V65		V		65					Mm7	1	1	4, 1, -2, 0		0	4	6	4	0.6	1.5	1.0	0.6
126	126	3/4	3/4	12/8	4	1	i.i6				c	i		i6		i		6					m	1	1	-3, 1, 0		0	-3	1	2	0.3333333333333333	0.125	0.25	0.3333333333333333
126	126	9/8	9/8	12/8	4	1	V43				c	i		V43		V		43					Mm7	1	1	2, -1, 1, 5		1	2	1	2	0.3333333333333333	0.125	0.25	0.3333333333333333
127	127	0	0	12/8	4	1	i6				c	i		i6		i		6					m	1	1	-3, 1, 0		0	-3	2	4	0.3333333333333333	0.25	0.625	0.2857142857142857
127	127	3/8	3/8	12/8	4	1	#viio6				c	i		#viio6		#vii	o	6					o	1	1	2, -1, 5		5	2	2	4	0.3333333333333333	0.25	0.5	0.3333333333333333
127	127	3/4	3/4	12/8	4	1	i6				c	i		i6		i		6					m	1	1	-3, 1, 0		0	-3	3	5	0.375	0.375	0.625	0.375
127	127	9/8	9/8	12/8	4	1	#viio6				c	i		#viio6		#vii	o	6					o	1	1	2, -1, 5		5	2	3	6	0.3333333333333333	0.375	0.75	0.3333333333333333
128	128	0	0	12/8	4	1	i				c	i		i		i							m	1	1	0, -3, 1		0	0	3	7	0.3	0.375	1.125	0.25
128	128	3/8	3/8	12/8	4	1	V65				c	i		V65		V		65					Mm7	1	1	5, 2, -1, 1		1	5	3	8	0.2727272727272727	0.375	1.125	0.25
128	128	3/4	3/4	12/8	4	1	i				c	i		i		i							m	1	1	0, -3, 1		0	0	0	6	0.0	0.0	1.5	0.0
128	128	9/8	9/8	12/8	4	1	V(64)				c	i		V(64)		V			64				M	1	1	1, 0, -3		1	1	1	5	0.16666666666666666	0.125	1.0	0.1111111111111111
128	128	11/8	11/8	12/8	4	1	i				c	i		i		i							m	1	1	0, -3, 1		0	0	0	3	0.0	0.0	0.375	0.0
129	129	0	0	12/8	4	1	V43				c	i		V43		V		43					Mm7	1	1	2, -1, 1, 5		1	2	0	6	0.0	0.0	1.5	0.0
129	129	3/8	3/8	12/8	4	1	V7				c	i		V7		V		7					Mm7	1	1	1, 5, 2, -1		1	1	0	5	0.0	0.0	1.0	0.0
129	129	5/8	5/8	12/8	4	1	#viio6				c	i		#viio6		#vii	o	6					o	1	1	2, -1, 5		5	2	0	3	0.0	0.0	0.375	0.0
129	129	3/4	3/4	12/8	4	1	i6				c	i		i6		i		6					m	1	1	-3, 1, 0		0	-3	0	7	0.0	0.0	1.5	0.0
129	129	9/8	9/8	12/8	4	1	V43				c	i		V43		V		43					Mm7	1	1	2, -1, 1, 5		1	2	0	5	0.0	0.0	1.0	0.0
129	129	11/8	11/8	12/8	4	1	i				c	i		i		i							m	1	1	0, -3, 1		0	0	0	4	0.0	0.0	0.5	0.0
130	130	0	0	12/8	4	1	ii65(2)/III				c	i		ii65(2)/III		ii		65	2	III			mm7	1	1	-4, 0, -3, 1		-1	-4	0	13	0.0	0.0	3.375	0.0
130	130	5/8	5/8	12/8	4	1	ii65/III				c	i		ii65/III		ii		65		III			mm7	1	1	-4, 0, -3, -1		-1	-4	0	3	0.0	0.0	0.375	0.0
130	130	3/4	3/4	12/8	4	1	V2(11)/III				c	i		V2(11)/III		V		2	11	III			Mm7	1	1	-4, -2, 2, -1	-3	-2	-4	0	4	0.0	0.0	0.875	0.0
130	130	1	1	12/8	4	1	V2/III				c	i		V2/III		V		2		III			Mm7	1	1	-4, -2, 2, -1		-2	-4	0	2	0.0	0.0	0.25	0.0
130	130	9/8	9/8	12/8	4	1	V2(9)/III				c	i		V2(9)/III		V		2	9	III			Mm7	1	1	-4, -2, 2, -1	0	-2	-4	0	4	0.0	0.0	0.875	0.0
130	130	11/8	11/8	12/8	4	1	V2/III	0	-8	/	c	i		V2/III		V		2		III			Mm7	1	1	-4, -2, 2, -1		-2	-4	0	2	0.0	0.0	0.25	0.0
131	131	0	0	12/8	4	1	III6(9)				c	i		III6(9)		III		6	9				M	1	1	1, -2, -3	-1	-3	1	0	10	0.0	0.0	2.75	0.0
131	131	5/8	5/8	12/8	4	1	III6				c	i		III6		III		6					M	1	1	1, -2, -3		-3	1	0	2	0.0	0.0	0.25	0.0
131	131	3/4	3/4	12/8	4	1	ii%65				c	i		ii%65		ii	%	65					%7	1	1	-1, -4, 0, 2		2	-1	1	16	0.058823529411764705	0.25	2.75	0.08333333333333333
132	132	0	0	12/8	4	1	V(64)				c	i		V(64)		V			64				M	1	1	1, 0, -3		1	1	0	8	0.0	0.0	1.875	0.0
132	132	3/8	3/8	12/8	4	1	V7				c	i		V7		V		7					Mm7	1	1	1, 5, 2, -1		1	1	0	9	0.0	0.0	1.125	0.0
132	132	3/4	3/4	12/8	4	1	i				c	i		i		i							m	1	1	0, -3, 1		0	0	1	13	0.07142857142857142	0.125	2.875	0.041666666666666664
133	133	0	0	12/8	4	1	V43				c	i		V43		V		43					Mm7	1	1	2, -1, 1, 5		1	2	0	6	0.0	0.0	1.5	0.0
133	133	3/8	3/8	12/8	4	1	V7				c	i		V7		V		7					Mm7	1	1	1, 5, 2, -1		1	1	0	7	0.0	0.0	1.375	0.0
133	133	3/4	3/4	12/8	4	1	i6				c	i		i6		i		6					m	1	1	-3, 1, 0		0	-3	0	7	0.0	0.0	1.5	0.0
133	133	9/8	9/8	12/8	4	1	V43				c	i		V43		V		43					Mm7	1	1	2, -1, 1, 5		1	2	0	4	0.0	0.0	1.125	0.0
133	133	11/8	11/8	12/8	4	1	i				c	i		i		i							m	1	1	0, -3, 1		0	0	0	3	0.0	0.0	0.375	0.0
134	134	0	0	12/8	4	1	III.ii65(2)				c	III		ii65(2)		ii		65	2				mm7	1	0	-4, 0, -3, 1		-1	-4	0	13	0.0	0.0	3.375	0.0
134	134	5/8	5/8	12/8	4	1	ii65				c	III		ii65		ii		65					mm7	1	0	-4, 0, -3, -1		-1	-4	0	3	0.0	0.0	0.375	0.0
134	134	3/4	3/4	12/8	4	1	V2(11)				c	III		V2(11)		V		2	11				Mm7	1	0	-4, -2, 2, -1	-3	-2	-4	0	4	0.0	0.0	0.875	0.0
134	134	1	1	12/8	4	1	V2				c	III		V2		V		2					Mm7	1	0	-4, -2, 2, -1		-2	-4	0	8	0.0	0.0	1.375	0.0
135	135	0	0	12/8	4	1	I6(9)				c	III		I6(9)		I		6	9				M	1	0	1, -2, -3	-1	-3	1	0	5	0.0	0.0	1.25	0.0
135	135	1/4	1/4	12/8	4	1	I6				c	III		I6		I		6					M	1	0	1, -2, -3		-3	1	0	2	0.0	0.0	0.25	0.0
135	135	3/8	3/8	12/8	4	1	I				c	III		I		I							M	1	0	-3, 1, -2		-3	-3	0	5	0.0	0.0	1.25	0.0
135	135	5/8	5/8	12/8	4	1	vi65				c	III		vi65		vi		65					mm7	1	0	-3, 1, -2, 0		0	-3	0	2	0.0	0.0	0.25	0.0
135	135	3/4	3/4	12/8	4	1	V65				c	III		V65		V		65					Mm7	1	0	2, -1, -4, -2		-2	2	0	6	0.0	0.0	1.5	0.0
135	135	9/8	9/8	12/8	4	1	V7				c	III		V7		V		7					Mm7	1	0	-2, 2, -1, -4		-2	-2	0	7	0.0	0.0	1.5	0.0
136	136	0	0	12/8	4	1	I\\				c	III		I		I						\\	M	1	0	-3, 1, -2		-3	-3	0	4	0.0	0.0	0.875	0.0
136	136	3/8	3/8	12/8	4	1	I6				c	III		I6		I		6					M	1	0	1, -2, -3		-3	1	0	3	0.0	0.0	0.375	0.0
136	136	3/4	3/4	12/8	4	1	I				c	III		I		I							M	1	0	-3, 1, -2		-3	-3	0	4	0.0	0.0	2.25	0.0
136	136	9/8	9/8	12/8	4	1	I6				c	III		I6		I		6					M	1	0	1, -2, -3		-3	1	1	3	0.25	0.125	0.625	0.16666666666666666
137	137	0	0	12/8	4	1	IV(94)				c	III		IV(94)		IV			94				M	1	0	-4, 2, -3	-2	-4	-4	0	4	0.0	0.0	2.25	0.0
137	137	3/8	3/8	12/8	4	1	IV				c	III		IV		IV							M	1	0	-4, 0, -3		-4	-4	0	3	0.0	0.0	0.5	0.0
137	137	5/8	5/8	12/8	4	1	ii65				c	III		ii65		ii		65					mm7	1	0	-4, 0, -3, -1		-1	-4	0	1	0.0	0.0	0.125	0.0
137	137	3/4	3/4	12/8	4	1	ii				c	III		ii		ii							m	1	0	-1, -4, 0		-1	-1	0	4	0.0	0.0	2.25	0.0
137	137	9/8	9/8	12/8	4	1	ii6				c	III		ii6		ii		6					m	1	0	-4, 0, -1		-1	-4	1	3	0.25	0.125	0.625	0.16666666666666666
138	138	0	0	12/8	4	1	vi(64)				c	III		vi(64)		vi			64				m	1	0	0, -1, -4		0	0	0	4	0.0	0.0	1.875	0.0
138	138	3/8	3/8	12/8	4	1	vi				c	III		vi		vi							m	1	0	0, -3, 1		0	0	0	7	0.0	0.0	1.0	0.0
138	138	3/4	3/4	12/8	4	1	IV				c	III		IV		IV							M	1	0	-4, 0, -3		-4	-4	0	4	0.0	0.0	1.875	0.0
138	138	9/8	9/8	12/8	4	1	IV6				c	III		IV6		IV		6					M	1	0	0, -3, -4		-4	0	2	5	0.2857142857142857	0.25	0.875	0.2222222222222222
139	139	0	0	12/8	4	1	I(64)				c	III		I(64)		I			64				M	1	0	-3, -4, 0		-3	-3	0	4	0.0	0.0	1.875	0.0
139	139	3/8	3/8	12/8	4	1	I				c	III		I		I							M	1	0	-3, 1, -2		-3	-3	0	5	0.0	0.0	1.0	0.0
139	139	3/4	3/4	12/8	4	1	iv				c	III		iv		iv							m	1	0	-4, -7, -3		-4	-4	0	4	0.0	0.0	1.875	0.0
139	139	9/8	9/8	12/8	4	1	iv6				c	III		iv6		iv		6					m	1	0	-7, -3, -4		-4	-7	2	5	0.2857142857142857	0.25	0.875	0.2222222222222222
140	140	0	0	12/8	4	1	I(b64)				c	III		I(b64)		I			b64				M	1	0	-3, -4, -7		-3	-3	0	4	0.0	0.0	1.875	0.0
140	140	3/8	3/8	12/8	4	1	I				c	III		I		I							M	1	0	-3, 1, -2		-3	-3	0	5	0.0	0.0	0.875	0.0
140	140	3/4	3/4	12/8	4	1	#viio43/iii				c	III		#viio43/iii		#vii	o	43		iii			o7	1	0	0, -3, 6, 3		6	0	0	4	0.0	0.0	1.5	0.0
140	140	9/8	9/8	12/8	4	1	#viio65/iii				c	III		#viio65/iii		#vii	o	65		iii			o7	1	0	3, 0, -3, 6		6	3	2	10	0.16666666666666666	0.25	1.25	0.16666666666666666
141	141	0	0	12/8	4	1	I64				c	III		I64		I		64					M	1	0	-2, -3, 1		-3	-2	1	7	0.125	0.125	1.75	0.06666666666666667
141	141	3/8	3/8	12/8	4	1	viio7/V				c	III		viio7/V		vii	o	7		V			o7	1	0	3, 0, -3, -6		3	3	1	4	0.2	0.125	1.0	0.1111111111111111
141	141	3/4	3/4	12/8	4	1	V2				c	III		V2		V		2					Mm7	1	0	-4, -2, 2, -1		-2	-4	1	5	0.16666666666666666	0.125	1.375	0.08333333333333333
141	141	9/8	9/8	12/8	4	1	I6				c	III		I6		I		6					M	1	0	1, -2, -3		-3	1	1	5	0.16666666666666666	0.125	1.375	0.08333333333333333
142	142	0	0	12/8	4	1	i.#viio43/iv				c	i		#viio43/iv		#vii	o	43		iv			o7	1	1	-2, -5, 4, 1		4	-2	2	6	0.25	0.25	1.25	0.16666666666666666
142	142	3/8	3/8	12/8	4	1	iv6				c	i		iv6		iv		6					m	1	1	-4, 0, -1		-1	-4	2	6	0.25	0.25	1.25	0.16666666666666666
142	142	3/4	3/4	12/8	4	1	V65/iv				c	i		V65/iv		V		65		iv			Mm7	1	1	4, 1, -2, 0		0	4	1	5	0.16666666666666666	0.125	1.25	0.09090909090909091
142	142	9/8	9/8	12/8	4	1	iv				c	i		iv		iv							m	1	1	-1, -4, 0		-1	-1	1	5	0.16666666666666666	0.125	1.25	0.09090909090909091
143	143	0	0	12/8	4	1	#viio43				c	i		#viio43		#vii	o	43					o7	1	1	-1, -4, 5, 2		5	-1	0	16	0.0	0.0	7.0	0.0
144	144	3/8	3/8	12/8	4	1	i6				c	i		i6		i		6					m	1	1	-3, 1, 0		0	-3	0	4	0.0	0.0	1.5	0.0
144	144	3/4	3/4	12/8	4	1	viio43/IV				c	i		viio43/IV		vii	o	43		IV			o7	1	1	-2, -5, 4, 1		4	-2	0	24	0.0	0.0	12.0	0.0
146	146	3/4	3/4	12/8	4	1	IV6				c	i		IV6		IV		6					M	1	1	3, 0, -1		-1	3	0	4	0.0	0.0	3.0	0.0
147	147	0	0	12/8	4	1	Ger6				c	i		Ger6	Ger	vii	o	65	b3	V			Ger	1	1	-4, 0, -3, 6		6	-4	4	18	0.18181818181818182	0.5	7.75	0.06060606060606061
149	149	0	0	12/8	4	1	i6				c	i		i6		i		6					m	1	1	-3, 1, 0		0	-3	1	5	0.16666666666666666	0.125	2.5	0.047619047619047616
149	149	3/4	3/4	12/8	4	1	V43				c	i		V43		V		43					Mm7	1	1	2, -1, 1, 5		1	2	1	6	0.14285714285714285	0.125	2.25	0.05263157894736842
150	150	0	0	12/8	4	1	i				c	i		i		i							m	1	1	0, -3, 1		0	0	1	5	0.16666666666666666	0.125	2.0	0.058823529411764705
150	150	3/4	3/4	12/8	4	1	V7/VI				c	i		V7/VI		V		7		VI			Mm7	1	1	-3, 1, -2, -5		-3	-3	1	5	0.16666666666666666	0.125	2.0	0.058823529411764705
151	151	0	0	12/8	4	1	VI				c	i		VI		VI							M	1	1	-4, 0, -3		-4	-4	2	4	0.3333333333333333	0.25	2.625	0.08695652173913043
151	151	3/4	3/4	12/8	4	1	V6/iv				c	i		V6/iv		V		6		iv			M	1	1	4, 1, 0		0	4	0	2	0.0	0.0	1.0	0.0
151	151	9/8	9/8	12/8	4	1	V65/iv				c	i		V65/iv		V		65		iv			Mm7	1	1	4, 1, -2, 0		0	4	1	2	0.3333333333333333	0.125	0.25	0.3333333333333333
152	152	0	0	12/8	4	1	iv				c	i		iv		iv							m	1	1	-1, -4, 0		-1	-1	1	5	0.16666666666666666	0.125	2.75	0.043478260869565216
152	152	3/4	3/4	12/8	4	1	V6/iv				c	i		V6/iv		V		6		iv			M	1	1	4, 1, 0		0	4	0	2	0.0	0.0	1.0	0.0
152	152	9/8	9/8	12/8	4	1	V65/iv				c	i		V65/iv		V		65		iv			Mm7	1	1	4, 1, -2, 0		0	4	1	2	0.3333333333333333	0.125	0.25	0.3333333333333333
153	153	0	0	12/8	4	1	iv				c	i		iv		iv							m	1	1	-1, -4, 0		-1	-1	0	3	0.0	0.0	1.375	0.0
153	153	3/8	3/8	12/8	4	1	iv7				c	i		iv7		iv		7					mm7	1	1	-1, -4, 0, -3		-1	-1	2	3	0.4	0.25	0.5	0.3333333333333333
153	153	3/4	3/4	12/8	4	1	ii%65				c	i		ii%65		ii	%	65					%7	1	1	-1, -4, 0, 2		2	-1	0	3	0.0	0.0	1.375	0.0
153	153	9/8	9/8	12/8	4	1	ii%2				c	i		ii%2		ii	%	2					%7	1	1	0, 2, -1, -4		2	0	1	3	0.25	0.125	0.625	0.16666666666666666
154	154	0	0	12/8	4	1	V64/iv				c	i		V64/iv		V		64		iv			M	1	1	1, 0, 4		0	1	0	2	0.0	0.0	1.0	0.0
154	154	3/8	3/8	12/8	4	1	#viio6(2)/iv				c	i		#viio6(2)/iv		#vii	o	6	2	iv			o	1	1	1, -2, -1		4	1	1	2	0.3333333333333333	0.125	0.375	0.25
154	154	5/8	5/8	12/8	4	1	#viio6/iv				c	i		#viio6/iv		#vii	o	6		iv			o	1	1	1, -2, 4		4	1	0	2	0.0	0.0	0.25	0.0
154	154	3/4	3/4	12/8	4	1	V64/iv				c	i		V64/iv		V		64		iv			M	1	1	1, 0, 4		0	1	0	3	0.0	0.0	1.375	0.0
154	154	9/8	9/8	12/8	4	1	V7/iv				c	i		V7/iv		V		7		iv			Mm7	1	1	0, 4, 1, -2		0	0	1	3	0.25	0.125	0.625	0.16666666666666666
155	155	0	0	12/8	4	1	iv6				c	i		iv6		iv		6					m	1	1	-4, 0, -1		-1	-4	0	2	0.0	0.0	0.625	0.0
155	155	3/8	3/8	12/8	4	1	i				c	i		i		i							m	1	1	0, -3, 1		0	0	1	3	0.25	0.125	0.75	0.14285714285714285
155	155	5/8	5/8	12/8	4	1	iv64				c	i		iv64		iv		64					m	1	1	0, -1, -4		-1	0	0	2	0.0	0.0	0.25	0.0
155	155	3/4	3/4	12/8	4	1	#vio				c	i		#vio		#vi	o						o	1	1	3, 0, -3		3	3	0	2	0.0	0.0	0.625	0.0
155	155	9/8	9/8	12/8	4	1	i				c	i		i		i							m	1	1	0, -3, 1		0	0	2	4	0.3333333333333333	0.25	0.875	0.2222222222222222
155	155	11/8	11/8	12/8	4	1	viio43/V	0	-8	/	c	i		viio43/V		vii	o	43		V			o7	1	1	0, -3, 6, 3		6	0	0	3	0.0	0.0	0.375	0.0
156	156	0	0	12/8	4	1	V65				c	i		V65		V		65					Mm7	1	1	5, 2, -1, 1		1	5	4	12	0.25	0.5	7.0	0.06666666666666667
157	157	0	0	12/8	4	1	i				c	i		i		i							m	1	1	0, -3, 1		0	0	3	13	0.1875	0.375	2.625	0.125
157	157	3/4	3/4	12/8	4	1	i6				c	i		i6		i		6					m	1	1	-3, 1, 0		0	-3	2	14	0.125	0.25	2.75	0.08333333333333333
158	158	0	0	12/8	4	1	#viio65				c	i		#viio65		#vii	o	65					o7	1	1	2, -1, -4, 5		5	2	3	13	0.1875	0.375	2.625	0.125
158	158	3/4	3/4	12/8	4	1	V7(9)				c	i		V7(9)		V		7	9				Mm7	1	1	1, 5, 2, -1	-4	1	1	1	11	0.08333333333333333	0.125	2.375	0.05
158	158	11/8	11/8	12/8	4	1	V7				c	i		V7		V		7					Mm7	1	1	1, 5, 2, -1		1	1	0	4	0.0	0.0	0.5	0.0
159	159	0	0	12/8	4	1	i[i				c	i	i	i		i							m	1	1	0, -3, 1		0	0	6	26	0.1875	0.75	5.25	0.125
160	160	0	0	12/8	4	1	#viio2				c	i	i	#viio2		#vii	o	2					o7	1	1	-4, 5, 2, -1		5	-4	7	9	0.4375	1.125	1.875	0.375
160	160	3/4	3/4	12/8	4	1	#viio7				c	i	i	#viio7		#vii	o	7					o7	1	1	5, 2, -1, -4		5	5	6	10	0.375	1.0	2.0	0.3333333333333333
161	161	0	0	12/8	4	1	i]				c	i	i	i		i							m	1	1	0, -3, 1		0	0	2	14	0.125	0.25	2.75	0.08333333333333333
161	161	3/4	3/4	12/8	4	1	i6				c	i		i6		i		6					m	1	1	-3, 1, 0		0	-3	0	4	0.0	0.0	1.5	0.0
161	161	9/8	9/8	12/8	4	1	V6/iv				c	i		V6/iv		V		6		iv			M	1	1	4, 1, 0		0	4	1	11	0.08333333333333333	0.125	1.375	0.08333333333333333
162	162	0	0	12/8	4	1	iv				c	i		iv		iv							m	1	1	-1, -4, 0		-1	-1	0	4	0.0	0.0	1.5	0.0
162	162	3/8	3/8	12/8	4	1	iv6				c	i		iv6		iv		6					m	1	1	-4, 0, -1		-1	-4	0	3	0.0	0.0	0.375	0.0
162	162	1/2	1/2	12/8	4	1	iio6/iv				c	i		iio6/iv		ii	o	6		iv			o	1	1	-2, -5, 1		1	-2	0	3	0.0	0.0	0.375	0.0
162	162	5/8	5/8	12/8	4	1	iv6				c	i		iv6		iv		6					m	1	1	-4, 0, -1		-1	-4	0	3	0.0	0.0	0.375	0.0
162	162	3/4	3/4	12/8	4	1	#viio6/iv				c	i		#viio6/iv		#vii	o	6		iv			o	1	1	1, -2, 4		4	1	0	3	0.0	0.0	1.125	0.0
162	162	9/8	9/8	12/8	4	1	#viio7/iv				c	i		#viio7/iv		#vii	o	7		iv			o7	1	1	4, 1, -2, -5		4	4	2	5	0.2857142857142857	0.25	0.875	0.2222222222222222
163	163	0	0	12/8	4	1	iv				c	i		iv		iv							m	1	1	-1, -4, 0		-1	-1	2	9	0.18181818181818182	0.25	2.375	0.09523809523809523
163	163	3/4	3/4	12/8	4	1	V/iv				c	i		V/iv		V				iv			M	1	1	0, 4, 1		0	0	0	4	0.0	0.0	1.5	0.0
163	163	9/8	9/8	12/8	4	1	V7/iv				c	i		V7/iv		V		7		iv			Mm7	1	1	0, 4, 1, -2		0	0	1	7	0.125	0.125	1.375	0.08333333333333333
164	164	0	0	12/8	4	1	iv				c	i		iv		iv							m	1	1	-1, -4, 0		-1	-1	0	4	0.0	0.0	1.5	0.0
164	164	3/8	3/8	12/8	4	1	V2/iv				c	i		V2/iv		V		2		iv			Mm7	1	1	-2, 0, 4, 1		0	-2	2	8	0.2	0.25	1.25	0.16666666666666666
164	164	3/4	3/4	12/8	4	1	iv6				c	i		iv6		iv		6					m	1	1	-4, 0, -1		-1	-4	1	5	0.16666666666666666	0.125	1.375	0.08333333333333333
164	164	9/8	9/8	12/8	4	1	V64/iv				c	i		V64/iv		V		64		iv			M	1	1	1, 0, 4		0	1	2	6	0.25	0.25	1.25	0.16666666666666666
165	165	0	0	12/8	4	1	iv				c	i		iv		iv							m	1	1	-1, -4, 0		-1	-1	0	4	0.0	0.0	1.5	0.0
165	165	3/8	3/8	12/8	4	1	V64/iv				c	i		V64/iv		V		64		iv			M	1	1	1, 0, 4		0	1	0	4	0.0	0.0	1.5	0.0
165	165	3/4	3/4	12/8	4	1	iv6				c	i		iv6		iv		6					m	1	1	-4, 0, -1		-1	-4	4	6	0.4	0.5	2.5	0.16666666666666666
166	166	0	0	12/8	4	1	iv				c	i		iv		iv							m	1	1	-1, -4, 0		-1	-1	0	5	0.0	0.0	1.875	0.0
166	166	3/8	3/8	12/8	4	1	V64/iv				c	i		V64/iv		V		64		iv			M	1	1	1, 0, 4		0	1	0	5	0.0	0.0	1.875	0.0
166	166	3/4	3/4	12/8	4	1	iv6				c	i		iv6		iv		6					m	1	1	-4, 0, -1		-1	-4	4	7	0.36363636363636365	0.5	3.25	0.13333333333333333
167	167	0	0	12/8	4	1	viio/V				c	i		viio/V		vii	o			V			o	1	1	6, 3, 0		6	6	0	5	0.0	0.0	1.875	0.0
167	167	3/8	3/8	12/8	4	1	iio64/V				c	i		iio64/V		ii	o	64		V			o	1	1	-3, 3, 0		3	-3	0	5	0.0	0.0	1.875	0.0
167	167	3/4	3/4	12/8	4	1	V7(9)/V				c	i		V7(9)/V		V		7	9	V			Mm7	1	1	2, 6, 3, 0	4	2	2	4	7	0.36363636363636365	1.0	2.75	0.26666666666666666
168	168	0	0	12/8	4	1	viio/V				c	i		viio/V		vii	o			V			o	1	1	6, 3, 0		6	6	0	5	0.0	0.0	1.875	0.0
168	168	3/8	3/8	12/8	4	1	iio64/V				c	i		iio64/V		ii	o	64		V			o	1	1	-3, 3, 0		3	-3	0	5	0.0	0.0	1.875	0.0
168	168	3/4	3/4	12/8	4	1	V7(9)/V				c	i		V7(9)/V		V		7	9	V			Mm7	1	1	2, 6, 3, 0	4	2	2	4	7	0.36363636363636365	1.0	2.75	0.26666666666666666
169	169	0	0	12/8	4	1	#viio7\\				c	i		#viio7		#vii	o	7				\\	o7	1	1	5, 2, -1, -4		5	5	29	66	0.30526315789473685	3.625	10.25	0.26126126126126126
172	172	0	0	12/8	4	1	i6				c	i		i6		i		6					m	1	1	-3, 1, 0		0	-3	0	3	0.0	0.0	0.625	0.0
172	172	3/8	3/8	12/8	4	1	i				c	i		i		i							m	1	1	0, -3, 1		0	0	0	7	0.0	0.0	1.125	0.0
172	172	3/4	3/4	12/8	4	1	i6				c	i		i6		i		6					m	1	1	-3, 1, 0		0	-3	0	5	0.0	0.0	1.125	0.0
172	172	9/8	9/8	12/8	4	1	i				c	i		i		i							m	1	1	0, -3, 1		0	0	1	6	0.14285714285714285	0.125	1.0	0.1111111111111111
173	173	0	0	12/8	4	1	iv7				c	i		iv7		iv		7					mm7	1	1	-1, -4, 0, -3		-1	-1	0	5	0.0	0.0	1.125	0.0
173	173	3/8	3/8	12/8	4	1	iv43				c	i		iv43		iv		43					mm7	1	1	0, -3, -1, -4		-1	0	1	6	0.14285714285714285	0.125	1.0	0.1111111111111111
173	173	3/4	3/4	12/8	4	1	i64				c	i		i64		i		64					m	1	1	1, 0, -3		0	1	0	5	0.0	0.0	1.125	0.0
173	173	9/8	9/8	12/8	4	1	i				c	i		i		i							m	1	1	0, -3, 1		0	0	1	6	0.14285714285714285	0.125	1.0	0.1111111111111111
174	174	0	0	12/8	4	1	viio65/V				c	i		viio65/V		vii	o	65		V			o7	1	1	3, 0, -3, 6		6	3	1	4	0.2	0.125	1.0	0.1111111111111111
174	174	3/8	3/8	12/8	4	1	i				c	i		i		i							m	1	1	0, -3, 1		0	0	2	5	0.2857142857142857	0.25	0.875	0.2222222222222222
174	174	3/4	3/4	12/8	4	1	V65				c	i		V65		V		65					Mm7	1	1	5, 2, -1, 1		1	5	0	10	0.0	0.0	5.625	0.0
175	175	3/8	3/8	12/8	4	1	i				c	i		i		i							m	1	1	0, -3, 1		0	0	2	4	0.3333333333333333	0.25	1.25	0.16666666666666666
175	175	3/4	3/4	12/8	4	1	V(64)				c	i		V(64)		V			64				M	1	1	1, 0, -3		1	1	0	4	0.0	0.0	1.875	0.0
175	175	9/8	9/8	12/8	4	1	V7				c	i		V7		V		7					Mm7	1	1	1, 5, 2, -1		1	1	0	3	0.0	0.0	1.125	0.0
176	176	0	0	12/8	4	1	i\\				c	i		i		i						\\	m	1	1	0, -3, 1		0	0	0	11	0.0	0.0	2.375	0.0
176	176	3/4	3/4	12/8	4	1	i6				c	i		i6		i		6					m	1	1	-3, 1, 0		0	-3	0	6	0.0	0.0	1.5	0.0
176	176	9/8	9/8	12/8	4	1	i				c	i		i		i							m	1	1	0, -3, 1		0	0	1	5	0.16666666666666666	0.125	1.125	0.1
177	177	0	0	12/8	4	1	iv7				c	i		iv7		iv		7					mm7	1	1	-1, -4, 0, -3		-1	-1	0	6	0.0	0.0	1.5	0.0
177	177	3/8	3/8	12/8	4	1	VI6				c	i		VI6		VI		6					M	1	1	0, -3, -4		-4	0	1	5	0.16666666666666666	0.125	1.125	0.1
177	177	3/4	3/4	12/8	4	1	i64				c	i		i64		i		64					m	1	1	1, 0, -3		0	1	0	6	0.0	0.0	1.5	0.0
177	177	9/8	9/8	12/8	4	1	i6				c	i		i6		i		6					m	1	1	-3, 1, 0		0	-3	1	5	0.16666666666666666	0.125	1.125	0.1
178	178	0	0	12/8	4	1	viio65/V				c	i		viio65/V		vii	o	65		V			o7	1	1	3, 0, -3, 6		6	3	0	6	0.0	0.0	1.5	0.0
178	178	3/8	3/8	12/8	4	1	viio2/V				c	i		viio2/V		vii	o	2		V			o7	1	1	-3, 6, 3, 0		6	-3	1	5	0.16666666666666666	0.125	1.125	0.1
178	178	3/4	3/4	12/8	4	1	V65				c	i		V65		V		65					Mm7	1	1	5, 2, -1, 1		1	5	0	5	0.0	0.0	3.75	0.0
179	179	0	0	12/8	4	1	i				c	i		i		i							m	1	1	0, -3, 1		0	0	0	5	0.0	0.0	1.375	0.0
179	179	3/8	3/8	12/8	4	1	V				c	i		V		V							M	1	1	1, 5, 2		1	1	0	2	0.0	0.0	1.125	0.0
179	179	9/8	9/8	12/8	4	1	V65				c	i		V65		V		65					Mm7	1	1	5, 2, -1, 1		1	5	0	4	0.0	0.0	1.5	0.0
180	180	0	0	12/8	4	1	i				c	i		i		i							m	1	1	0, -3, 1		0	0	0	5	0.0	0.0	1.375	0.0
180	180	3/8	3/8	12/8	4	1	V				c	i		V		V							M	1	1	1, 5, 2		1	1	0	2	0.0	0.0	1.125	0.0
180	180	9/8	9/8	12/8	4	1	V65				c	i		V65		V		65					Mm7	1	1	5, 2, -1, 1		1	5	0	4	0.0	0.0	1.5	0.0
181	181	0	0	12/8	4	1	i\\				c	i		i		i						\\	m	1	1	0, -3, 1		0	0	0	5	0.0	0.0	1.25	0.0
181	181	3/8	3/8	12/8	4	1	V				c	i		V		V							M	1	1	1, 5, 2		1	1	0	3	0.0	0.0	1.125	0.0
182	182	0	0	12/8	4	1	V2/iv				c	i		V2/iv		V		2		iv			Mm7	1	1	-2, 0, 4, 1		0	-2	0	4	0.0	0.0	1.875	0.0
182	182	3/8	3/8	12/8	4	1	iv6				c	i		iv6		iv		6					m	1	1	-4, 0, -1		-1	-4	0	3	0.0	0.0	1.125	0.0
182	182	3/4	3/4	12/8	4	1	V65/iv				c	i		V65/iv		V		65		iv			Mm7	1	1	4, 1, -2, 0		0	4	0	6	0.0	0.0	3.0	0.0
183	183	0	0	12/8	4	1	iv				c	i		iv		iv							m	1	1	-1, -4, 0		-1	-1	0	4	0.0	0.0	2.625	0.0
183	183	3/8	3/8	12/8	4	1	V43/iv				c	i		V43/iv		V		43		iv			Mm7	1	1	1, -2, 0, 4		0	1	0	3	0.0	0.0	1.125	0.0
183	183	3/4	3/4	12/8	4	1	iv6				c	i		iv6		iv		6					m	1	1	-4, 0, -1		-1	-4	0	3	0.0	0.0	1.5	0.0
183	183	9/8	9/8	12/8	4	1	#viio43(+2)	0	-8	/	c	i		#viio43(+2)		#vii	o	43	+2				o7	1	1	-1, -4, 5, 2	0	5	-1	0	4	0.0	0.0	1.5	0.0
184	184	0	0	12/8	4	1	V/iv				c	i		V/iv		V				iv			M	1	1	0, 4, 1		0	0	3	9	0.25	1.125	4.125	0.21428571428571427
184	184	9/8	9/8	12/8	4	1	V6/iv				c	i		V6/iv		V		6		iv			M	1	1	4, 1, 0		0	4	0	3	0.0	0.0	1.125	0.0
185	185	0	0	12/8	4	1	iv				c	i		iv		iv							m	1	1	-1, -4, 0		-1	-1	0	4	0.0	0.0	1.875	0.0
185	185	3/8	3/8	12/8	4	1	V43/iv				c	i		V43/iv		V		43		iv			Mm7	1	1	1, -2, 0, 4		0	1	0	3	0.0	0.0	1.125	0.0
185	185	3/4	3/4	12/8	4	1	iv6				c	i		iv6		iv		6					m	1	1	-4, 0, -1		-1	-4	0	4	0.0	0.0	1.875	0.0
185	185	9/8	9/8	12/8	4	1	iv				c	i		iv		iv							m	1	1	-1, -4, 0		-1	-1	0	3	0.0	0.0	1.125	0.0
186	186	0	0	12/8	4	1	V/VI				c	i		V/VI		V				VI			M	1	1	-3, 1, -2		-3	-3	3	4	0.42857142857142855	1.125	2.625	0.3
186	186	3/4	3/4	12/8	4	1	V6/VI				c	i		V6/VI		V		6		VI			M	1	1	1, -2, -3		-3	1	0	3	0.0	0.0	1.125	0.0
186	186	9/8	9/8	12/8	4	1	V/VI				c	i		V/VI		V				VI			M	1	1	-3, 1, -2		-3	-3	0	3	0.0	0.0	1.125	0.0
187	187	0	0	12/8	4	1	VI				c	i		VI		VI							M	1	1	-4, 0, -3		-4	-4	0	4	0.0	0.0	1.875	0.0
187	187	3/8	3/8	12/8	4	1	V64/VI				c	i		V64/VI		V		64		VI			M	1	1	-2, -3, 1		-3	-2	0	3	0.0	0.0	1.125	0.0
187	187	3/4	3/4	12/8	4	1	VI6				c	i		VI6		VI		6					M	1	1	0, -3, -4		-4	0	0	4	0.0	0.0	2.25	0.0
187	187	9/8	9/8	12/8	4	1	VI				c	i		VI		VI							M	1	1	-4, 0, -3		-4	-4	0	2	0.0	0.0	0.75	0.0
188	188	0	0	12/8	4	1	iv				c	i		iv		iv							m	1	1	-1, -4, 0		-1	-1	3	8	0.2727272727272727	1.125	3.375	0.25
188	188	9/8	9/8	12/8	4	1	#viio43	0	-8	/	c	i		#viio43		#vii	o	43					o7	1	1	-1, -4, 5, 2		5	-1	0	4	0.0	0.0	1.5	0.0
189	189	0	0	12/8	4	1	i				c	i		i		i							m	1	1	0, -3, 1		0	0	3	8	0.2727272727272727	1.125	3.375	0.25
189	189	9/8	9/8	12/8	4	1	#viio43	0	-8	/	c	i		#viio43		#vii	o	43					o7	1	1	-1, -4, 5, 2		5	-1	0	4	0.0	0.0	1.5	0.0
190	190	0	0	12/8	4	1	i				c	i		i		i							m	1	1	0, -3, 1		0	0	3	8	0.2727272727272727	1.125	3.375	0.25
190	190	9/8	9/8	12/8	4	1	#viio43	0	-8	/	c	i		#viio43		#vii	o	43					o7	1	1	-1, -4, 5, 2		5	-1	1	4	0.2	0.125	1.375	0.08333333333333333
191	191	0	0	12/8	4	1	i6				c	i		i6		i		6					m	1	1	-3, 1, 0		0	-3	0	4	0.0	0.0	1.75	0.0
191	191	3/8	3/8	12/8	4	1	V43				c	i		V43		V		43					Mm7	1	1	2, -1, 1, 5		1	2	0	2	0.0	0.0	0.75	0.0
191	191	3/4	3/4	12/8	4	1	i				c	i		i		i							m	1	1	0, -3, 1		0	0	0	3	0.0	0.0	1.125	0.0
191	191	9/8	9/8	12/8	4	1	V(9)				c	i		V(9)		V			9				M	1	1	1, 5, 2	-4	1	1	0	4	0.0	0.0	1.375	0.0
191	191	11/8	11/8	12/8	4	1	V				c	i		V		V							M	1	1	1, 5, 2		1	1	0	1	0.0	0.0	0.125	0.0
192	192	0	0	12/8	4	1	i64				c	i		i64		i		64					m	1	1	1, 0, -3		0	1	0	4	0.0	0.0	2.625	0.0
192	192	3/8	3/8	12/8	4	1	V2				c	i		V2		V		2					Mm7	1	1	-1, 1, 5, 2		1	-1	0	3	0.0	0.0	1.125	0.0
192	192	3/4	3/4	12/8	4	1	i6				c	i		i6		i		6					m	1	1	-3, 1, 0		0	-3	0	3	0.0	0.0	1.125	0.0
192	192	9/8	9/8	12/8	4	1	V43				c	i		V43		V		43					Mm7	1	1	2, -1, 1, 5		1	2	0	3	0.0	0.0	1.125	0.0
193	193	0	0	12/8	4	1	i6				c	i		i6		i		6					m	1	1	-3, 1, 0		0	-3	0	4	0.0	0.0	1.875	0.0
193	193	3/8	3/8	12/8	4	1	V65				c	i		V65		V		65					Mm7	1	1	5, 2, -1, 1		1	5	0	3	0.0	0.0	1.125	0.0
193	193	3/4	3/4	12/8	4	1	i				c	i		i		i							m	1	1	0, -3, 1		0	0	0	4	0.0	0.0	1.5	0.0
193	193	9/8	9/8	12/8	4	1	#viio43				c	i		#viio43		#vii	o	43					o7	1	1	-1, -4, 5, 2		5	-1	1	4	0.2	0.125	1.375	0.08333333333333333
194	194	0	0	12/8	4	1	i6				c	i		i6		i		6					m	1	1	-3, 1, 0		0	-3	0	4	0.0	0.0	1.875	0.0
194	194	3/8	3/8	12/8	4	1	V65				c	i		V65		V		65					Mm7	1	1	5, 2, -1, 1		1	5	0	3	0.0	0.0	1.5	0.0
194	194	3/4	3/4	12/8	4	1	i				c	i		i		i							m	1	1	0, -3, 1		0	0	0	3	0.0	0.0	1.5	0.0
194	194	9/8	9/8	12/8	4	1	iv				c	i		iv		iv							m	1	1	-1, -4, 0		-1	-1	0	3	0.0	0.0	1.125	0.0
195	195	0	0	12/8	4	1	V6/iv				c	i		V6/iv		V		6		iv			M	1	1	4, 1, 0		0	4	0	4	0.0	0.0	4.875	0.0
195	195	3/8	3/8	12/8	4	1	V65/iv				c	i		V65/iv		V		65		iv			Mm7	1	1	4, 1, -2, 0		0	4	0	1	0.0	0.0	0.375	0.0
195	195	3/4	3/4	12/8	4	1	V6(6)/iv				c	i		V6(6)/iv		V		6	6	iv			M	1	1	4, -4, 0		0	4	0	1	0.0	0.0	0.375	0.0
195	195	9/8	9/8	12/8	4	1	V6/iv				c	i		V6/iv		V		6		iv			M	1	1	4, 1, 0		0	4	0	1	0.0	0.0	0.375	0.0
196	196	0	0	12/8	4	1	iv(4)				c	i		iv(4)		iv			4				m	1	1	-1, -2, 0		-1	-1	0	4	0.0	0.0	3.0	0.0
196	196	3/8	3/8	12/8	4	1	iv				c	i		iv		iv							m	1	1	-1, -4, 0		-1	-1	0	2	0.0	0.0	0.75	0.0
196	196	3/4	3/4	12/8	4	1	iv(94)				c	i		iv(94)		iv			94				m	1	1	-1, -2, 0	1	-1	-1	0	3	0.0	0.0	1.5	0.0
196	196	9/8	9/8	12/8	4	1	iv				c	i		iv		iv							m	1	1	-1, -4, 0		-1	-1	0	2	0.0	0.0	0.75	0.0
197	197	0	0	12/8	4	1	V(64)				c	i		V(64)		V			64				M	1	1	1, 0, -3		1	1	0	5	0.0	0.0	6.75	0.0
197	197	3/4	3/4	12/8	4	1	V(134)				c	i		V(134)		V			134				M	1	1	1, 0, 2	-3	1	1	0	2	0.0	0.0	0.625	0.0
197	197	11/8	11/8	12/8	4	1	V(64)	-1.84657	-2.62961	/	c	i		V(64)		V			64				M	1	1	1, 0, -3		1	1	0	1	0.0	0.0	0.125	0.0
198	198	0	0	12/8	4	1	V7				c	i		V7		V		7					Mm7	1	1	1, 5, 2, -1		1	1	0	6	0.0	0.0	3.75	0.0
198	198	3/4	3/4	12/8	4	1	V(64)				c	i		V(64)		V			64				M	1	1	1, 0, -3		1	1	1	5	0.16666666666666666	0.25	2.0	0.1111111111111111
199	199	0	0	12/8	4	1	iv65(2)				c	i		iv65(2)		iv		65	2				mm7	1	1	-4, 0, -3, 1		-1	-4	0	25	0.0	0.0	4.5	0.0
199	199	3/4	3/4	12/8	4	1	iv6(9#7)				c	i		iv6(9#7)		iv		6	9#7				m	1	1	-4, 0, 4	1	-1	-4	0	24	0.0	0.0	3.0	0.0
200	200	0	0	12/8	4	1	iv6(9)				c	i		iv6(9)		iv		6	9				m	1	1	-4, 0, -1	1	-1	-4	0	5	0.0	0.0	1.25	0.0
200	200	1/4	1/4	12/8	4	1	iv6				c	i		iv6		iv		6					m	1	1	-4, 0, -1		-1	-4	0	6	0.0	0.0	1.25	0.0
200	200	3/4	3/4	12/8	4	1	iv				c	i		iv		iv							m	1	1	-1, -4, 0		-1	-1	0	2	0.0	0.0	0.375	0.0
200	200	9/8	9/8	12/8	4	1	iv6				c	i		iv6		iv		6					m	1	1	-4, 0, -1		-1	-4	0	5	0.0	0.0	1.5	0.0
201	201	0	0	12/8	4	1	V7				c	i		V7		V		7					Mm7	1	1	1, 5, 2, -1		1	1	1	4	0.2	0.125	1.0	0.1111111111111111
201	201	3/8	3/8	12/8	4	1	V(64)				c	i		V(64)		V			64				M	1	1	1, 0, -3		1	1	0	14	0.0	0.0	3.25	0.0
202	202	0	0	12/8	4	1	iv7				c	i		iv7		iv		7					mm7	1	1	-1, -4, 0, -3		-1	-1	1	5	0.16666666666666666	0.125	1.0	0.1111111111111111
202	202	3/8	3/8	12/8	4	1	#viio43				c	i		#viio43		#vii	o	43					o7	1	1	-1, -4, 5, 2		5	-1	7	24	0.22580645161290322	0.875	4.25	0.17073170731707318
204	204	0	0	12/8	4	1	#viio				c	i		#viio		#vii	o						o	1	1	5, 2, -1		5	5	1	2	0.3333333333333333	0.125	0.25	0.3333333333333333
204	204	3/8	3/8	12/8	4	1	iio				c	i		iio		ii	o						o	1	1	2, -1, -4		2	2	2	4	0.3333333333333333	0.25	0.5	0.3333333333333333
204	204	9/8	9/8	12/8	4	1	#viio				c	i		#viio		#vii	o						o	1	1	5, 2, -1		5	5	11	7	0.6111111111111112	1.375	0.875	0.6111111111111112
206	206	3/8	3/8	12/8	4	1	iio				c	i		iio		ii	o						o	1	1	2, -1, -4		2	2	8	13	0.38095238095238093	1.0	1.625	0.38095238095238093
208	208	0	0	12/8	4	1	#viio7				c	i		#viio7		#vii	o	7					o7	1	1	5, 2, -1, -4		5	5	13	15	0.4642857142857143	1.375	1.625	0.4583333333333333
210	210	0	0	12/8	4	1	i				c	i		i		i							m	1	1	0, -3, 1		0	0	6	7	0.46153846153846156	0.75	1.5	0.3333333333333333
210	210	3/4	3/4	12/8	4	1	i6				c	i		i6		i		6					m	1	1	-3, 1, 0		0	-3	6	7	0.46153846153846156	0.75	1.5	0.3333333333333333
211	211	0	0	12/8	4	1	i64				c	i		i64		i		64					m	1	1	1, 0, -3		0	1	6	7	0.46153846153846156	0.75	1.5	0.3333333333333333
211	211	3/4	3/4	12/8	4	1	i				c	i		i		i							m	1	1	0, -3, 1		0	0	6	7	0.46153846153846156	0.75	1.5	0.3333333333333333
212	212	0	0	12/8	4	1	i6				c	i		i6		i		6					m	1	1	-3, 1, 0		0	-3	6	7	0.46153846153846156	0.75	1.5	0.3333333333333333
212	212	3/4	3/4	12/8	4	1	i64				c	i		i64		i		64					m	1	1	1, 0, -3		0	1	1	4	0.2	0.125	1.0	0.1111111111111111
212	212	9/8	9/8	12/8	4	1	i				c	i		i		i							m	1	1	0, -3, 1		0	0	2	6	0.25	0.25	1.625	0.13333333333333333
213	213	3/8	3/8	12/8	4	1	VI				c	i		VI		VI							M	1	1	-4, 0, -3		-4	-4	0	4	0.0	0.0	1.0	0.0
213	213	3/4	3/4	12/8	4	1	iio6				c	i		iio6		ii	o	6					o	1	1	-1, -4, 2		2	-1	0	5	0.0	0.0	1.25	0.0
213	213	9/8	9/8	12/8	4	1	V7				c	i		V7		V		7					Mm7	1	1	1, 5, 2, -1		1	1	0	5	0.0	0.0	1.25	0.0
214	214	0	0	12/8	4	1	i				c	i		i		i							m	1	1	0, -3, 1		0	0	2	8	0.2	0.25	1.625	0.13333333333333333
214	214	3/8	3/8	12/8	4	1	V				c	i		V		V							M	1	1	1, 5, 2		1	1	2	5	0.2857142857142857	0.25	0.875	0.2222222222222222
214	214	3/4	3/4	12/8	4	1	i6				c	i		i6		i		6					m	1	1	-3, 1, 0		0	-3	6	8	0.42857142857142855	0.75	1.75	0.3
214	214	11/8	11/8	12/8	4	1	VII6				c	i		VII6		VII		6					M	1	1	2, -1, -2		-2	2	0	4	0.0	0.0	0.5	0.0
215	215	0	0	12/8	4	1	VI6				c	i		VI6		VI		6					M	1	1	0, -3, -4		-4	0	4	4	0.5	0.5	1.0	0.3333333333333333
215	215	3/8	3/8	12/8	4	1	V/iv				c	i		V/iv		V				iv			M	1	1	0, 4, 1		0	0	2	6	0.25	0.25	1.25	0.16666666666666666
215	215	3/4	3/4	12/8	4	1	iv6				c	i		iv6		iv		6					m	1	1	-4, 0, -1		-1	-4	6	8	0.42857142857142855	0.75	1.75	0.3
215	215	11/8	11/8	12/8	4	1	III6				c	i		III6		III		6					M	1	1	1, -2, -3		-3	1	0	4	0.0	0.0	0.5	0.0
216	216	0	0	12/8	4	1	iio6				c	i		iio6		ii	o	6					o	1	1	-1, -4, 2		2	-1	5	9	0.35714285714285715	0.625	1.125	0.35714285714285715
216	216	3/4	3/4	12/8	4	1	#viio43				c	i		#viio43		#vii	o	43					o7	1	1	-1, -4, 5, 2		5	-1	8	16	0.3333333333333333	1.0	2.0	0.3333333333333333
217	217	0	0	12/8	4	1	i6				c	i		i6		i		6					m	1	1	-3, 1, 0		0	-3	6	13	0.3157894736842105	0.75	1.625	0.3157894736842105
217	217	3/4	3/4	12/8	4	1	V				c	i		V		V							M	1	1	1, 5, 2		1	1	8	15	0.34782608695652173	1.0	1.875	0.34782608695652173
218	218	0	0	12/8	4	1	i6				c	i		i6		i		6					m	1	1	-3, 1, 0		0	-3	8	16	0.3333333333333333	1.0	2.0	0.3333333333333333
218	218	3/4	3/4	12/8	4	1	V				c	i		V		V							M	1	1	1, 5, 2		1	1	8	16	0.3333333333333333	1.0	2.0	0.3333333333333333
219	219	0	0	12/8	4	1	i				c	i		i		i							m	1	1	0, -3, 1		0	0	8	16	0.3333333333333333	1.0	2.0	0.3333333333333333
219	219	3/4	3/4	12/8	4	1	iv				c	i		iv		iv							m	1	1	-1, -4, 0		-1	-1	8	16	0.3333333333333333	1.0	2.0	0.3333333333333333
220	220	0	0	12/8	4	1	V/III				c	i		V/III		V				III			M	1	1	-2, 2, -1		-2	-2	8	16	0.3333333333333333	1.0	2.0	0.3333333333333333
220	220	3/4	3/4	12/8	4	1	III				c	i		III		III							M	1	1	-3, 1, -2		-3	-3	4	8	0.3333333333333333	0.5	1.0	0.3333333333333333
220	220	9/8	9/8	12/8	4	1	viio/III				c	i		viio/III		vii	o			III			o	1	1	2, -1, -4		2	2	4	8	0.3333333333333333	0.5	1.0	0.3333333333333333
221	221	0	0	12/8	4	1	III				c	i		III		III							M	1	1	-3, 1, -2		-3	-3	4	8	0.3333333333333333	0.5	1.0	0.3333333333333333
221	221	3/8	3/8	12/8	4	1	#viio				c	i		#viio		#vii	o						o	1	1	5, 2, -1		5	5	4	8	0.3333333333333333	0.5	1.0	0.3333333333333333
221	221	3/4	3/4	12/8	4	1	i				c	i		i		i							m	1	1	0, -3, 1		0	0	4	8	0.3333333333333333	0.5	1.0	0.3333333333333333
221	221	9/8	9/8	12/8	4	1	V6/VI				c	i		V6/VI		V		6		VI			M	1	1	1, -2, -3		-3	1	4	8	0.3333333333333333	0.5	1.0	0.3333333333333333
222	222	0	0	12/8	4	1	VI				c	i		VI		VI							M	1	1	-4, 0, -3		-4	-4	0	4	0.0	0.0	1.0	0.0
222	222	3/8	3/8	12/8	4	1	iio6				c	i		iio6		ii	o	6					o	1	1	-1, -4, 2		2	-1	0	4	0.0	0.0	1.0	0.0
222	222	3/4	3/4	12/8	4	1	V(64)				c	i		V(64)		V			64				M	1	1	1, 0, -3		1	1	0	4	0.0	0.0	1.0	0.0
222	222	9/8	9/8	12/8	4	1	V				c	i		V		V							M	1	1	1, 5, 2		1	1	0	4	0.0	0.0	1.0	0.0
223	223	0	0	12/8	4	1	V6/iv				c	i		V6/iv		V		6		iv			M	1	1	4, 1, 0		0	4	0	18	0.0	0.0	4.625	0.0
223	223	3/4	3/4	12/8	4	1	V2/iv				c	i		V2/iv		V		2		iv			Mm7	1	1	-2, 0, 4, 1		0	-2	2	3	0.4	0.25	1.0	0.2
223	223	9/8	9/8	12/8	4	1	V43/iv				c	i		V43/iv		V		43		iv			Mm7	1	1	1, -2, 0, 4		0	1	2	4	0.3333333333333333	0.25	0.5	0.3333333333333333
224	224	0	0	12/8	4	1	iv6				c	i		iv6		iv		6					m	1	1	-4, 0, -1		-1	-4	2	5	0.2857142857142857	0.25	1.25	0.16666666666666666
224	224	3/8	3/8	12/8	4	1	V6/iv				c	i		V6/iv		V		6		iv			M	1	1	4, 1, 0		0	4	2	4	0.3333333333333333	0.25	0.5	0.3333333333333333
224	224	3/4	3/4	12/8	4	1	ii6				c	i		ii6		ii		6					m	1	1	-1, 3, 2		2	-1	2	4	0.3333333333333333	0.25	0.5	0.3333333333333333
224	224	9/8	9/8	12/8	4	1	i				c	i		i		i							m	1	1	0, -3, 1		0	0	2	4	0.3333333333333333	0.25	0.5	0.3333333333333333
225	225	0	0	12/8	4	1	V65				c	i		V65		V		65					Mm7	1	1	5, 2, -1, 1		1	5	0	22	0.0	0.0	5.375	0.0
225	225	7/8	7/8	12/8	4	1	#viio6				c	i		#viio6		#vii	o	6					o	1	1	2, -1, 5		5	2	8	12	0.4	1.0	1.5	0.4
226	226	0	0	12/8	4	1	i				c	i		i		i							m	1	1	0, -3, 1		0	0	4	8	0.3333333333333333	0.5	1.0	0.3333333333333333
226	226	3/8	3/8	12/8	4	1	#viio				c	i		#viio		#vii	o						o	1	1	5, 2, -1		5	5	4	8	0.3333333333333333	0.5	1.0	0.3333333333333333
226	226	3/4	3/4	12/8	4	1	iv6				c	i		iv6		iv		6					m	1	1	-4, 0, -1		-1	-4	4	8	0.3333333333333333	0.5	1.0	0.3333333333333333
226	226	9/8	9/8	12/8	4	1	#viio6/iv				c	i		#viio6/iv		#vii	o	6		iv			o	1	1	1, -2, 4		4	1	4	8	0.3333333333333333	0.5	1.0	0.3333333333333333
227	227	0	0	12/8	4	1	iv				c	i		iv		iv							m	1	1	-1, -4, 0		-1	-1	24	28	0.46153846153846156	2.75	3.25	0.4583333333333333
228	228	0	0	12/8	4	1	V				c	i		V		V							M	1	1	1, 5, 2		1	1	0	4	0.0	0.0	1.0	0.0
228	228	3/4	3/4	12/8	4	1	V7				c	i		V7		V		7					Mm7	1	1	1, 5, 2, -1		1	1	0	10	0.0	0.0	2.5	0.0
229	229	0	0	4/4	4	1	i				c	i		i		i							m	1	1	0, -3, 1		0	0	0	4	0.0	0.0	1.75	0.0
229	229	1/4	1/4	4/4	4	1	i2				c	i		i2		i		2					mm7	1	1	-2, 0, -3, 1		0	-2	0	1	0.0	0.0	0.25	0.0
229	229	1/2	1/2	4/4	4	1	VI				c	i		VI		VI							M	1	1	-4, 0, -3		-4	-4	0	4	0.0	0.0	1.375	0.0
229	229	3/4	3/4	4/4	4	1	i64				c	i		i64		i		64					m	1	1	1, 0, -3		0	1	0	4	0.0	0.0	0.625	0.0
230	230	0	0	4/4	4	1	VI				c	i		VI		VI							M	1	1	-4, 0, -3		-4	-4	0	4	0.0	0.0	2.5	0.0
230	230	1/4	1/4	4/4	4	1	i64				c	i		i64		i		64					m	1	1	1, 0, -3		0	1	0	2	0.0	0.0	0.5	0.0
230	230	1/2	1/2	4/4	4	1	iv7				c	i		iv7		iv		7					mm7	1	1	-1, -4, 0, -3		-1	-1	0	2	0.0	0.0	0.5	0.0
230	230	3/4	3/4	4/4	4	1	i6				c	i		i6		i		6					m	1	1	-3, 1, 0		0	-3	0	2	0.0	0.0	0.5	0.0
231	231	0	0	4/4	4	1	i				c	i		i		i							m	1	1	0, -3, 1		0	0	0	4	0.0	0.0	1.5	0.0
231	231	1/4	1/4	4/4	4	1	i2				c	i		i2		i		2					mm7	1	1	-2, 0, -3, 1		0	-2	0	2	0.0	0.0	0.5	0.0
231	231	1/2	1/2	4/4	4	1	VI				c	i		VI		VI							M	1	1	-4, 0, -3		-4	-4	0	4	0.0	0.0	1.25	0.0
231	231	3/4	3/4	4/4	4	1	i64				c	i		i64		i		64					m	1	1	1, 0, -3		0	1	0	4	0.0	0.0	0.75	0.0
232	232	0	0	4/4	4	1	VI				c	i		VI		VI							M	1	1	-4, 0, -3		-4	-4	0	4	0.0	0.0	2.5	0.0
232	232	1/4	1/4	4/4	4	1	i64				c	i		i64		i		64					m	1	1	1, 0, -3		0	1	0	2	0.0	0.0	0.5	0.0
232	232	1/2	1/2	4/4	4	1	iv7				c	i		iv7		iv		7					mm7	1	1	-1, -4, 0, -3		-1	-1	0	2	0.0	0.0	0.5	0.0
232	232	3/4	3/4	4/4	4	1	i6				c	i		i6		i		6					m	1	1	-3, 1, 0		0	-3	0	2	0.0	0.0	0.5	0.0
233	233	0	0	4/4	4	1	i				c	i		i		i							m	1	1	0, -3, 1		0	0	0	5	0.0	0.0	2.0	0.0
234	234	0	0	4/4	4	1	iv				c	i		iv		iv							m	1	1	-1, -4, 0		-1	-1	0	10	0.0	0.0	5.0	0.0
234	234	1/2	1/2	4/4	4	1	#viio6/iv				c	i		#viio6/iv		#vii	o	6		iv			o	1	1	1, -2, 4		4	1	0	4	0.0	0.0	1.5	0.0
234	234	7/8	7/8	4/4	4	1	iv6				c	i		iv6		iv		6					m	1	1	-4, 0, -1		-1	-4	0	4	0.0	0.0	0.5	0.0
235	235	0	0	4/4	4	1	III.V(64)	0	-8	/	c	III		V(64)		V			64				M	1	0	-2, -3, 1		-2	-2	0	6	0.0	0.0	6.0	0.0
236	236	0	0	4/4	4	1	V7				c	III		V7		V		7					Mm7	1	0	-2, 2, -1, -4		-2	-2	1	8	0.1111111111111111	0.25	3.25	0.07142857142857142
237	237	0	0	4/4	4	1	I				c	III		I		I							M	1	0	-3, 1, -2		-3	-3	0	5	0.0	0.0	2.0	0.0
237	237	1/4	1/4	4/4	4	1	IM2				c	III		IM2		I	M	2					MM7	1	0	2, -3, 1, -2		-3	2	0	2	0.0	0.0	0.5	0.0
237	237	1/2	1/2	4/4	4	1	vi				c	III		vi		vi							m	1	0	0, -3, 1		0	0	0	5	0.0	0.0	1.625	0.0
237	237	3/4	3/4	4/4	4	1	I64				c	III		I64		I		64					M	1	0	-2, -3, 1		-3	-2	0	4	0.0	0.0	0.75	0.0
238	238	0	0	4/4	4	1	vi				c	III		vi		vi							m	1	0	0, -3, 1		0	0	0	5	0.0	0.0	3.5	0.0
238	238	1/4	1/4	4/4	4	1	I64				c	III		I64		I		64					M	1	0	-2, -3, 1		-3	-2	0	2	0.0	0.0	0.5	0.0
238	238	1/2	1/2	4/4	4	1	IVM7				c	III		IVM7		IV	M	7					MM7	1	0	-4, 0, -3, 1		-4	-4	0	2	0.0	0.0	0.5	0.0
238	238	3/4	3/4	4/4	4	1	I6				c	III		I6		I		6					M	1	0	1, -2, -3		-3	1	0	2	0.0	0.0	0.5	0.0
239	239	0	0	4/4	4	1	I				c	III		I		I							M	1	0	-3, 1, -2		-3	-3	0	5	0.0	0.0	2.0	0.0
239	239	1/4	1/4	4/4	4	1	IM2				c	III		IM2		I	M	2					MM7	1	0	2, -3, 1, -2		-3	2	0	2	0.0	0.0	0.5	0.0
239	239	1/2	1/2	4/4	4	1	vi				c	III		vi		vi							m	1	0	0, -3, 1		0	0	0	5	0.0	0.0	1.625	0.0
239	239	3/4	3/4	4/4	4	1	I64				c	III		I64		I		64					M	1	0	-2, -3, 1		-3	-2	0	4	0.0	0.0	0.75	0.0
240	240	0	0	4/4	4	1	vi				c	III		vi		vi							m	1	0	0, -3, 1		0	0	0	5	0.0	0.0	3.5	0.0
240	240	1/4	1/4	4/4	4	1	I64				c	III		I64		I		64					M	1	0	-2, -3, 1		-3	-2	0	2	0.0	0.0	0.5	0.0
240	240	1/2	1/2	4/4	4	1	IVM7				c	III		IVM7		IV	M	7					MM7	1	0	-4, 0, -3, 1		-4	-4	0	2	0.0	0.0	0.5	0.0
240	240	3/4	3/4	4/4	4	1	I6				c	III		I6		I		6					M	1	0	1, -2, -3		-3	1	0	2	0.0	0.0	0.5	0.0
241	241	0	0	4/4	4	1	ii65				c	III		ii65		ii		65					mm7	1	0	-4, 0, -3, -1		-1	-4	0	7	0.0	0.0	5.0	0.0
242	242	0	0	4/4	4	1	ii65(9)				c	III		ii65(9)		ii		65	9				mm7	1	0	-4, 0, -3, -1	1	-1	-4	0	9	0.0	0.0	2.5	0.0
242	242	1/2	1/2	4/4	4	1	ii65				c	III		ii65		ii		65					mm7	1	0	-4, 0, -3, -1		-1	-4	0	9	0.0	0.0	2.25	0.0
243	243	0	0	4/4	4	1	ii65				c	III		ii65		ii		65					mm7	1	0	-4, 0, -3, -1		-1	-4	0	8	0.0	0.0	5.0	0.0
244	244	0	0	4/4	4	1	ii65(9)				c	III		ii65(9)		ii		65	9				mm7	1	0	-4, 0, -3, -1	1	-1	-4	0	9	0.0	0.0	2.5	0.0
244	244	1/2	1/2	4/4	4	1	ii65				c	III		ii65		ii		65					mm7	1	0	-4, 0, -3, -1		-1	-4	0	9	0.0	0.0	2.25	0.0
245	245	0	0	4/4	4	1	V(64)				c	III		V(64)		V			64				M	1	0	-2, -3, 1		-2	-2	2	19	0.09523809523809523	0.5	10.25	0.046511627906976744
247	247	0	0	4/4	4	1	V7				c	III		V7		V		7					Mm7	1	0	-2, 2, -1, -4		-2	-2	3	10	0.23076923076923078	0.75	5.25	0.125
248	248	1/2	1/2	4/4	4	1	V2				c	III		V2		V		2					Mm7	1	0	-4, -2, 2, -1		-2	-4	1	4	0.2	0.25	1.75	0.125
249	249	0	0	4/4	4	1	I6				c	III		I6		I		6					M	1	0	1, -2, -3		-3	1	2	18	0.1	0.5	9.0	0.05263157894736842
251	251	0	0	4/4	4	1	ii6				c	III		ii6		ii		6					m	1	0	-4, 0, -1		-1	-4	3	11	0.21428571428571427	0.75	5.75	0.11538461538461539
253	253	0	0	4/4	4	1	ii				c	III		ii		ii							m	1	0	-1, -4, 0		-1	-1	5	6	0.45454545454545453	0.875	1.875	0.3181818181818182
256	256	0	0	4/4	4	1	V/ii				c	III		V/ii		V				ii			M	1	0	0, 4, 1		0	0	0	1	0.0	0.0	1.0	0.0
257	257	0	0	4/4	4	1	ii				c	III		ii		ii							m	1	0	-1, -4, 0		-1	-1	1	2	0.3333333333333333	0.375	0.625	0.375
258	258	0	0	4/4	4	1	V/ii				c	III		V/ii		V				ii			M	1	0	0, 4, 1		0	0	0	1	0.0	0.0	1.0	0.0
259	259	0	0	4/4	4	1	V(64)/ii				c	III		V(64)/ii		V			64	ii			M	1	0	0, -1, -4		0	0	1	12	0.07692307692307693	0.25	3.75	0.0625
260	260	0	0	4/4	4	1	V7/ii				c	III		V7/ii		V		7		ii			Mm7	1	0	0, 4, 1, -2		0	0	0	5	0.0	0.0	3.25	0.0
260	260	1/4	1/4	4/4	4	1	V43/ii				c	III		V43/ii		V		43		ii			Mm7	1	0	1, -2, 0, 4		0	1	0	1	0.0	0.0	0.25	0.0
260	260	1/2	1/2	4/4	4	1	V65/ii				c	III		V65/ii		V		65		ii			Mm7	1	0	4, 1, -2, 0		0	4	0	3	0.0	0.0	1.25	0.0
260	260	3/4	3/4	4/4	4	1	V43/ii				c	III		V43/ii		V		43		ii			Mm7	1	0	1, -2, 0, 4		0	1	0	1	0.0	0.0	0.25	0.0
261	261	0	0	4/4	4	1	V(64)/ii				c	III		V(64)/ii		V			64	ii			M	1	0	0, -1, -4		0	0	1	12	0.07692307692307693	0.25	3.75	0.0625
262	262	0	0	4/4	4	1	V7/ii				c	III		V7/ii		V		7		ii			Mm7	1	0	0, 4, 1, -2		0	0	0	4	0.0	0.0	2.25	0.0
262	262	1/4	1/4	4/4	4	1	V43/ii				c	III		V43/ii		V		43		ii			Mm7	1	0	1, -2, 0, 4		0	1	0	1	0.0	0.0	0.25	0.0
262	262	1/2	1/2	4/4	4	1	V65/ii				c	III		V65/ii		V		65		ii			Mm7	1	0	4, 1, -2, 0		0	4	0	3	0.0	0.0	1.25	0.0
262	262	3/4	3/4	4/4	4	1	V43/ii				c	III		V43/ii		V		43		ii			Mm7	1	0	1, -2, 0, 4		0	1	0	1	0.0	0.0	0.25	0.0
263	263	0	0	4/4	4	1	ii				c	III		ii		ii							m	1	0	-1, -4, 0		-1	-1	2	11	0.15384615384615385	0.5	2.5	0.16666666666666666
264	264	0	0	4/4	4	1	#viio7/iii				c	III		#viio7/iii		#vii	o	7		iii			o7	1	0	6, 3, 0, -3		6	6	0	6	0.0	0.0	4.0	0.0
265	265	0	0	4/4	4	1	iv64/iii				c	III		iv64/iii		iv		64		iii			m	1	0	1, 0, -3		0	1	1	8	0.1111111111111111	0.25	3.75	0.0625
266	266	0	0	4/4	4	1	ii%7/iii				c	III		ii%7/iii		ii	%	7		iii			%7	1	0	3, 0, -3, 1		3	3	2	4	0.3333333333333333	0.25	1.75	0.125
266	266	1/2	1/2	4/4	4	1	#viio65/iii				c	III		#viio65/iii		#vii	o	65		iii			o7	1	0	3, 0, -3, 6		6	3	2	3	0.4	0.25	0.75	0.25
267	267	0	0	4/4	4	1	iio/iii				c	III		iio/iii		ii	o			iii			o	1	0	3, 0, -3		3	3	0	4	0.0	0.0	1.5	0.0
267	267	1/2	1/2	4/4	4	1	iv64/iii				c	III		iv64/iii		iv		64		iii			m	1	0	1, 0, -3		0	1	1	4	0.2	0.25	1.75	0.125
268	268	0	0	4/4	4	1	ii%7/iii				c	III		ii%7/iii		ii	%	7		iii			%7	1	0	3, 0, -3, 1		3	3	2	4	0.3333333333333333	0.25	1.75	0.125
268	268	1/2	1/2	4/4	4	1	#viio65/iii				c	III		#viio65/iii		#vii	o	65		iii			o7	1	0	3, 0, -3, 6		6	3	2	3	0.4	0.25	0.75	0.25
269	269	0	0	4/4	4	1	iio/iii				c	III		iio/iii		ii	o			iii			o	1	0	3, 0, -3		3	3	0	4	0.0	0.0	1.5	0.0
269	269	1/2	1/2	4/4	4	1	iv64/iii				c	III		iv64/iii		iv		64		iii			m	1	0	1, 0, -3		0	1	1	4	0.2	0.25	1.75	0.125
270	270	0	0	4/4	4	1	ii%7/iii				c	III		ii%7/iii		ii	%	7		iii			%7	1	0	3, 0, -3, 1		3	3	0	8	0.0	0.0	3.0	0.0
271	271	0	0	4/4	4	1	#viio65/iii				c	III		#viio65/iii		#vii	o	65		iii			o7	1	0	3, 0, -3, 6		6	3	0	14	0.0	0.0	5.75	0.0
272	272	3/4	3/4	4/4	4	1	I64				c	III		I64		I		64					M	1	0	-2, -3, 1		-3	-2	0	5	0.0	0.0	1.0	0.0
273	273	0	0	4/4	4	1	V43/V				c	III		V43/V		V		43		V			Mm7	1	0	0, -3, -1, 3		-1	0	0	10	0.0	0.0	2.0	0.0
273	273	1/2	1/2	4/4	4	1	V				c	III		V		V							M	1	0	-2, 2, -1		-2	-2	1	10	0.09090909090909091	0.25	1.75	0.125
274	274	0	0	4/4	4	1	V2				c	III		V2		V		2					Mm7	1	0	-4, -2, 2, -1		-2	-4	1	8	0.1111111111111111	0.25	1.5	0.14285714285714285
274	274	1/2	1/2	4/4	4	1	I6				c	III		I6		I		6					M	1	0	1, -2, -3		-3	1	1	8	0.1111111111111111	0.25	1.5	0.14285714285714285
275	275	0	0	4/4	4	1	ii7(119)				c	III		ii7(119)		ii		7	119				mm7	1	0	-1, -4, 0, -3	-2, 1	-1	-1	0	8	0.0	0.0	1.75	0.0
275	275	1/2	1/2	4/4	4	1	V7				c	III		V7		V		7					Mm7	1	0	-2, 2, -1, -4		-2	-2	0	8	0.0	0.0	1.25	0.0
276	276	0	0	4/4	4	1	I				c	III		I		I							M	1	0	-3, 1, -2		-3	-3	0	7	0.0	0.0	3.0	0.0
276	276	1/2	1/2	4/4	4	1	V6				c	III		V6		V		6					M	1	0	2, -1, -2		-2	2	0	7	0.0	0.0	3.0	0.0
277	277	0	0	4/4	4	1	V43/V				c	III		V43/V		V		43		V			Mm7	1	0	0, -3, -1, 3		-1	0	0	7	0.0	0.0	3.0	0.0
277	277	1/2	1/2	4/4	4	1	V				c	III		V		V							M	1	0	-2, 2, -1		-2	-2	1	7	0.125	0.25	2.75	0.08333333333333333
278	278	0	0	4/4	4	1	V2				c	III		V2		V		2					Mm7	1	0	-4, -2, 2, -1		-2	-4	1	11	0.08333333333333333	0.25	1.75	0.125
278	278	1/2	1/2	4/4	4	1	I6				c	III		I6		I		6					M	1	0	1, -2, -3		-3	1	1	11	0.08333333333333333	0.25	1.75	0.125
279	279	0	0	4/4	4	1	ii7(119)				c	III		ii7(119)		ii		7	119				mm7	1	0	-1, -4, 0, -3	-2, 1	-1	-1	0	6	0.0	0.0	3.25	0.0
279	279	1/2	1/2	4/4	4	1	V7				c	III		V7		V		7					Mm7	1	0	-2, 2, -1, -4		-2	-2	0	6	0.0	0.0	2.75	0.0
280	280	0	0	4/4	4	1	I\\				c	III		I		I						\\	M	1	0	-3, 1, -2		-3	-3	0	8	0.0	0.0	1.75	0.0
280	280	1/2	1/2	4/4	4	1	V43				c	III		V43		V		43					Mm7	1	0	-1, -4, -2, 2		-2	-1	0	6	0.0	0.0	1.375	0.0
281	281	0	0	4/4	4	1	I6				c	III		I6		I		6					M	1	0	1, -2, -3		-3	1	0	6	0.0	0.0	1.125	0.0
281	281	1/2	1/2	4/4	4	1	#viio65/ii				c	III		#viio65/ii		#vii	o	65		ii			o7	1	0	1, -2, -5, 4		4	1	0	7	0.0	0.0	1.25	0.0
282	282	0	0	4/4	4	1	ii6				c	III		ii6		ii		6					m	1	0	-4, 0, -1		-1	-4	0	3	0.0	0.0	0.625	0.0
282	282	1/4	1/4	4/4	4	1	ii65				c	III		ii65		ii		65					mm7	1	0	-4, 0, -3, -1		-1	-4	0	3	0.0	0.0	0.5	0.0
282	282	1/2	1/2	4/4	4	1	ii(6)				c	III		ii(6)		ii			6				m	1	0	-1, -4, 2		-1	-1	0	3	0.0	0.0	0.625	0.0
282	282	3/4	3/4	4/4	4	1	ii				c	III		ii		ii							m	1	0	-1, -4, 0		-1	-1	0	3	0.0	0.0	0.5	0.0
283	283	0	0	4/4	4	1	V(964)				c	III		V(964)		V			964				M	1	0	-2, -3, 1	0	-2	-2	0	4	0.0	0.0	0.75	0.0
283	283	1/4	1/4	4/4	4	1	V(64)				c	III		V(64)		V			64				M	1	0	-2, -3, 1		-2	-2	0	3	0.0	0.0	0.75	0.0
283	283	1/2	1/2	4/4	4	1	V7				c	III		V7		V		7					Mm7	1	0	-2, 2, -1, -4		-2	-2	0	6	0.0	0.0	1.0	0.0
284	284	0	0	4/4	4	1	I\\				c	III		I		I						\\	M	1	0	-3, 1, -2		-3	-3	0	10	0.0	0.0	1.875	0.0
284	284	1/2	1/2	4/4	4	1	V43				c	III		V43		V		43					Mm7	1	0	-1, -4, -2, 2		-2	-1	0	7	0.0	0.0	3.0	0.0
285	285	0	0	4/4	4	1	I6				c	III		I6		I		6					M	1	0	1, -2, -3		-3	1	0	9	0.0	0.0	1.75	0.0
285	285	1/2	1/2	4/4	4	1	#viio65/ii				c	III		#viio65/ii		#vii	o	65		ii			o7	1	0	1, -2, -5, 4		4	1	0	9	0.0	0.0	1.75	0.0
286	286	0	0	4/4	4	1	ii6				c	III		ii6		ii		6					m	1	0	-4, 0, -1		-1	-4	0	4	0.0	0.0	1.0	0.0
286	286	1/4	1/4	4/4	4	1	ii65				c	III		ii65		ii		65					mm7	1	0	-4, 0, -3, -1		-1	-4	0	5	0.0	0.0	0.75	0.0
286	286	1/2	1/2	4/4	4	1	viio7(11)/V				c	III		viio7(11)/V		vii	o	7	11	V			o7	1	0	3, 0, -3, -6	2	3	3	0	4	0.0	0.0	1.0	0.0
286	286	3/4	3/4	4/4	4	1	viio7/V				c	III		viio7/V		vii	o	7		V			o7	1	0	3, 0, -3, -6		3	3	0	5	0.0	0.0	0.75	0.0
287	287	0	0	4/4	4	1	V(964)				c	III		V(964)		V			964				M	1	0	-2, -3, 1	0	-2	-2	0	4	0.0	0.0	1.0	0.0
287	287	1/4	1/4	4/4	4	1	V(64)				c	III		V(64)		V			64				M	1	0	-2, -3, 1		-2	-2	0	5	0.0	0.0	0.75	0.0
287	287	1/2	1/2	4/4	4	1	V65/vi				c	III		V65/vi		V		65		vi			Mm7	1	0	5, 2, -1, 1		1	5	0	6	0.0	0.0	2.75	0.0
287	287	3/4	3/4	4/4	4	1	V7/vi				c	III		V7/vi		V		7		vi			Mm7	1	0	1, 5, 2, -1		1	1	0	1	0.0	0.0	0.25	0.0
288	288	0	0	4/4	4	1	vi				c	III		vi		vi							m	1	0	0, -3, 1		0	0	0	6	0.0	0.0	3.25	0.0
288	288	1/4	1/4	4/4	4	1	vi64				c	III		vi64		vi		64					m	1	0	1, 0, -3		0	1	0	1	0.0	0.0	0.25	0.0
288	288	1/2	1/2	4/4	4	1	V2/vi				c	III		V2/vi		V		2		vi			Mm7	1	0	-1, 1, 5, 2		1	-1	0	6	0.0	0.0	1.5	0.0
288	288	3/4	3/4	4/4	4	1	V/vi				c	III		V/vi		V				vi			M	1	0	1, 5, 2		1	1	0	4	0.0	0.0	0.5	0.0
289	289	0	0	4/4	4	1	V(64)/vi				c	III		V(64)/vi		V			64	vi			M	1	0	1, 0, -3		1	1	0	8	0.0	0.0	3.25	0.0
289	289	1/4	1/4	4/4	4	1	V2/vi				c	III		V2/vi		V		2		vi			Mm7	1	0	-1, 1, 5, 2		1	-1	2	13	0.13333333333333333	0.16666666666666666	2.0833333333333335	0.07407407407407407
290	290	0	0	4/4	4	1	vi6				c	III		vi6		vi		6					m	1	0	-3, 1, 0		0	-3	0	7	0.0	0.0	2.375	0.0
290	290	1/4	1/4	4/4	4	1	V43/vi				c	III		V43/vi		V		43		vi			Mm7	1	0	2, -1, 1, 5		1	2	4	14	0.2222222222222222	0.3333333333333333	2.1666666666666665	0.13333333333333333
291	291	0	0	4/4	4	1	vi				c	III		vi		vi							m	1	0	0, -3, 1		0	0	2	12	0.14285714285714285	0.5	3.5	0.125
292	292	0	0	4/4	4	1	ii65(13)				c	III		ii65(13)		ii		65	13				mm7	1	0	-4, 0, -3, -1	2	-1	-4	1	5	0.16666666666666666	0.0	2.25	0.0
292	292	1/4	1/4	4/4	4	1	ii65				c	III		ii65		ii		65					mm7	1	0	-4, 0, -3, -1		-1	-4	0	1	0.0	0.0	0.25	0.0
292	292	1/2	1/2	4/4	4	1	ii7				c	III		ii7		ii		7					mm7	1	0	-1, -4, 0, -3		-1	-1	0	6	0.0	0.0	2.5	0.0
293	293	0	0	4/4	4	1	V(64)				c	III		V(64)		V			64				M	1	0	-2, -3, 1		-2	-2	0	12	0.0	0.0	6.0	0.0
294	294	0	0	4/4	4	1	V7				c	III		V7		V		7					Mm7	1	0	-2, 2, -1, -4		-2	-2	1	12	0.07692307692307693	0.125	5.875	0.020833333333333332
295	295	0	0	4/4	4	1	I[I\\				c	III	I	I		I						\\	M	1	0	-3, 1, -2		-3	-3	0	5	0.0	0.0	2.75	0.0
295	295	1/2	1/2	4/4	4	1	V2/IV				c	III	I	V2/IV		V		2		IV			Mm7	1	0	-5, -3, 1, -2		-3	-5	0	5	0.0	0.0	1.125	0.0
296	296	0	0	4/4	4	1	IV6				c	III	I	IV6		IV		6					M	1	0	0, -3, -4		-4	0	0	6	0.0	0.0	2.375	0.0
296	296	1/2	1/2	4/4	4	1	V43/IV				c	III	I	V43/IV		V		43		IV			Mm7	1	0	-2, -5, -3, 1		-3	-2	0	6	0.0	0.0	1.375	0.0
297	297	0	0	4/4	4	1	viio7(b4)/V				c	III	I	viio7(b4)/V		vii	o	7	b4	V			o7	1	0	3, -5, -3, -6		3	3	0	4	0.0	0.0	1.875	0.0
297	297	1/4	1/4	4/4	4	1	viio7/V				c	III	I	viio7/V		vii	o	7		V			o7	1	0	3, 0, -3, -6		3	3	0	3	0.0	0.0	0.5	0.0
297	297	1/2	1/2	4/4	4	1	viio64				c	III	I	viio64		vii	o	64					o	1	0	-4, 2, -1		2	-4	0	5	0.0	0.0	1.125	0.0
298	298	0	0	4/4	4	1	I6				c	III	I	I6		I		6					M	1	0	1, -2, -3		-3	1	0	6	0.0	0.0	2.375	0.0
298	298	1/2	1/2	4/4	4	1	V43				c	III	I	V43		V		43					Mm7	1	0	-1, -4, -2, 2		-2	-1	0	6	0.0	0.0	1.375	0.0
299	299	0	0	4/4	4	1	I(4)				c	III	I	I(4)		I			4				M	1	0	-3, -4, -2		-3	-3	0	4	0.0	0.0	2.375	0.0
299	299	1/4	1/4	4/4	4	1	I				c	III	I	I		I							M	1	0	-3, 1, -2		-3	-3	0	3	0.0	0.0	0.5	0.0
299	299	1/2	1/2	4/4	4	1	V2/IV				c	III	I	V2/IV		V		2		IV			Mm7	1	0	-5, -3, 1, -2		-3	-5	0	5	0.0	0.0	1.125	0.0
300	300	0	0	4/4	4	1	IV6				c	III	I	IV6		IV		6					M	1	0	0, -3, -4		-4	0	0	7	0.0	0.0	3.375	0.0
300	300	1/2	1/2	4/4	4	1	V43/IV				c	III	I	V43/IV		V		43		IV			Mm7	1	0	-2, -5, -3, 1		-3	-2	0	6	0.0	0.0	1.375	0.0
301	301	0	0	4/4	4	1	viio7(b11)/V				c	III	I	viio7(b11)/V		vii	o	7	b11	V			o7	1	0	3, 0, -3, -6	-5	3	3	0	5	0.0	0.0	2.375	0.0
301	301	1/4	1/4	4/4	4	1	viio7/V				c	III	I	viio7/V		vii	o	7		V			o7	1	0	3, 0, -3, -6		3	3	0	3	0.0	0.0	0.5	0.0
301	301	1/2	1/2	4/4	4	1	V2				c	III	I	V2		V		2					Mm7	1	0	-4, -2, 2, -1		-2	-4	0	6	0.0	0.0	1.625	0.0
302	302	0	0	4/4	4	1	I6]				c	III	I	I6		I		6					M	1	0	1, -2, -3		-3	1	0	8	0.0	0.0	3.0	0.0
302	302	1/2	1/2	4/4	4	1	V43(+4)				c	III		V43(+4)		V		43	+4				Mm7	1	0	-1, -4, -2, 2	-3	-2	-1	0	7	0.0	0.0	1.5	0.0
303	303	0	0	4/4	4	1	I(4)				c	III		I(4)		I			4				M	1	0	-3, -4, -2		-3	-3	0	5	0.0	0.0	1.75	0.0
303	303	1/4	1/4	4/4	4	1	I				c	III		I		I							M	1	0	-3, 1, -2		-3	-3	1	9	0.1	0.25	1.75	0.125
304	304	0	0	4/4	4	1	V(4)				c	III		V(4)		V			4				M	1	0	-2, -3, -1		-2	-2	0	5	0.0	0.0	2.0	0.0
304	304	1/4	1/4	4/4	4	1	V				c	III		V		V							M	1	0	-2, 2, -1		-2	-2	0	3	0.0	0.0	0.5	0.0
304	304	1/2	1/2	4/4	4	1	V7				c	III		V7		V		7					Mm7	1	0	-2, 2, -1, -4		-2	-2	0	4	0.0	0.0	1.0	0.0
304	304	3/4	3/4	4/4	4	1	V				c	III		V		V							M	1	0	-2, 2, -1		-2	-2	0	3	0.0	0.0	0.5	0.0
305	305	0	0	4/4	4	1	I(4)				c	III		I(4)		I			4				M	1	0	-3, -4, -2		-3	-3	0	5	0.0	0.0	2.0	0.0
305	305	1/4	1/4	4/4	4	1	I				c	III		I		I							M	1	0	-3, 1, -2		-3	-3	1	9	0.1	0.25	1.75	0.125
306	306	0	0	4/4	4	1	V7(4)				c	III		V7(4)		V		7	4				Mm7	1	0	-2, -3, -1, -4		-2	-2	0	5	0.0	0.0	2.0	0.0
306	306	1/4	1/4	4/4	4	1	V7				c	III		V7		V		7					Mm7	1	0	-2, 2, -1, -4		-2	-2	0	8	0.0	0.0	1.25	0.0
306	306	3/4	3/4	4/4	4	1	V				c	III		V		V							M	1	0	-2, 2, -1		-2	-2	0	5	0.0	0.0	0.75	0.0
307	307	0	0	4/4	4	1	I\\				c	III		I		I						\\	M	1	0	-3, 1, -2		-3	-3	6	50	0.10714285714285714	0.75	23.25	0.03125
