mc	mn	mc_onset	mn_onset	timesig	staff	voice	label	offset_x	offset_y	offset	alt_label	globalkey	localkey	pedal	chord	special	numeral	form	figbass	changes	relativeroot	cadence	phraseend	chord_type	globalkey_is_minor	localkey_is_minor	chord_tones	added_tones	root	bass_note	n_colored	n_untouched	count_ratio	dur_colored	dur_untouched	dur_ratio
1	1	0	0	2/2	4	1	f.i[i					f	i	i	i		i							m	1	1	-1, -4, 0		-1	-1	12	25	0.32432432432432434	1.5	6.875	0.1791044776119403
3	3	5/8	5/8	2/2	4	1	i6					f	i	i	i6		i		6					m	1	1	-4, 0, -1		-1	-4	0	3	0.0	0.0	0.375	0.0
3	3	3/4	3/4	2/2	4	1	iio6					f	i	i	iio6		ii	o	6					o	1	1	-2, -5, 1		1	-2	0	3	0.0	0.0	0.375	0.0
3	3	7/8	7/8	2/2	4	1	#viio6/iv					f	i	i	#viio6/iv		#vii	o	6		iv			o	1	1	0, -3, 3		3	0	0	3	0.0	0.0	0.375	0.0
4	4	0	0	2/2	4	1	iv6					f	i	i	iv6		iv		6					m	1	1	-5, -1, -2		-2	-5	0	4	0.0	0.0	0.875	0.0
4	4	1/8	1/8	2/2	4	1	#viio64/iv					f	i	i	#viio64/iv		#vii	o	64		iv			o	1	1	-3, 3, 0		3	-3	0	3	0.0	0.0	0.375	0.0
4	4	1/4	1/4	2/2	4	1	iv64					f	i	i	iv64		iv		64					m	1	1	-1, -2, -5		-2	-1	0	3	0.0	0.0	0.375	0.0
4	4	3/8	3/8	2/2	4	1	iio64/iv					f	i	i	iio64/iv		ii	o	64		iv			o	1	1	-6, 0, -3		0	-6	0	3	0.0	0.0	0.375	0.0
4	4	1/2	1/2	2/2	4	1	iv64					f	i	i	iv64		iv		64					m	1	1	-1, -2, -5		-2	-1	0	4	0.0	0.0	0.875	0.0
4	4	5/8	5/8	2/2	4	1	V7/iv					f	i	i	V7/iv		V		7		iv			Mm7	1	1	-1, 3, 0, -3		-1	-1	0	3	0.0	0.0	0.375	0.0
4	4	3/4	3/4	2/2	4	1	iv64					f	i	i	iv64		iv		64					m	1	1	-1, -2, -5		-2	-1	0	3	0.0	0.0	0.375	0.0
4	4	7/8	7/8	2/2	4	1	iio6/iv	0	-8	/		f	i	i	iio6/iv		ii	o	6		iv			o	1	1	-3, -6, 0		0	-3	0	3	0.0	0.0	0.375	0.0
5	5	0	0	2/2	4	1	iv6					f	i	i	iv6		iv		6					m	1	1	-5, -1, -2		-2	-5	0	4	0.0	0.0	0.875	0.0
5	5	1/8	1/8	2/2	4	1	#viio6/iv					f	i	i	#viio6/iv		#vii	o	6		iv			o	1	1	0, -3, 3		3	0	0	3	0.0	0.0	0.375	0.0
5	5	1/4	1/4	2/2	4	1	iv64					f	i	i	iv64		iv		64					m	1	1	-1, -2, -5		-2	-1	0	3	0.0	0.0	0.375	0.0
5	5	3/8	3/8	2/2	4	1	iio6/iv					f	i	i	iio6/iv		ii	o	6		iv			o	1	1	-3, -6, 0		0	-3	0	3	0.0	0.0	0.375	0.0
5	5	1/2	1/2	2/2	4	1	iv6					f	i	i	iv6		iv		6					m	1	1	-5, -1, -2		-2	-5	0	4	0.0	0.0	0.875	0.0
5	5	5/8	5/8	2/2	4	1	III6					f	i	i	III6		III		6					M	1	1	0, -3, -4		-4	0	0	3	0.0	0.0	0.375	0.0
5	5	3/4	3/4	2/2	4	1	iio6					f	i	i	iio6		ii	o	6					o	1	1	-2, -5, 1		1	-2	0	3	0.0	0.0	0.375	0.0
5	5	7/8	7/8	2/2	4	1	i6]					f	i	i	i6		i		6					m	1	1	-4, 0, -1		-1	-4	0	3	0.0	0.0	0.375	0.0
6	6	0	0	2/2	4	1	#viio6					f	i		#viio6		#vii	o	6					o	1	1	1, -2, 4		4	1	0	5	0.0	0.0	1.75	0.0
6	6	1/4	1/4	2/2	4	1	iio					f	i		iio		ii	o						o	1	1	1, -2, -5		1	1	0	2	0.0	0.0	0.25	0.0
6	6	1/2	1/2	2/2	4	1	i6(6)					f	i		i6(6)		i		6	6				m	1	1	-4, -5, -1		-1	-4	0	4	0.0	0.0	0.875	0.0
6	6	5/8	5/8	2/2	4	1	i6					f	i		i6		i		6					m	1	1	-4, 0, -1		-1	-4	0	9	0.0	0.0	1.125	0.0
7	7	0	0	2/2	4	1	#viio6					f	i		#viio6		#vii	o	6					o	1	1	1, -2, 4		4	1	0	5	0.0	0.0	1.75	0.0
7	7	1/4	1/4	2/2	4	1	iio					f	i		iio		ii	o						o	1	1	1, -2, -5		1	1	0	2	0.0	0.0	0.25	0.0
7	7	1/2	1/2	2/2	4	1	i6(6)					f	i		i6(6)		i		6	6				m	1	1	-4, -5, -1		-1	-4	0	4	0.0	0.0	0.875	0.0
7	7	5/8	5/8	2/2	4	1	i6					f	i		i6		i		6					m	1	1	-4, 0, -1		-1	-4	1	8	0.1111111111111111	0.125	1.0	0.1111111111111111
8	8	0	0	2/2	4	1	viio7/V					f	i		viio7/V		vii	o	7		V			o7	1	1	5, 2, -1, -4		5	5	0	20	0.0	0.0	4.0	0.0
9	9	0	0	2/2	4	1	V\\					f	i		V		V						\\	M	1	1	0, 4, 1		0	0	0	7	0.0	0.0	1.75	0.0
9	9	1/2	1/2	2/2	4	1	iio64					f	i		iio64		ii	o	64					o	1	1	-5, 1, -2		1	-5	0	3	0.0	0.0	1.0	0.0
10	10	1/2	1/2	2/2	4	1	iio6					f	i		iio6		ii	o	6					o	1	1	-2, -5, 1		1	-2	1	7	0.125	0.125	1.375	0.08333333333333333
11	11	0	0	2/2	4	1	#viio43					f	i		#viio43		#vii	o	43					o7	1	1	-2, -5, 4, 1		4	-2	0	3	0.0	0.0	1.25	0.0
11	11	1/2	1/2	2/2	4	1	#viio2					f	i		#viio2		#vii	o	2					o7	1	1	-5, 4, 1, -2		4	-5	2	8	0.2	0.25	1.25	0.16666666666666666
12	12	0	0	2/2	4	1	#viio65					f	i		#viio65		#vii	o	65					o7	1	1	1, -2, -5, 4		4	1	0	3	0.0	0.0	1.0	0.0
12	12	1/2	1/2	2/2	4	1	iio64					f	i		iio64		ii	o	64					o	1	1	-5, 1, -2		1	-5	0	3	0.0	0.0	0.625	0.0
12	12	3/4	3/4	2/2	4	1	ii%43					f	i		ii%43		ii	%	43					%7	1	1	-5, -1, 1, -2		1	-5	0	3	0.0	0.0	0.375	0.0
13	13	0	0	2/2	4	1	#viio2					f	i		#viio2		#vii	o	2					o7	1	1	-5, 4, 1, -2		4	-5	0	2	0.0	0.0	0.75	0.0
13	13	1/2	1/2	2/2	4	1	iio					f	i		iio		ii	o						o	1	1	1, -2, -5		1	1	1	3	0.25	0.125	0.375	0.25
14	14	0	0	2/2	4	1	V					f	i		V		V							M	1	1	0, 4, 1		0	0	0	2	0.0	0.0	0.5	0.0
14	14	1/2	1/2	2/2	4	1	V43					f	i		V43		V		43					Mm7	1	1	1, -2, 0, 4		0	1	0	2	0.0	0.0	0.5	0.0
15	15	0	0	2/2	4	1	i[i\\					f	i	i	i		i						\\	m	1	1	-1, -4, 0		-1	-1	0	1	0.0	0.0	0.5	0.0
15	15	1/2	1/2	2/2	4	1	V7/iv					f	i	i	V7/iv		V		7		iv			Mm7	1	1	-1, 3, 0, -3		-1	-1	4	12	0.25	0.5	3.375	0.12903225806451613
16	16	5/8	5/8	2/2	4	1	iv64					f	i	i	iv64		iv		64					m	1	1	-1, -2, -5		-2	-1	0	3	0.0	0.0	0.375	0.0
16	16	3/4	3/4	2/2	4	1	iio64/iv					f	i	i	iio64/iv		ii	o	64		iv			o	1	1	-6, 0, -3		0	-6	0	3	0.0	0.0	0.375	0.0
16	16	7/8	7/8	2/2	4	1	iv64					f	i	i	iv64		iv		64					m	1	1	-1, -2, -5		-2	-1	0	3	0.0	0.0	0.375	0.0
17	17	0	0	2/2	4	1	V7/iv					f	i	i	V7/iv		V		7		iv			Mm7	1	1	-1, 3, 0, -3		-1	-1	6	14	0.3	0.75	3.25	0.1875
18	18	0	0	2/2	4	1	iv6					f	i	i	iv6		iv		6					m	1	1	-5, -1, -2		-2	-5	2	4	0.3333333333333333	0.25	1.25	0.16666666666666666
18	18	1/4	1/4	2/2	4	1	iv64					f	i	i	iv64		iv		64					m	1	1	-1, -2, -5		-2	-1	2	2	0.5	0.25	0.25	0.5
18	18	1/2	1/2	2/2	4	1	iv6					f	i	i	iv6		iv		6					m	1	1	-5, -1, -2		-2	-5	6	10	0.375	0.75	2.75	0.21428571428571427
19	19	1/4	1/4	2/2	4	1	iv64					f	i	i	iv64		iv		64					m	1	1	-1, -2, -5		-2	-1	2	2	0.5	0.25	0.25	0.5
19	19	1/2	1/2	2/2	4	1	iv6]					f	i	i	iv6		iv		6					m	1	1	-5, -1, -2		-2	-5	4	6	0.4	0.5	1.5	0.25
20	20	0	0	2/2	4	1	#viio65					f	i		#viio65		#vii	o	65					o7	1	1	1, -2, -5, 4		4	1	0	5	0.0	0.0	1.0	0.0
20	20	1/4	1/4	2/2	4	1	i6					f	i		i6		i		6					m	1	1	-4, 0, -1		-1	-4	0	5	0.0	0.0	1.5	0.0
20	20	1/2	1/2	2/2	4	1	ii%65					f	i		ii%65		ii	%	65					%7	1	1	-2, -5, -1, 1		1	-2	0	4	0.0	0.0	0.75	0.0
20	20	3/4	3/4	2/2	4	1	i64					f	i		i64		i		64					m	1	1	0, -1, -4		-1	0	0	4	0.0	0.0	0.75	0.0
21	21	0	0	2/2	4	1	iv6					f	i		iv6		iv		6					m	1	1	-5, -1, -2		-2	-5	0	5	0.0	0.0	1.25	0.0
21	21	1/4	1/4	2/2	4	1	i65					f	i		i65		i		65					mm7	1	1	-4, 0, -3, -1		-1	-4	0	5	0.0	0.0	0.75	0.0
21	21	1/2	1/2	2/2	4	1	iv					f	i		iv		iv							m	1	1	-2, -5, -1		-2	-2	0	6	0.0	0.0	1.0	0.0
21	21	3/4	3/4	2/2	4	1	V43					f	i		V43		V		43					Mm7	1	1	1, -2, 0, 4		0	1	0	7	0.0	0.0	1.0	0.0
22	22	0	0	2/2	4	1	i6					f	i		i6		i		6					m	1	1	-4, 0, -1		-1	-4	0	7	0.0	0.0	1.0	0.0
22	22	1/4	1/4	2/2	4	1	V65					f	i		V65		V		65					Mm7	1	1	4, 1, -2, 0		0	4	0	7	0.0	0.0	1.0	0.0
22	22	1/2	1/2	2/2	4	1	i					f	i		i		i							m	1	1	-1, -4, 0		-1	-1	0	7	0.0	0.0	1.0	0.0
22	22	3/4	3/4	2/2	4	1	iio(+4)					f	i		iio(+4)		ii	o		+4				o	1	1	1, -2, -5	0	1	1	0	7	0.0	0.0	1.0	0.0
23	23	0	0	2/2	4	1	i6\\					f	i		i6		i		6				\\	m	1	1	-4, 0, -1		-1	-4	0	9	0.0	0.0	3.0	0.0
24	24	0	0	2/2	4	1	iv6(2)					f	i		iv6(2)		iv		6	2				m	1	1	-5, -1, 0		-2	-5	0	5	0.0	0.0	3.625	0.0
24	24	5/8	5/8	2/2	4	1	iv6					f	i		iv6		iv		6					m	1	1	-5, -1, -2		-2	-5	2	1	0.6666666666666666	0.25	0.125	0.6666666666666666
25	25	0	0	2/2	4	1	VI(#4)					f	i		VI(#4)		VI			#4				M	1	1	-5, -1, 8		-5	-5	1	3	0.25	0.25	1.5	0.14285714285714285
25	25	1/4	1/4	2/2	4	1	VI					f	i		VI		VI							M	1	1	-5, -1, -4		-5	-5	0	1	0.0	0.0	0.25	0.0
25	25	1/2	1/2	2/2	4	1	viio7/V					f	i		viio7/V		vii	o	7		V			o7	1	1	5, 2, -1, -4		5	5	0	6	0.0	0.0	1.5	0.0
26	26	0	0	2/2	4	1	V(6)					f	i		V(6)		V			6				M	1	1	0, 4, -4		0	0	0	6	0.0	0.0	3.0	0.0
26	26	5/8	5/8	2/2	4	1	V7					f	i		V7		V		7					Mm7	1	1	0, 4, 1, -2		0	0	0	2	0.0	0.0	0.25	0.0
26	26	3/4	3/4	2/2	4	1	V(64)					f	i		V(64)		V			64				M	1	1	0, -1, -4		0	0	0	3	0.0	0.0	0.5	0.0
26	26	7/8	7/8	2/2	4	1	V					f	i		V		V							M	1	1	0, 4, 1		0	0	0	2	0.0	0.0	0.25	0.0
27	27	0	0	2/2	4	1	i					f	i		i		i							m	1	1	-1, -4, 0		-1	-1	0	7	0.0	0.0	2.0	0.0
27	27	1/2	1/2	2/2	4	1	i6					f	i		i6		i		6					m	1	1	-4, 0, -1		-1	-4	0	7	0.0	0.0	2.0	0.0
28	28	0	0	2/2	4	1	iv6(2)					f	i		iv6(2)		iv		6	2				m	1	1	-5, -1, 0		-2	-5	0	6	0.0	0.0	3.25	0.0
28	28	5/8	5/8	2/2	4	1	iv6					f	i		iv6		iv		6					m	1	1	-5, -1, -2		-2	-5	4	2	0.6666666666666666	0.5	0.25	0.6666666666666666
29	29	0	0	2/2	4	1	VI(#4)					f	i		VI(#4)		VI			#4				M	1	1	-5, -1, 8		-5	-5	2	2	0.5	0.5	1.0	0.3333333333333333
29	29	1/4	1/4	2/2	4	1	VI					f	i		VI		VI							M	1	1	-5, -1, -4		-5	-5	0	2	0.0	0.0	0.5	0.0
29	29	1/2	1/2	2/2	4	1	V/VI					f	i		V/VI		V				VI			M	1	1	-4, 0, -3		-4	-4	0	4	0.0	0.0	1.0	0.0
30	30	0	0	2/2	4	1	V65/VI					f	i		V65/VI		V		65		VI			Mm7	1	1	0, -3, -6, -4		-4	0	2	6	0.25	0.25	3.75	0.0625
31	31	0	0	2/2	4	1	VI(#9)					f	i		VI(#9)		VI			#9				M	1	1	-5, -1, -4	4	-5	-5	0	4	0.0	0.0	1.75	0.0
31	31	1/4	1/4	2/2	4	1	VI					f	i		VI		VI							M	1	1	-5, -1, -4		-5	-5	0	1	0.0	0.0	0.25	0.0
31	31	1/2	1/2	2/2	4	1	V/VI					f	i		V/VI		V				VI			M	1	1	-4, 0, -3		-4	-4	0	4	0.0	0.0	1.0	0.0
32	32	0	0	2/2	4	1	V65/VI					f	i		V65/VI		V		65		VI			Mm7	1	1	0, -3, -6, -4		-4	0	2	6	0.25	0.25	3.75	0.0625
33	33	0	0	2/2	4	1	VI(#9)					f	i		VI(#9)		VI			#9				M	1	1	-5, -1, -4	4	-5	-5	0	4	0.0	0.0	1.625	0.0
33	33	1/8	1/8	2/2	4	1	VI					f	i		VI		VI							M	1	1	-5, -1, -4		-5	-5	0	3	0.0	0.0	0.375	0.0
33	33	1/2	1/2	2/2	4	1	V65					f	i		V65		V		65					Mm7	1	1	4, 1, -2, 0		0	4	1	6	0.14285714285714285	0.125	1.875	0.0625
34	34	0	0	2/2	4	1	i(9)					f	i		i(9)		i			9				m	1	1	-1, -4, 0	1	-1	-1	0	4	0.0	0.0	1.625	0.0
34	34	1/8	1/8	2/2	4	1	i					f	i		i		i							m	1	1	-1, -4, 0		-1	-1	0	3	0.0	0.0	0.375	0.0
34	34	1/2	1/2	2/2	4	1	V43					f	i		V43		V		43					Mm7	1	1	1, -2, 0, 4		0	1	1	7	0.125	0.125	2.375	0.05
35	35	0	0	2/2	4	1	i6(11)					f	i		i6(11)		i		6	11				m	1	1	-4, 0, -1	-2	-1	-4	0	5	0.0	0.0	2.125	0.0
35	35	1/8	1/8	2/2	4	1	i6					f	i		i6		i		6					m	1	1	-4, 0, -1		-1	-4	0	3	0.0	0.0	0.375	0.0
35	35	1/2	1/2	2/2	4	1	iv6					f	i		iv6		iv		6					m	1	1	-5, -1, -2		-2	-5	1	6	0.14285714285714285	0.125	1.875	0.0625
36	36	0	0	2/2	4	1	V(64)					f	i		V(64)		V			64				M	1	1	0, -1, -4		0	0	0	8	0.0	0.0	2.5	0.0
36	36	1/2	1/2	2/2	4	1	V7					f	i		V7		V		7					Mm7	1	1	0, 4, 1, -2		0	0	0	8	0.0	0.0	2.5	0.0
37	37	0	0	2/2	4	1	VI(#9)					f	i		VI(#9)		VI			#9				M	1	1	-5, -1, -4	4	-5	-5	0	4	0.0	0.0	0.75	0.0
37	37	1/8	1/8	2/2	4	1	VI					f	i		VI		VI							M	1	1	-5, -1, -4		-5	-5	0	10	0.0	0.0	1.25	0.0
37	37	1/2	1/2	2/2	4	1	V65					f	i		V65		V		65					Mm7	1	1	4, 1, -2, 0		0	4	2	12	0.14285714285714285	0.25	1.75	0.125
38	38	0	0	2/2	4	1	i(9)					f	i		i(9)		i			9				m	1	1	-1, -4, 0	1	-1	-1	0	4	0.0	0.0	0.75	0.0
38	38	1/8	1/8	2/2	4	1	i					f	i		i		i							m	1	1	-1, -4, 0		-1	-1	0	10	0.0	0.0	1.25	0.0
38	38	1/2	1/2	2/2	4	1	V43					f	i		V43		V		43					Mm7	1	1	1, -2, 0, 4		0	1	2	15	0.11764705882352941	0.25	2.25	0.1
39	39	0	0	2/2	4	1	i6(11)					f	i		i6(11)		i		6	11				m	1	1	-4, 0, -1	-2	-1	-4	0	5	0.0	0.0	1.0	0.0
39	39	1/8	1/8	2/2	4	1	i6					f	i		i6		i		6					m	1	1	-4, 0, -1		-1	-4	0	12	0.0	0.0	1.5	0.0
39	39	1/2	1/2	2/2	4	1	iv6					f	i		iv6		iv		6					m	1	1	-5, -1, -2		-2	-5	2	13	0.13333333333333333	0.25	2.0	0.1111111111111111
40	40	0	0	2/2	4	1	V(64)					f	i		V(64)		V			64				M	1	1	0, -1, -4		0	0	0	15	0.0	0.0	2.25	0.0
40	40	1/2	1/2	2/2	4	1	V7					f	i		V7		V		7					Mm7	1	1	0, 4, 1, -2		0	0	0	15	0.0	0.0	2.25	0.0
41	41	0	0	2/2	4	1	i[i\\					f	i	i	i		i						\\	m	1	1	-1, -4, 0		-1	-1	0	8	0.0	0.0	1.0	0.0
41	41	1/4	1/4	2/2	4	1	i6					f	i	i	i6		i		6					m	1	1	-4, 0, -1		-1	-4	0	8	0.0	0.0	1.0	0.0
41	41	1/2	1/2	2/2	4	1	i					f	i	i	i		i							m	1	1	-1, -4, 0		-1	-1	2	14	0.125	0.16666666666666666	1.8333333333333333	0.08333333333333333
42	42	0	0	2/2	4	1	#viio43					f	i	i	#viio43		#vii	o	43					o7	1	1	-2, -5, 4, 1		4	-2	1	7	0.125	0.08333333333333333	0.9166666666666666	0.08333333333333333
42	42	1/4	1/4	2/2	4	1	#viio6					f	i	i	#viio6		#vii	o	6					o	1	1	1, -2, 4		4	1	3	5	0.375	0.4166666666666667	0.5833333333333334	0.4166666666666667
42	42	1/2	1/2	2/2	4	1	#viio65					f	i	i	#viio65		#vii	o	65					o7	1	1	1, -2, -5, 4		4	1	1	7	0.125	0.08333333333333333	0.9166666666666666	0.08333333333333333
42	42	3/4	3/4	2/2	4	1	#viio7					f	i	i	#viio7		#vii	o	7					o7	1	1	4, 1, -2, -5		4	4	2	6	0.25	0.16666666666666666	0.8333333333333334	0.16666666666666666
43	43	0	0	2/2	4	1	i					f	i	i	i		i							m	1	1	-1, -4, 0		-1	-1	0	8	0.0	0.0	1.0	0.0
43	43	1/4	1/4	2/2	4	1	i6					f	i	i	i6		i		6					m	1	1	-4, 0, -1		-1	-4	0	8	0.0	0.0	1.0	0.0
43	43	1/2	1/2	2/2	4	1	i					f	i	i	i		i							m	1	1	-1, -4, 0		-1	-1	2	14	0.125	0.16666666666666666	1.8333333333333333	0.08333333333333333
44	44	0	0	2/2	4	1	#viio43					f	i	i	#viio43		#vii	o	43					o7	1	1	-2, -5, 4, 1		4	-2	1	7	0.125	0.08333333333333333	0.9166666666666666	0.08333333333333333
44	44	1/4	1/4	2/2	4	1	#viio64					f	i	i	#viio64		#vii	o	64					o	1	1	-2, 4, 1		4	-2	3	5	0.375	0.4166666666666667	0.5833333333333334	0.4166666666666667
44	44	1/2	1/2	2/2	4	1	#viio43					f	i	i	#viio43		#vii	o	43					o7	1	1	-2, -5, 4, 1		4	-2	4	12	0.25	0.5	1.5	0.25
45	45	0	0	2/2	4	1	i					f	i	i	i		i							m	1	1	-1, -4, 0		-1	-1	0	16	0.0	0.0	2.0	0.0
45	45	1/2	1/2	2/2	4	1	III.IV6]					f	III	vi	IV6		IV		6					M	1	0	-1, -4, -5		-5	-1	2	14	0.125	0.16666666666666666	1.8333333333333333	0.08333333333333333
46	46	0	0	2/2	4	1	V65					f	III		V65		V		65					Mm7	1	0	1, -2, -5, -3		-3	1	4	13	0.23529411764705882	0.3333333333333333	4.666666666666667	0.06666666666666667
47	47	0	0	2/2	4	1	I					f	III		I		I							M	1	0	-4, 0, -3		-4	-4	1	14	0.06666666666666667	0.08333333333333333	1.6666666666666667	0.047619047619047616
47	47	1/2	1/2	2/2	4	1	vi6					f	III		vi6		vi		6					m	1	0	-4, 0, -1		-1	-4	2	14	0.125	0.16666666666666666	1.8333333333333333	0.08333333333333333
48	48	0	0	2/2	4	1	viio6					f	III		viio6		vii	o	6					o	1	0	-2, -5, 1		1	-2	3	6	0.3333333333333333	0.25	2.75	0.08333333333333333
48	48	1/2	1/2	2/2	4	1	V43					f	III		V43		V		43					Mm7	1	0	-2, -5, -3, 1		-3	-2	2	5	0.2857142857142857	0.16666666666666666	0.8333333333333334	0.16666666666666666
49	49	0	0	2/2	4	1	iii					f	III		iii		iii							m	1	0	0, -3, 1		0	0	1	8	0.1111111111111111	0.08333333333333333	1.6666666666666667	0.047619047619047616
49	49	1/2	1/2	2/2	4	1	I6					f	III		I6		I		6					M	1	0	0, -3, -4		-4	0	3	7	0.3	0.25	1.5	0.14285714285714285
50	50	0	0	2/2	4	1	viio/V					f	III		viio/V		vii	o			V			o	1	0	2, -1, -4		2	2	0	4	0.0	0.0	1.0	0.0
50	50	1/4	1/4	2/2	4	1	viio7/V					f	III		viio7/V		vii	o	7		V			o7	1	0	2, -1, -4, -7		2	2	1	4	0.2	0.08333333333333333	0.6666666666666666	0.1111111111111111
50	50	1/2	1/2	2/2	4	1	V65/V					f	III		V65/V		V		65		V			Mm7	1	0	2, -1, -4, -2		-2	2	2	8	0.2	0.16666666666666666	1.5833333333333333	0.09523809523809523
51	51	0	0	2/2	4	1	V					f	III		V		V							M	1	0	-3, 1, -2		-3	-3	1	4	0.2	0.08333333333333333	0.6666666666666666	0.1111111111111111
51	51	1/4	1/4	2/2	4	1	V43					f	III		V43		V		43					Mm7	1	0	-2, -5, -3, 1		-3	-2	1	5	0.16666666666666666	0.08333333333333333	0.9166666666666666	0.08333333333333333
51	51	1/2	1/2	2/2	4	1	I					f	III		I		I							M	1	0	-4, 0, -3		-4	-4	1	5	0.16666666666666666	0.08333333333333333	0.9166666666666666	0.08333333333333333
51	51	3/4	3/4	2/2	4	1	V43/V					f	III		V43/V		V		43		V			Mm7	1	0	-1, -4, -2, 2		-2	-1	1	6	0.14285714285714285	0.08333333333333333	1.1666666666666667	0.06666666666666667
52	52	0	0	2/2	4	1	V					f	III		V		V							M	1	0	-3, 1, -2		-3	-3	1	6	0.14285714285714285	0.08333333333333333	1.1666666666666667	0.06666666666666667
52	52	1/4	1/4	2/2	4	1	V43					f	III		V43		V		43					Mm7	1	0	-2, -5, -3, 1		-3	-2	1	5	0.16666666666666666	0.08333333333333333	0.9166666666666666	0.08333333333333333
52	52	1/2	1/2	2/2	4	1	I					f	III		I		I							M	1	0	-4, 0, -3		-4	-4	1	5	0.16666666666666666	0.08333333333333333	0.9166666666666666	0.08333333333333333
52	52	3/4	3/4	2/2	4	1	V43/V					f	III		V43/V		V		43		V			Mm7	1	0	-1, -4, -2, 2		-2	-1	1	6	0.14285714285714285	0.08333333333333333	1.1666666666666667	0.06666666666666667
53	53	0	0	2/2	4	1	V[I6					f	III	V	I6		I		6					M	1	0	0, -3, -4		-4	0	0	8	0.0	0.0	1.875	0.0
53	53	1/2	1/2	2/2	4	1	I					f	III	V	I		I							M	1	0	-4, 0, -3		-4	-4	0	2	0.0	0.0	0.5	0.0
53	53	3/4	3/4	2/2	4	1	IV					f	III	V	IV		IV							M	1	0	-5, -1, -4		-5	-5	1	2	0.3333333333333333	0.125	0.5	0.2
54	54	0	0	2/2	4	1	I6					f	III	V	I6		I		6					M	1	0	0, -3, -4		-4	0	0	4	0.0	0.0	0.875	0.0
54	54	1/4	1/4	2/2	4	1	I					f	III	V	I		I							M	1	0	-4, 0, -3		-4	-4	0	2	0.0	0.0	0.5	0.0
54	54	1/2	1/2	2/2	4	1	V					f	III	V	V		V							M	1	0	-3, 1, -2		-3	-3	0	2	0.0	0.0	0.5	0.0
54	54	3/4	3/4	2/2	4	1	IV6					f	III	V	IV6		IV		6					M	1	0	-1, -4, -5		-5	-1	1	3	0.25	0.125	0.75	0.14285714285714285
55	55	0	0	2/2	4	1	I64					f	III	V	I64		I		64					M	1	0	-3, -4, 0		-4	-3	0	5	0.0	0.0	1.125	0.0
55	55	1/4	1/4	2/2	4	1	I6					f	III	V	I6		I		6					M	1	0	0, -3, -4		-4	0	0	4	0.0	0.0	1.0	0.0
55	55	1/2	1/2	2/2	4	1	V64					f	III	V	V64		V		64					M	1	0	-2, -3, 1		-3	-2	0	4	0.0	0.0	1.0	0.0
55	55	3/4	3/4	2/2	4	1	#viio7/ii	0	-8	/		f	III	V	#viio7/ii		#vii	o	7		ii			o7	1	0	3, 0, -3, -6		3	3	0	4	0.0	0.0	0.875	0.0
56	56	0	0	2/2	4	1	ii(4)					f	III	V	ii(4)		ii			4				m	1	0	-2, -3, -1		-2	-2	0	4	0.0	0.0	1.75	0.0
56	56	1/4	1/4	2/2	4	1	ii					f	III	V	ii		ii							m	1	0	-2, -5, -1		-2	-2	1	1	0.5	0.125	0.125	0.5
56	56	1/2	1/2	2/2	4	1	V6					f	III	V	V6		V		6					M	1	0	1, -2, -3		-3	1	0	4	0.0	0.0	1.75	0.0
56	56	3/4	3/4	2/2	4	1	viio					f	III	V	viio		vii	o						o	1	0	1, -2, -5		1	1	1	1	0.5	0.125	0.125	0.5
57	57	0	0	2/2	4	1	I64					f	III	V	I64		I		64					M	1	0	-3, -4, 0		-4	-3	0	5	0.0	0.0	1.125	0.0
57	57	1/4	1/4	2/2	4	1	I					f	III	V	I		I							M	1	0	-4, 0, -3		-4	-4	0	4	0.0	0.0	1.0	0.0
57	57	1/2	1/2	2/2	4	1	I6					f	III	V	I6		I		6					M	1	0	0, -3, -4		-4	0	0	4	0.0	0.0	1.0	0.0
57	57	3/4	3/4	2/2	4	1	IV					f	III	V	IV		IV							M	1	0	-5, -1, -4		-5	-5	1	3	0.25	0.125	0.75	0.14285714285714285
58	58	0	0	2/2	4	1	I64					f	III	V	I64		I		64					M	1	0	-3, -4, 0		-4	-3	0	5	0.0	0.0	1.125	0.0
58	58	1/4	1/4	2/2	4	1	I6					f	III	V	I6		I		6					M	1	0	0, -3, -4		-4	0	0	4	0.0	0.0	1.0	0.0
58	58	1/2	1/2	2/2	4	1	I64					f	III	V	I64		I		64					M	1	0	-3, -4, 0		-4	-3	0	4	0.0	0.0	1.0	0.0
58	58	3/4	3/4	2/2	4	1	IV6					f	III	V	IV6		IV		6					M	1	0	-1, -4, -5		-5	-1	1	3	0.25	0.125	0.75	0.14285714285714285
59	59	0	0	2/2	4	1	I64					f	III	V	I64		I		64					M	1	0	-3, -4, 0		-4	-3	0	9	0.0	0.0	2.125	0.0
59	59	1/2	1/2	2/2	4	1	iii6					f	III	V	iii6		iii		6					m	1	0	-3, 1, 0		0	-3	0	4	0.0	0.0	1.0	0.0
59	59	3/4	3/4	2/2	4	1	iiio6					f	III	V	iiio6		iii	o	6					o	1	0	-3, -6, 0		0	-3	0	4	0.0	0.0	0.875	0.0
60	60	0	0	2/2	4	1	V6(2)/V					f	III	V	V6(2)/V		V		6	2	V			M	1	0	2, -1, 0		-2	2	1	3	0.25	0.5	1.25	0.2857142857142857
60	60	1/4	1/4	2/2	4	1	V65/V					f	III	V	V65/V		V		65		V			Mm7	1	0	2, -1, -4, -2		-2	2	0	2	0.0	0.0	0.25	0.0
60	60	1/2	1/2	2/2	4	1	viio64(4)					f	III	V	viio64(4)		vii	o	64	4				o	1	0	-5, 1, 0		1	-5	1	3	0.25	0.5	1.25	0.2857142857142857
60	60	3/4	3/4	2/2	4	1	viio64]	0	-8	/		f	III	V	viio64		vii	o	64					o	1	0	-5, 1, -2		1	-5	1	1	0.5	0.125	0.125	0.5
61	61	0	0	2/2	4	1	I6					f	III		I6		I		6					M	1	0	0, -3, -4		-4	0	0	4	0.0	0.0	1.625	0.0
61	61	1/4	1/4	2/2	4	1	I					f	III		I		I							M	1	0	-4, 0, -3		-4	-4	0	2	0.0	0.0	0.5	0.0
61	61	1/2	1/2	2/2	4	1	vi					f	III		vi		vi							m	1	0	-1, -4, 0		-1	-1	0	2	0.0	0.0	0.5	0.0
61	61	3/4	3/4	2/2	4	1	ii65					f	III		ii65		ii		65					mm7	1	0	-5, -1, -4, -2		-2	-5	0	4	0.0	0.0	0.875	0.0
62	62	0	0	2/2	4	1	I6					f	III		I6		I		6					M	1	0	0, -3, -4		-4	0	0	5	0.0	0.0	1.125	0.0
62	62	1/4	1/4	2/2	4	1	vi					f	III		vi		vi							m	1	0	-1, -4, 0		-1	-1	0	4	0.0	0.0	1.0	0.0
62	62	1/2	1/2	2/2	4	1	I6					f	III		I6		I		6					M	1	0	0, -3, -4		-4	0	0	4	0.0	0.0	1.0	0.0
62	62	3/4	3/4	2/2	4	1	ii7					f	III		ii7		ii		7					mm7	1	0	-2, -5, -1, -4		-2	-2	0	4	0.0	0.0	0.875	0.0
63	63	0	0	2/2	4	1	V7(6)/IV					f	III		V7(6)/IV		V		7	6	IV			Mm7	1	0	-4, 0, -1, -6		-4	-4	0	5	0.0	0.0	1.625	0.0
63	63	1/4	1/4	2/2	4	1	V7/IV					f	III		V7/IV		V		7		IV			Mm7	1	0	-4, 0, -3, -6		-4	-4	0	2	0.0	0.0	0.5	0.0
63	63	1/2	1/2	2/2	4	1	IV					f	III		IV		IV							M	1	0	-5, -1, -4		-5	-5	0	4	0.0	0.0	1.0	0.0
63	63	3/4	3/4	2/2	4	1	V(64)					f	III		V(64)		V			64				M	1	0	-3, -4, 0		-3	-3	0	4	0.0	0.0	0.875	0.0
64	64	0	0	2/2	4	1	ii43					f	III		ii43		ii		43					mm7	1	0	-1, -4, -2, -5		-2	-1	0	4	0.0	0.0	2.5	0.0
64	64	1/2	1/2	2/2	4	1	V7					f	III		V7		V		7					Mm7	1	0	-3, 1, -2, -5		-3	-3	2	4	0.3333333333333333	0.25	1.25	0.16666666666666666
65	65	0	0	2/2	4	1	I					f	III		I		I							M	1	0	-4, 0, -3		-4	-4	0	7	0.0	0.0	1.875	0.0
65	65	1/2	1/2	2/2	4	1	vi					f	III		vi		vi							m	1	0	-1, -4, 0		-1	-1	0	3	0.0	0.0	0.75	0.0
65	65	3/4	3/4	2/2	4	1	IV					f	III		IV		IV							M	1	0	-5, -1, -4		-5	-5	0	4	0.0	0.0	0.875	0.0
66	66	0	0	2/2	4	1	I6					f	III		I6		I		6					M	1	0	0, -3, -4		-4	0	0	5	0.0	0.0	1.125	0.0
66	66	1/4	1/4	2/2	4	1	vi					f	III		vi		vi							m	1	0	-1, -4, 0		-1	-1	0	4	0.0	0.0	1.0	0.0
66	66	1/2	1/2	2/2	4	1	I6					f	III		I6		I		6					M	1	0	0, -3, -4		-4	0	0	4	0.0	0.0	1.0	0.0
66	66	3/4	3/4	2/2	4	1	ii7					f	III		ii7		ii		7					mm7	1	0	-2, -5, -1, -4		-2	-2	0	4	0.0	0.0	0.875	0.0
67	67	0	0	2/2	4	1	V7/IV					f	III		V7/IV		V		7		IV			Mm7	1	0	-4, 0, -3, -6		-4	-4	0	4	0.0	0.0	2.25	0.0
67	67	1/2	1/2	2/2	4	1	IV					f	III		IV		IV							M	1	0	-5, -1, -4		-5	-5	0	3	0.0	0.0	0.75	0.0
67	67	3/4	3/4	2/2	4	1	V(64)	0	-8	/		f	III		V(64)		V			64				M	1	0	-3, -4, 0		-3	-3	0	4	0.0	0.0	1.0	0.0
68	68	0	0	2/2	4	1	vi7					f	III		vi7		vi		7					mm7	1	0	-1, -4, 0, -3		-1	-1	0	4	0.0	0.0	2.5	0.0
68	68	1/2	1/2	2/2	4	1	IV6					f	III		IV6		IV		6					M	1	0	-1, -4, -5		-5	-1	0	2	0.0	0.0	0.5	0.0
68	68	3/4	3/4	2/2	4	1	V(64)	0	-8	/		f	III		V(64)		V			64				M	1	0	-3, -4, 0		-3	-3	0	4	0.0	0.0	1.0	0.0
69	69	0	0	2/2	4	1	ii%65					f	III		ii%65		ii	%	65					%7	1	0	-5, -8, -4, -2		-2	-5	0	4	0.0	0.0	1.625	0.0
69	69	3/8	3/8	2/2	4	1	V(64)					f	III		V(64)		V			64				M	1	0	-3, -4, 0		-3	-3	0	3	0.0	0.0	0.375	0.0
69	69	1/2	1/2	2/2	4	1	ii%65					f	III		ii%65		ii	%	65					%7	1	0	-5, -8, -4, -2		-2	-5	0	4	0.0	0.0	1.625	0.0
69	69	7/8	7/8	2/2	4	1	V(64)	0	-8	/		f	III		V(64)		V			64				M	1	0	-3, -4, 0		-3	-3	0	3	0.0	0.0	0.375	0.0
70	70	0	0	2/2	4	1	ii%65					f	III		ii%65		ii	%	65					%7	1	0	-5, -8, -4, -2		-2	-5	0	4	0.0	0.0	1.625	0.0
70	70	3/8	3/8	2/2	4	1	V(64)					f	III		V(64)		V			64				M	1	0	-3, -4, 0		-3	-3	0	3	0.0	0.0	0.375	0.0
70	70	1/2	1/2	2/2	4	1	ii%65					f	III		ii%65		ii	%	65					%7	1	0	-5, -8, -4, -2		-2	-5	0	4	0.0	0.0	1.625	0.0
70	70	7/8	7/8	2/2	4	1	V(64)	0	-8	/		f	III		V(64)		V			64				M	1	0	-3, -4, 0		-3	-3	0	3	0.0	0.0	0.375	0.0
71	71	0	0	2/2	4	1	iv6					f	III		iv6		iv		6					m	1	0	-8, -4, -5		-5	-8	0	4	0.0	0.0	1.625	0.0
71	71	3/8	3/8	2/2	4	1	V2/iv					f	III		V2/iv		V		2		iv			Mm7	1	0	-6, -4, 0, -3		-4	-6	0	3	0.0	0.0	0.375	0.0
71	71	1/2	1/2	2/2	4	1	iv6					f	III		iv6		iv		6					m	1	0	-8, -4, -5		-5	-8	0	4	0.0	0.0	1.625	0.0
71	71	7/8	7/8	2/2	4	1	V2/iv					f	III		V2/iv		V		2		iv			Mm7	1	0	-6, -4, 0, -3		-4	-6	0	3	0.0	0.0	0.375	0.0
72	72	0	0	2/2	4	1	iv6					f	III		iv6		iv		6					m	1	0	-8, -4, -5		-5	-8	0	4	0.0	0.0	1.625	0.0
72	72	3/8	3/8	2/2	4	1	V2/iv					f	III		V2/iv		V		2		iv			Mm7	1	0	-6, -4, 0, -3		-4	-6	0	3	0.0	0.0	0.375	0.0
72	72	1/2	1/2	2/2	4	1	iv6					f	III		iv6		iv		6					m	1	0	-8, -4, -5		-5	-8	0	4	0.0	0.0	1.625	0.0
72	72	7/8	7/8	2/2	4	1	V2/iv					f	III		V2/iv		V		2		iv			Mm7	1	0	-6, -4, 0, -3		-4	-6	0	3	0.0	0.0	0.375	0.0
73	73	0	0	2/2	4	1	iv6	0	-8	/	V/#I	f	III		iv6		iv		6					m	1	0	-8, -4, -5		-5	-8	0	1	0.0	0.0	1.0	0.0
74	74	0	0	2/2	4	1	V7/#I					f	III		V7/#I		V		7		#I			Mm7	1	0	4, 8, 5, 2		4	4	1	3	0.25	1.0	3.0	0.25
75	75	0	0	2/2	4	1	#I					f	III		#I		#I							M	1	0	3, 7, 4		3	3	2	2	0.5	2.0	2.0	0.5
76	76	0	0	2/2	4	1	ii%2					f	III		ii%2		ii	%	2					%7	1	0	-4, -2, -5, -8		-2	-4	0	4	0.0	0.0	2.5	0.0
76	76	1/2	1/2	2/2	4	1	V65					f	III		V65		V		65					Mm7	1	0	1, -2, -5, -3		-3	1	0	3	0.0	0.0	1.5	0.0
77	77	0	0	2/2	4	1	I					f	III		I		I							M	1	0	-4, 0, -3		-4	-4	0	4	0.0	0.0	1.25	0.0
77	77	1/4	1/4	2/2	4	1	I6					f	III		I6		I		6					M	1	0	0, -3, -4		-4	0	0	3	0.0	0.0	0.75	0.0
77	77	1/2	1/2	2/2	4	1	V7					f	III		V7		V		7					Mm7	1	0	-3, 1, -2, -5		-3	-3	0	6	0.0	0.0	2.0	0.0
78	78	0	0	2/2	4	1	viio2					f	III		viio2		vii	o	2					o7	1	0	-8, 1, -2, -5		1	-8	0	4	0.0	0.0	1.75	0.0
78	78	3/8	3/8	2/2	4	1	V					f	III		V		V							M	1	0	-3, 1, -2		-3	-3	0	2	0.0	0.0	0.25	0.0
78	78	1/2	1/2	2/2	4	1	viio2					f	III		viio2		vii	o	2					o7	1	0	-8, 1, -2, -5		1	-8	0	4	0.0	0.0	1.75	0.0
78	78	7/8	7/8	2/2	4	1	V					f	III		V		V							M	1	0	-3, 1, -2		-3	-3	0	2	0.0	0.0	0.25	0.0
79	79	0	0	2/2	4	1	viio2					f	III		viio2		vii	o	2					o7	1	0	-8, 1, -2, -5		1	-8	0	4	0.0	0.0	1.75	0.0
79	79	3/8	3/8	2/2	4	1	V					f	III		V		V							M	1	0	-3, 1, -2		-3	-3	0	2	0.0	0.0	0.25	0.0
79	79	1/2	1/2	2/2	4	1	viio2					f	III		viio2		vii	o	2					o7	1	0	-8, 1, -2, -5		1	-8	0	4	0.0	0.0	1.75	0.0
79	79	7/8	7/8	2/2	4	1	V					f	III		V		V							M	1	0	-3, 1, -2		-3	-3	0	2	0.0	0.0	0.25	0.0
80	80	0	0	2/2	4	1	viio43					f	III		viio43		vii	o	43					o7	1	0	-5, -8, 1, -2		1	-5	0	4	0.0	0.0	1.5	0.0
80	80	3/8	3/8	2/2	4	1	I6					f	III		I6		I		6					M	1	0	0, -3, -4		-4	0	0	4	0.0	0.0	0.5	0.0
80	80	1/2	1/2	2/2	4	1	viio43					f	III		viio43		vii	o	43					o7	1	0	-5, -8, 1, -2		1	-5	0	4	0.0	0.0	1.5	0.0
80	80	7/8	7/8	2/2	4	1	I6					f	III		I6		I		6					M	1	0	0, -3, -4		-4	0	0	4	0.0	0.0	0.5	0.0
81	81	0	0	2/2	4	1	viio43					f	III		viio43		vii	o	43					o7	1	0	-5, -8, 1, -2		1	-5	0	4	0.0	0.0	1.5	0.0
81	81	3/8	3/8	2/2	4	1	I6					f	III		I6		I		6					M	1	0	0, -3, -4		-4	0	0	4	0.0	0.0	0.5	0.0
81	81	1/2	1/2	2/2	4	1	viio43					f	III		viio43		vii	o	43					o7	1	0	-5, -8, 1, -2		1	-5	0	4	0.0	0.0	1.5	0.0
81	81	7/8	7/8	2/2	4	1	I6					f	III		I6		I		6					M	1	0	0, -3, -4		-4	0	0	4	0.0	0.0	0.5	0.0
82	82	0	0	2/2	4	1	bII	-2	-8	/	V2/bVI	f	III		bII		bII							M	1	0	-9, -5, -8		-9	-9	0	1	0.0	0.0	1.0	0.0
83	83	0	0	2/2	4	1	V7/bVI	-2	-5	/		f	III		V7/bVI		V		7		bVI			Mm7	1	0	-7, -3, -6, -9		-7	-7	0	4	0.0	0.0	4.0	0.0
84	84	0	0	2/2	4	1	bVI(4)					f	III		bVI(4)		bVI			4				M	1	0	-8, -2, -7		-8	-8	1	3	0.25	0.5	3.0	0.14285714285714285
84	84	1/2	1/2	2/2	4	1	bVI					f	III		bVI		bVI							M	1	0	-8, -4, -7		-8	-8	0	1	0.0	0.0	0.5	0.0
85	85	0	0	2/2	4	1	iv7					f	III		iv7		iv		7					mm7	1	0	-5, -8, -4, -7		-5	-5	0	4	0.0	0.0	3.0	0.0
85	85	1/2	1/2	2/2	4	1	iio6					f	III		iio6		ii	o	6					o	1	0	-5, -8, -2		-2	-5	0	2	0.0	0.0	0.5	0.0
85	85	3/4	3/4	2/2	4	1	iv7					f	III		iv7		iv		7					mm7	1	0	-5, -8, -4, -7		-5	-5	0	2	0.0	0.0	0.5	0.0
86	86	0	0	2/2	4	1	V7(4)					f	III		V7(4)		V		7	4				Mm7	1	0	-3, -4, -2, -5		-3	-3	0	7	0.0	0.0	2.25	0.0
86	86	1/2	1/2	2/2	4	1	V43					f	III		V43		V		43					Mm7	1	0	-2, -5, -3, 1		-3	-2	0	3	0.0	0.0	0.5	0.0
86	86	3/4	3/4	2/2	4	1	V65					f	III		V65		V		65					Mm7	1	0	1, -2, -5, -3		-3	1	0	4	0.0	0.0	0.75	0.0
87	87	0	0	2/2	4	1	V7					f	III		V7		V		7					Mm7	1	0	-3, 1, -2, -5		-3	-3	0	7	0.0	0.0	2.5	0.0
87	87	1/2	1/2	2/2	4	1	V7(64)					f	III		V7(64)		V		7	64				Mm7	1	0	-3, -4, 0, -5		-3	-3	0	4	0.0	0.0	0.75	0.0
87	87	3/4	3/4	2/2	4	1	V7					f	III		V7		V		7					Mm7	1	0	-3, 1, -2, -5		-3	-3	0	4	0.0	0.0	0.75	0.0
88	88	0	0	2/2	4	1	I64					f	III		I64		I		64					M	1	0	-3, -4, 0		-4	-3	0	5	0.0	0.0	1.875	0.0
88	88	1/4	1/4	2/2	4	1	I					f	III		I		I							M	1	0	-4, 0, -3		-4	-4	1	3	0.25	0.125	0.5	0.2
88	88	1/2	1/2	2/2	4	1	I6					f	III		I6		I		6					M	1	0	0, -3, -4		-4	0	0	4	0.0	0.0	0.75	0.0
88	88	3/4	3/4	2/2	4	1	I64					f	III		I64		I		64					M	1	0	-3, -4, 0		-4	-3	0	4	0.0	0.0	0.75	0.0
89	89	0	0	2/2	4	1	viio7/V					f	III		viio7/V		vii	o	7		V			o7	1	0	2, -1, -4, -7		2	2	0	7	0.0	0.0	2.5	0.0
89	89	1/2	1/2	2/2	4	1	V65/V					f	III		V65/V		V		65		V			Mm7	1	0	2, -1, -4, -2		-2	2	0	4	0.0	0.0	0.75	0.0
89	89	3/4	3/4	2/2	4	1	viio7/V	0	-8	/		f	III		viio7/V		vii	o	7		V			o7	1	0	2, -1, -4, -7		2	2	0	4	0.0	0.0	0.75	0.0
90	90	0	0	2/2	4	1	V7(4)					f	III		V7(4)		V		7	4				Mm7	1	0	-3, -4, -2, -5		-3	-3	0	7	0.0	0.0	2.25	0.0
90	90	1/2	1/2	2/2	4	1	V43					f	III		V43		V		43					Mm7	1	0	-2, -5, -3, 1		-3	-2	0	3	0.0	0.0	0.5	0.0
90	90	3/4	3/4	2/2	4	1	V65					f	III		V65		V		65					Mm7	1	0	1, -2, -5, -3		-3	1	0	4	0.0	0.0	0.75	0.0
91	91	0	0	2/2	4	1	V7					f	III		V7		V		7					Mm7	1	0	-3, 1, -2, -5		-3	-3	0	7	0.0	0.0	2.5	0.0
91	91	1/2	1/2	2/2	4	1	V7(64)					f	III		V7(64)		V		7	64				Mm7	1	0	-3, -4, 0, -5		-3	-3	0	4	0.0	0.0	0.75	0.0
91	91	3/4	3/4	2/2	4	1	V7					f	III		V7		V		7					Mm7	1	0	-3, 1, -2, -5		-3	-3	0	4	0.0	0.0	0.75	0.0
92	92	0	0	2/2	4	1	I64					f	III		I64		I		64					M	1	0	-3, -4, 0		-4	-3	0	5	0.0	0.0	1.375	0.0
92	92	1/4	1/4	2/2	4	1	I					f	III		I		I							M	1	0	-4, 0, -3		-4	-4	1	3	0.25	0.125	0.5	0.2
92	92	1/2	1/2	2/2	4	1	I6					f	III		I6		I		6					M	1	0	0, -3, -4		-4	0	0	2	0.0	0.0	0.5	0.0
92	92	3/4	3/4	2/2	4	1	I					f	III		I		I							M	1	0	-4, 0, -3		-4	-4	0	2	0.0	0.0	0.5	0.0
93	93	0	0	2/2	4	1	V7					f	III		V7		V		7					Mm7	1	0	-3, 1, -2, -5		-3	-3	0	7	0.0	0.0	2.5	0.0
93	93	1/2	1/2	2/2	4	1	V7(64)					f	III		V7(64)		V		7	64				Mm7	1	0	-3, -4, 0, -5		-3	-3	0	4	0.0	0.0	0.75	0.0
93	93	3/4	3/4	2/2	4	1	V7					f	III		V7		V		7					Mm7	1	0	-3, 1, -2, -5		-3	-3	0	4	0.0	0.0	0.75	0.0
94	94	0	0	2/2	4	1	I64					f	III		I64		I		64					M	1	0	-3, -4, 0		-4	-3	0	5	0.0	0.0	1.375	0.0
94	94	1/4	1/4	2/2	4	1	I					f	III		I		I							M	1	0	-4, 0, -3		-4	-4	1	3	0.25	0.125	0.5	0.2
94	94	1/2	1/2	2/2	4	1	I6					f	III		I6		I		6					M	1	0	0, -3, -4		-4	0	0	2	0.0	0.0	0.5	0.0
94	94	3/4	3/4	2/2	4	1	I					f	III		I		I							M	1	0	-4, 0, -3		-4	-4	0	2	0.0	0.0	0.5	0.0
95	95	0	0	2/2	4	1	V7					f	III		V7		V		7					Mm7	1	0	-3, 1, -2, -5		-3	-3	0	4	0.0	0.0	3.0	0.0
95	95	1/2	1/2	2/2	4	1	V(6)					f	III		V(6)		V			6				M	1	0	-3, 1, 0		-3	-3	0	2	0.0	0.0	0.5	0.0
95	95	3/4	3/4	2/2	4	1	V7\\	0	-8	/		f	III		V7		V		7				\\	Mm7	1	0	-3, 1, -2, -5		-3	-3	0	2	0.0	0.0	0.5	0.0
96	96	0	0	2/2	4	1	i.#viio					f	i		#viio		#vii	o						o	1	1	4, 1, -2		4	4	0	1	0.0	0.0	0.5	0.0
96	96	1/2	1/2	2/2	4	1	#viio7					f	i		#viio7		#vii	o	7					o7	1	1	4, 1, -2, -5		4	4	8	14	0.36363636363636365	1.0	4.0	0.2
98	98	0	0	2/2	4	1	iio64					f	i		iio64		ii	o	64					o	1	1	-5, 1, -2		1	-5	0	3	0.0	0.0	1.5	0.0
98	98	1/2	1/2	2/2	4	1	V7					f	i		V7		V		7					Mm7	1	1	0, 4, 1, -2		0	0	0	3	0.0	0.0	1.5	0.0
99	99	0	0	2/2	4	1	#viio/iv					f	i		#viio/iv		#vii	o			iv			o	1	1	3, 0, -3		3	3	0	1	0.0	0.0	0.5	0.0
99	99	1/2	1/2	2/2	4	1	#viio7/iv	0	-8	/		f	i		#viio7/iv		#vii	o	7		iv			o7	1	1	3, 0, -3, -6		3	3	0	2	0.0	0.0	1.0	0.0
100	100	0	0	2/2	4	1	V65/iv					f	i		V65/iv		V		65		iv			Mm7	1	1	3, 0, -3, -1		-1	3	7	13	0.35	0.875	3.125	0.21875
101	101	0	0	2/2	4	1	iio64/iv					f	i		iio64/iv		ii	o	64		iv			o	1	1	-6, 0, -3		0	-6	0	3	0.0	0.0	1.5	0.0
101	101	1/2	1/2	2/2	4	1	V7/iv	0	-8	/		f	i		V7/iv		V		7		iv			Mm7	1	1	-1, 3, 0, -3		-1	-1	0	3	0.0	0.0	1.5	0.0
102	102	0	0	2/2	4	1	iv					f	i		iv		iv							m	1	1	-2, -5, -1		-2	-2	4	9	0.3076923076923077	0.5	3.0	0.14285714285714285
103	103	1/2	1/2	2/2	4	1	iv64					f	i		iv64		iv		64					m	1	1	-1, -2, -5		-2	-1	4	5	0.4444444444444444	0.5	1.0	0.3333333333333333
104	104	0	0	2/2	4	1	iv					f	i		iv		iv							m	1	1	-2, -5, -1		-2	-2	8	13	0.38095238095238093	1.0	3.75	0.21052631578947367
105	105	1/2	1/2	2/2	4	1	iv64					f	i		iv64		iv		64					m	1	1	-1, -2, -5		-2	-1	4	5	0.4444444444444444	0.5	1.0	0.3333333333333333
106	106	0	0	2/2	4	1	V2/VII					f	i		V2/VII		V		2		VII			Mm7	1	1	-4, -2, 2, -1		-2	-4	0	3	0.0	0.0	1.0	0.0
106	106	1/2	1/2	2/2	4	1	viio64/VII	0	-8	/		f	i		viio64/VII		vii	o	64		VII			o	1	1	-4, 2, -1		2	-4	0	2	0.0	0.0	1.0	0.0
107	107	0	0	2/2	4	1	V2/VII					f	i		V2/VII		V		2		VII			Mm7	1	1	-4, -2, 2, -1		-2	-4	25	42	0.373134328358209	3.125	8.875	0.2604166666666667
110	110	0	0	2/2	4	1	V7/v					f	i		V7/v		V		7		v			Mm7	1	1	1, 5, 2, -1		1	1	0	6	0.0	0.0	1.5	0.0
110	110	1/2	1/2	2/2	4	1	iio64/v					f	i		iio64/v		ii	o	64		v			o	1	1	-4, 2, -1		2	-4	0	3	0.0	0.0	1.0	0.0
111	111	1/2	1/2	2/2	4	1	iio6/v					f	i		iio6/v		ii	o	6		v			o	1	1	-1, -4, 2		2	-1	1	7	0.125	0.125	1.375	0.08333333333333333
112	112	0	0	2/2	4	1	#viio43/v					f	i		#viio43/v		#vii	o	43		v			o7	1	1	-1, -4, 5, 2		5	-1	2	13	0.13333333333333333	0.25	3.0	0.07692307692307693
113	113	0	0	2/2	4	1	#viio65/v					f	i		#viio65/v		#vii	o	65		v			o7	1	1	2, -1, -4, 5		5	2	0	4	0.0	0.0	1.5	0.0
113	113	1/2	1/2	2/2	4	1	#viio7/v					f	i		#viio7/v		#vii	o	7		v			o7	1	1	5, 2, -1, -4		5	5	2	10	0.16666666666666666	0.25	1.75	0.125
114	114	0	0	2/2	4	1	V7/v					f	i		V7/v		V		7		v			Mm7	1	1	1, 5, 2, -1		1	1	0	4	0.0	0.0	1.75	0.0
114	114	1/2	1/2	2/2	4	1	V2/v					f	i		V2/v		V		2		v			Mm7	1	1	-1, 1, 5, 2		1	-1	2	10	0.16666666666666666	0.25	1.75	0.125
115	115	0	0	2/2	4	1	v6					f	i		v6		v		6					m	1	1	-3, 1, 0		0	-3	4	24	0.14285714285714285	0.5	6.75	0.06896551724137931
116	116	3/4	3/4	2/2	4	1	v64					f	i		v64		v		64					m	1	1	1, 0, -3		0	1	2	4	0.3333333333333333	0.25	0.5	0.3333333333333333
117	117	0	0	2/2	4	1	v6					f	i		v6		v		6					m	1	1	-3, 1, 0		0	-3	4	18	0.18181818181818182	0.5	5.5	0.08333333333333333
118	118	1/2	1/2	2/2	4	1	V65					f	i		V65		V		65					Mm7	1	1	4, 1, -2, 0		0	4	1	5	0.16666666666666666	0.125	1.125	0.1
118	118	3/4	3/4	2/2	4	1	#viio6					f	i		#viio6		#vii	o	6					o	1	1	1, -2, 4		4	1	2	4	0.3333333333333333	0.25	0.5	0.3333333333333333
119	119	0	0	2/2	4	1	V7					f	i		V7		V		7					Mm7	1	1	0, 4, 1, -2		0	0	2	18	0.1	0.25	4.75	0.05
120	120	1/2	1/2	2/2	4	1	V43					f	i		V43		V		43					Mm7	1	1	1, -2, 0, 4		0	1	0	6	0.0	0.0	1.25	0.0
120	120	3/4	3/4	2/2	4	1	#viio64	0	-8	/		f	i		#viio64		#vii	o	64					o	1	1	-2, 4, 1		4	-2	2	4	0.3333333333333333	0.25	0.5	0.3333333333333333
121	121	0	0	2/2	4	1	V65					f	i		V65		V		65					Mm7	1	1	4, 1, -2, 0		0	4	0	4	0.0	0.0	1.5	0.0
121	121	1/2	1/2	2/2	4	1	V7					f	i		V7		V		7					Mm7	1	1	0, 4, 1, -2		0	0	2	14	0.125	0.25	3.25	0.07142857142857142
122	122	1/2	1/2	2/2	4	1	#viio64					f	i		#viio64		#vii	o	64					o	1	1	-2, 4, 1		4	-2	1	9	0.1	0.125	1.875	0.0625
123	123	0	0	2/2	4	1	V7/#vi					f	i		V7/#vi		V		7		#vi			Mm7	1	1	3, 7, 4, 1		3	3	4	18	0.18181818181818182	0.5	6.0	0.07692307692307693
124	124	1/2	1/2	2/2	4	1	#viio2/#vi					f	i		#viio2/#vi		#vii	o	2		#vi			o7	1	1	-2, 7, 4, 1		7	-2	2	10	0.16666666666666666	0.25	1.25	0.16666666666666666
125	125	0	0	2/2	4	1	V7/#vi					f	i		V7/#vi		V		7		#vi			Mm7	1	1	3, 7, 4, 1		3	3	5	33	0.13157894736842105	0.625	7.375	0.078125
127	127	0	0	2/2	4	1	V(134)/#vi					f	i		V(134)/#vi		V			134	#vi			M	1	1	3, 2, 4	-1	3	3	0	7	0.0	0.0	3.0	0.0
127	127	1/2	1/2	2/2	4	1	V(64)/#vi					f	i		V(64)/#vi		V			64	#vi			M	1	1	3, 2, -1		3	3	1	4	0.2	0.125	0.875	0.125
128	128	0	0	2/2	4	1	V7(4)/#vi					f	i		V7(4)/#vi		V		7	4	#vi			Mm7	1	1	3, 2, 4, 1		3	3	1	6	0.14285714285714285	0.125	2.125	0.05555555555555555
128	128	1/2	1/2	2/2	4	1	V7/#vi					f	i		V7/#vi		V		7		#vi			Mm7	1	1	3, 7, 4, 1		3	3	1	9	0.1	0.125	1.625	0.07142857142857142
129	129	0	0	2/2	4	1	#VI					f	i		#VI		#VI							M	1	1	2, 6, 3		2	2	4	16	0.2	0.5	4.75	0.09523809523809523
130	130	1/2	1/2	2/2	4	1	#VI6					f	i		#VI6		#VI		6					M	1	1	6, 3, 2		2	6	1	5	0.16666666666666666	0.125	1.125	0.1
130	130	3/4	3/4	2/2	4	1	#VI64					f	i		#VI64		#VI		64					M	1	1	3, 2, 6		2	3	2	4	0.3333333333333333	0.25	0.5	0.3333333333333333
131	131	0	0	2/2	4	1	VIIM2					f	i		VIIM2		VII	M	2					MM7	1	1	2, -3, 1, -2		-3	2	3	17	0.15	0.375	4.875	0.07142857142857142
132	132	1/2	1/2	2/2	4	1	VIIM65					f	i		VIIM65		VII	M	65					MM7	1	1	1, -2, 2, -3		-3	1	0	6	0.0	0.0	1.25	0.0
132	132	3/4	3/4	2/2	4	1	VIIM43	0	-8	/		f	i		VIIM43		VII	M	43					MM7	1	1	-2, 2, -3, 1		-3	-2	2	4	0.3333333333333333	0.25	0.5	0.3333333333333333
133	133	0	0	2/2	4	1	V7/ii					f	i		V7/ii		V		7		ii			Mm7	1	1	2, 6, 3, 0		2	2	3	17	0.15	0.375	5.125	0.06818181818181818
134	134	1/2	1/2	2/2	4	1	V2/ii					f	i		V2/ii		V		2		ii			Mm7	1	1	0, 2, 6, 3		2	0	1	7	0.125	0.125	1.875	0.0625
135	135	0	0	2/2	4	1	ii6					f	i		ii6		ii		6					m	1	1	-2, 2, 1		1	-2	1	6	0.14285714285714285	0.125	2.375	0.05
135	135	1/2	1/2	2/2	4	1	ii65					f	i		ii65		ii		65					mm7	1	1	-2, 2, -1, 1		1	-2	1	6	0.14285714285714285	0.125	1.375	0.08333333333333333
136	136	0	0	2/2	4	1	v2					f	i		v2		v		2					mm7	1	1	-2, 0, -3, 1		0	-2	2	11	0.15384615384615385	0.25	3.75	0.0625
137	137	0	0	2/2	4	1	i65					f	i		i65		i		65					mm7	1	1	-4, 0, -3, -1		-1	-4	2	13	0.13333333333333333	0.25	3.75	0.0625
138	138	0	0	2/2	4	1	V2/VII					f	i		V2/VII		V		2		VII			Mm7	1	1	-4, -2, 2, -1		-2	-4	2	11	0.15384615384615385	0.25	3.75	0.0625
139	139	0	0	2/2	4	1	VII6					f	i		VII6		VII		6					M	1	1	1, -2, -3		-3	1	2	9	0.18181818181818182	0.25	3.75	0.0625
140	140	0	0	2/2	4	1	V43/VII					f	i		V43/VII		V		43		VII			Mm7	1	1	-1, -4, -2, 2		-2	-1	2	9	0.18181818181818182	0.25	3.75	0.0625
141	141	0	0	2/2	4	1	VII\\					f	i		VII		VII						\\	M	1	1	-3, 1, -2		-3	-3	1	9	0.1	0.125	1.875	0.0625
142	142	0	0	2/2	4	1	vii6					f	i		vii6		vii		6					m	1	1	-6, -2, -3		-3	-6	0	2	0.0	0.0	1.125	0.0
142	142	1/4	1/4	2/2	4	1	vii64					f	i		vii64		vii		64					m	1	1	-2, -3, -6		-3	-2	1	1	0.5	0.125	0.125	0.5
142	142	1/2	1/2	2/2	4	1	vii					f	i		vii		vii							m	1	1	-3, -6, -2		-3	-3	0	3	0.0	0.0	0.75	0.0
143	143	0	0	2/2	4	1	iio6/iv					f	i		iio6/iv		ii	o	6		iv			o	1	1	-3, -6, 0		0	-3	0	3	0.0	0.0	2.125	0.0
143	143	1/4	1/4	2/2	4	1	#viio43/iv					f	i		#viio43/iv		#vii	o	43		iv			o7	1	1	-3, -6, 3, 0		3	-3	1	5	0.16666666666666666	0.125	1.125	0.1
144	144	0	0	2/2	4	1	V7(b9)/iv	0	-8	/		f	i		V7(b9)/iv		V		7	b9	iv			Mm7	1	1	-1, 3, 0, -3	-13	-1	-1	1	4	0.2	0.5	3.0	0.14285714285714285
144	144	1/2	1/2	2/2	4	1	V7/iv	0	-8	/		f	i		V7/iv		V		7		iv			Mm7	1	1	-1, 3, 0, -3		-1	-1	0	3	0.0	0.0	1.5	0.0
145	145	0	0	2/2	4	1	iv(#74)					f	i		iv(#74)		iv			#74				m	1	1	-2, -3, -1	3	-2	-2	0	5	0.0	0.0	2.5	0.0
145	145	1/2	1/2	2/2	4	1	iv					f	i		iv		iv							m	1	1	-2, -5, -1		-2	-2	1	12	0.07692307692307693	0.125	4.0	0.030303030303030304
147	147	0	0	2/2	4	1	iv6					f	i		iv6		iv		6					m	1	1	-5, -1, -2		-2	-5	0	4	0.0	0.0	2.25	0.0
147	147	1/4	1/4	2/2	4	1	iv64					f	i		iv64		iv		64					m	1	1	-1, -2, -5		-2	-1	1	1	0.5	0.125	0.125	0.5
147	147	1/2	1/2	2/2	4	1	#viio2/v					f	i		#viio2/v		#vii	o	2		v			o7	1	1	-4, 5, 2, -1		5	-4	2	11	0.15384615384615385	1.0	5.5	0.15384615384615385
149	149	0	0	2/2	4	1	V7/v					f	i		V7/v		V		7		v			Mm7	1	1	1, 5, 2, -1		1	1	0	5	0.0	0.0	2.5	0.0
149	149	1/2	1/2	2/2	4	1	v					f	i		v		v							m	1	1	0, -3, 1		0	0	0	6	0.0	0.0	2.0	0.0
150	150	0	0	2/2	4	1	v64					f	i		v64		v		64					m	1	1	1, 0, -3		0	1	0	15	0.0	0.0	6.5	0.0
151	151	1/2	1/2	2/2	4	1	Ger6/ii					f	i		Ger6/ii	Ger	vii	o	65	b3	V/ii			Ger	1	1	-3, 1, -2, 7		7	-3	0	23	0.0	0.0	9.5	0.0
153	153	1/2	1/2	2/2	4	1	V6/ii					f	i		V6/ii		V		6		ii			M	1	1	6, 3, 2		2	6	0	27	0.0	0.0	11.0	0.0
155	155	1/2	1/2	2/2	4	1	V65/III					f	i		V65/III		V		65		III			Mm7	1	1	1, -2, -5, -3		-3	1	0	11	0.0	0.0	4.0	0.0
156	156	1/2	1/2	2/2	4	1	III+					f	i		III+		III	+						+	1	1	-4, 0, 4		-4	-4	0	9	0.0	0.0	4.0	0.0
157	157	1/2	1/2	2/2	4	1	V65/iv					f	i		V65/iv		V		65		iv			Mm7	1	1	3, 0, -3, -1		-1	3	0	14	0.0	0.0	5.0	0.0
158	158	1/2	1/2	2/2	4	1	iv					f	i		iv		iv							m	1	1	-2, -5, -1		-2	-2	0	11	0.0	0.0	5.0	0.0
159	159	1/2	1/2	2/2	4	1	bII	0	-7	/		f	i		bII		bII							M	1	1	-6, -2, -5		-6	-6	0	17	0.0	0.0	6.0	0.0
161	161	0	0	2/2	4	1	#viio7	0	-8	/		f	i		#viio7		#vii	o	7					o7	1	1	4, 1, -2, -5		4	4	8	32	0.2	1.0	14.0	0.06666666666666667
165	165	1/2	1/2	2/2	4	1	V65					f	i		V65		V		65					Mm7	1	1	4, 1, -2, 0		0	4	0	2	0.0	0.0	1.0	0.0
166	166	0	0	2/2	4	1	V43					f	i		V43		V		43					Mm7	1	1	1, -2, 0, 4		0	1	3	11	0.21428571428571427	0.375	3.625	0.09375
167	167	0	0	2/2	4	1	i6(9)	0	-6	/		f	i		i6(9)		i		6	9				m	1	1	-4, 0, -1	1	-1	-4	2	8	0.2	0.25	1.75	0.125
167	167	1/2	1/2	2/2	4	1	i64	0	-6	/		f	i		i64		i		64					m	1	1	0, -1, -4		-1	0	2	4	0.3333333333333333	0.25	1.25	0.16666666666666666
167	167	3/4	3/4	2/2	4	1	i6	0	-6	/		f	i		i6		i		6					m	1	1	-4, 0, -1		-1	-4	2	2	0.5	0.25	0.25	0.5
168	168	0	0	2/2	4	1	i64	0	-6	/		f	i		i64		i		64					m	1	1	0, -1, -4		-1	0	2	5	0.2857142857142857	0.25	1.75	0.125
168	168	1/4	1/4	2/2	4	1	i6	0	-6	/		f	i		i6		i		6					m	1	1	-4, 0, -1		-1	-4	2	10	0.16666666666666666	0.25	1.625	0.13333333333333333
168	168	3/4	3/4	2/2	4	1	V43/iv	0	-6	/		f	i		V43/iv		V		43		iv			Mm7	1	1	0, -3, -1, 3		-1	0	3	3	0.5	0.375	0.375	0.5
169	169	0	0	2/2	4	1	iv6	0	-6	/		f	i		iv6		iv		6					m	1	1	-5, -1, -2		-2	-5	4	32	0.1111111111111111	0.5	11.0	0.043478260869565216
171	171	1/4	1/4	2/2	4	1	iv					f	i		iv		iv							m	1	1	-2, -5, -1		-2	-2	0	15	0.0	0.0	3.0	0.0
172	172	0	0	2/2	4	1	#viio65\\					f	i		#viio65		#vii	o	65				\\	o7	1	1	1, -2, -5, 4		4	1	0	5	0.0	0.0	1.25	0.0
172	172	1/2	1/2	2/2	4	1	i6					f	i		i6		i		6					m	1	1	-4, 0, -1		-1	-4	0	5	0.0	0.0	2.0	0.0
173	173	0	0	2/2	4	1	iv6(2)					f	i		iv6(2)		iv		6	2				m	1	1	-5, -1, 0		-2	-5	0	5	0.0	0.0	3.625	0.0
173	173	5/8	5/8	2/2	4	1	iv6					f	i		iv6		iv		6					m	1	1	-5, -1, -2		-2	-5	2	1	0.6666666666666666	0.25	0.125	0.6666666666666666
174	174	0	0	2/2	4	1	VI(#4)					f	i		VI(#4)		VI			#4				M	1	1	-5, -1, 8		-5	-5	1	3	0.25	0.25	1.5	0.14285714285714285
174	174	1/4	1/4	2/2	4	1	VI					f	i		VI		VI							M	1	1	-5, -1, -4		-5	-5	0	1	0.0	0.0	0.25	0.0
174	174	1/2	1/2	2/2	4	1	viio7/V					f	i		viio7/V		vii	o	7		V			o7	1	1	5, 2, -1, -4		5	5	0	6	0.0	0.0	1.5	0.0
175	175	0	0	2/2	4	1	V(6)					f	i		V(6)		V			6				M	1	1	0, 4, -4		0	0	0	6	0.0	0.0	3.0	0.0
175	175	5/8	5/8	2/2	4	1	V7					f	i		V7		V		7					Mm7	1	1	0, 4, 1, -2		0	0	0	2	0.0	0.0	0.25	0.0
175	175	3/4	3/4	2/2	4	1	V(64)					f	i		V(64)		V			64				M	1	1	0, -1, -4		0	0	0	3	0.0	0.0	0.5	0.0
175	175	7/8	7/8	2/2	4	1	V					f	i		V		V							M	1	1	0, 4, 1		0	0	0	2	0.0	0.0	0.25	0.0
176	176	0	0	2/2	4	1	i					f	i		i		i							m	1	1	-1, -4, 0		-1	-1	0	7	0.0	0.0	2.0	0.0
176	176	1/2	1/2	2/2	4	1	i6					f	i		i6		i		6					m	1	1	-4, 0, -1		-1	-4	0	7	0.0	0.0	2.0	0.0
177	177	0	0	2/2	4	1	iv6(2)					f	i		iv6(2)		iv		6	2				m	1	1	-5, -1, 0		-2	-5	0	6	0.0	0.0	3.25	0.0
177	177	5/8	5/8	2/2	4	1	iv6					f	i		iv6		iv		6					m	1	1	-5, -1, -2		-2	-5	4	2	0.6666666666666666	0.5	0.25	0.6666666666666666
178	178	0	0	2/2	4	1	VI(#4)					f	i		VI(#4)		VI			#4				M	1	1	-5, -1, 8		-5	-5	2	2	0.5	0.5	1.0	0.3333333333333333
178	178	1/4	1/4	2/2	4	1	VI					f	i		VI		VI							M	1	1	-5, -1, -4		-5	-5	0	2	0.0	0.0	0.5	0.0
178	178	1/2	1/2	2/2	4	1	i					f	i		i		i							m	1	1	-1, -4, 0		-1	-1	0	3	0.0	0.0	0.875	0.0
178	178	3/4	3/4	2/2	4	1	V64/VI					f	i		V64/VI		V		64		VI			M	1	1	-3, -4, 0		-4	-3	1	3	0.25	0.125	0.375	0.25
179	179	0	0	2/2	4	1	V65/VI					f	i		V65/VI		V		65		VI			Mm7	1	1	0, -3, -6, -4		-4	0	0	4	0.0	0.0	2.75	0.0
179	179	1/4	1/4	2/2	4	1	V43/VI					f	i		V43/VI		V		43		VI			Mm7	1	1	-3, -6, -4, 0		-4	-3	0	1	0.0	0.0	0.25	0.0
179	179	1/2	1/2	2/2	4	1	V7/VI					f	i		V7/VI		V		7		VI			Mm7	1	1	-4, 0, -3, -6		-4	-4	0	3	0.0	0.0	0.5	0.0
179	179	3/4	3/4	2/2	4	1	V+65/VI					f	i		V+65/VI		V	+	65		VI			+7	1	1	0, 4, -6, -4		-4	0	1	2	0.3333333333333333	0.125	0.375	0.25
180	180	0	0	2/2	4	1	VI(#9)					f	i		VI(#9)		VI			#9				M	1	1	-5, -1, -4	4	-5	-5	0	4	0.0	0.0	1.5	0.0
180	180	1/4	1/4	2/2	4	1	VI64					f	i		VI64		VI		64					M	1	1	-4, -5, -1		-5	-4	0	2	0.0	0.0	0.5	0.0
180	180	1/2	1/2	2/2	4	1	i					f	i		i		i							m	1	1	-1, -4, 0		-1	-1	0	4	0.0	0.0	1.0	0.0
180	180	3/4	3/4	2/2	4	1	V64/VI					f	i		V64/VI		V		64		VI			M	1	1	-3, -4, 0		-4	-3	1	3	0.25	0.125	0.375	0.25
181	181	0	0	2/2	4	1	V65/VI					f	i		V65/VI		V		65		VI			Mm7	1	1	0, -3, -6, -4		-4	0	0	4	0.0	0.0	2.75	0.0
181	181	1/4	1/4	2/2	4	1	V43/VI					f	i		V43/VI		V		43		VI			Mm7	1	1	-3, -6, -4, 0		-4	-3	0	1	0.0	0.0	0.25	0.0
181	181	1/2	1/2	2/2	4	1	V7/VI					f	i		V7/VI		V		7		VI			Mm7	1	1	-4, 0, -3, -6		-4	-4	0	3	0.0	0.0	0.5	0.0
181	181	3/4	3/4	2/2	4	1	V+65/VI					f	i		V+65/VI		V	+	65		VI			+7	1	1	0, 4, -6, -4		-4	0	1	2	0.3333333333333333	0.125	0.375	0.25
182	182	0	0	2/2	4	1	VI(#9)					f	i		VI(#9)		VI			#9				M	1	1	-5, -1, -4	4	-5	-5	0	4	0.0	0.0	1.375	0.0
182	182	1/8	1/8	2/2	4	1	VI					f	i		VI		VI							M	1	1	-5, -1, -4		-5	-5	0	4	0.0	0.0	0.625	0.0
182	182	1/2	1/2	2/2	4	1	V65					f	i		V65		V		65					Mm7	1	1	4, 1, -2, 0		0	4	0	5	0.0	0.0	1.5	0.0
182	182	3/4	3/4	2/2	4	1	V					f	i		V		V							M	1	1	0, 4, 1		0	0	1	2	0.3333333333333333	0.125	0.375	0.25
183	183	0	0	2/2	4	1	i64(9)					f	i		i64(9)		i		64	9				m	1	1	0, -1, -4	1	-1	0	0	4	0.0	0.0	1.375	0.0
183	183	1/8	1/8	2/2	4	1	i64					f	i		i64		i		64					m	1	1	0, -1, -4		-1	0	0	1	0.0	0.0	0.125	0.0
183	183	1/4	1/4	2/2	4	1	i					f	i		i		i							m	1	1	-1, -4, 0		-1	-1	0	3	0.0	0.0	0.5	0.0
183	183	1/2	1/2	2/2	4	1	V43					f	i		V43		V		43					Mm7	1	1	1, -2, 0, 4		0	1	1	5	0.16666666666666666	0.125	1.875	0.0625
183	183	3/4	3/4	2/2	4	1	V7					f	i		V7		V		7					Mm7	1	1	0, 4, 1, -2		0	0	0	3	0.0	0.0	0.5	0.0
184	184	0	0	2/2	4	1	i64(11)					f	i		i64(11)		i		64	11				m	1	1	0, -1, -4	-2	-1	0	0	5	0.0	0.0	1.875	0.0
184	184	1/8	1/8	2/2	4	1	i64					f	i		i64		i		64					m	1	1	0, -1, -4		-1	0	0	1	0.0	0.0	0.125	0.0
184	184	1/4	1/4	2/2	4	1	i6					f	i		i6		i		6					m	1	1	-4, 0, -1		-1	-4	0	3	0.0	0.0	0.5	0.0
184	184	1/2	1/2	2/2	4	1	iv6					f	i		iv6		iv		6					m	1	1	-5, -1, -2		-2	-5	0	5	0.0	0.0	1.5	0.0
184	184	3/4	3/4	2/2	4	1	iv64					f	i		iv64		iv		64					m	1	1	-1, -2, -5		-2	-1	1	2	0.3333333333333333	0.125	0.375	0.25
185	185	0	0	2/2	4	1	i6					f	i		i6		i		6					m	1	1	-4, 0, -1		-1	-4	0	6	0.0	0.0	2.0	0.0
185	185	1/4	1/4	2/2	4	1	V(64)					f	i		V(64)		V			64				M	1	1	0, -1, -4		0	0	0	3	0.0	0.0	0.5	0.0
185	185	1/2	1/2	2/2	4	1	V7					f	i		V7		V		7					Mm7	1	1	0, 4, 1, -2		0	0	0	9	0.0	0.0	2.5	0.0
186	186	0	0	2/2	4	1	VI(#9)					f	i		VI(#9)		VI			#9				M	1	1	-5, -1, -4	4	-5	-5	0	3	0.0	0.0	0.5	0.0
186	186	1/8	1/8	2/2	4	1	VI					f	i		VI		VI							M	1	1	-5, -1, -4		-5	-5	0	9	0.0	0.0	1.25	0.0
186	186	1/2	1/2	2/2	4	1	V65					f	i		V65		V		65					Mm7	1	1	4, 1, -2, 0		0	4	2	11	0.15384615384615385	0.25	1.75	0.125
187	187	0	0	2/2	4	1	i(9)					f	i		i(9)		i			9				m	1	1	-1, -4, 0	1	-1	-1	0	6	0.0	0.0	1.0	0.0
187	187	1/4	1/4	2/2	4	1	i					f	i		i		i							m	1	1	-1, -4, 0		-1	-1	0	7	0.0	0.0	1.0	0.0
187	187	1/2	1/2	2/2	4	1	V43					f	i		V43		V		43					Mm7	1	1	1, -2, 0, 4		0	1	2	11	0.15384615384615385	0.25	1.75	0.125
188	188	0	0	2/2	4	1	i6(11#7)					f	i		i6(11#7)		i		6	11#7				m	1	1	-4, 0, 4	-2	-1	-4	0	4	0.0	0.0	0.75	0.0
188	188	1/8	1/8	2/2	4	1	i6(#7)					f	i		i6(#7)		i		6	#7				m	1	1	-4, 0, 4		-1	-4	0	2	0.0	0.0	0.25	0.0
188	188	1/4	1/4	2/2	4	1	i6					f	i		i6		i		6					m	1	1	-4, 0, -1		-1	-4	0	7	0.0	0.0	1.0	0.0
188	188	1/2	1/2	2/2	4	1	iv6					f	i		iv6		iv		6					m	1	1	-5, -1, -2		-2	-5	3	14	0.17647058823529413	0.375	2.125	0.15
189	189	0	0	2/2	4	1	V(64)					f	i		V(64)		V			64				M	1	1	0, -1, -4		0	0	0	14	0.0	0.0	2.5	0.0
189	189	1/2	1/2	2/2	4	1	V7					f	i		V7		V		7					Mm7	1	1	0, 4, 1, -2		0	0	0	14	0.0	0.0	2.5	0.0
190	190	0	0	2/2	4	1	i[i\\					f	i	i	i		i						\\	m	1	1	-1, -4, 0		-1	-1	2	30	0.0625	0.16666666666666666	3.8333333333333335	0.041666666666666664
191	191	0	0	2/2	4	1	#viio43					f	i	i	#viio43		#vii	o	43					o7	1	1	-2, -5, 4, 1		4	-2	1	7	0.125	0.08333333333333333	0.9166666666666666	0.08333333333333333
191	191	1/4	1/4	2/2	4	1	#viio6					f	i	i	#viio6		#vii	o	6					o	1	1	1, -2, 4		4	1	3	5	0.375	0.4166666666666667	0.5833333333333334	0.4166666666666667
191	191	1/2	1/2	2/2	4	1	#viio65					f	i	i	#viio65		#vii	o	65					o7	1	1	1, -2, -5, 4		4	1	1	7	0.125	0.08333333333333333	0.9166666666666666	0.08333333333333333
191	191	3/4	3/4	2/2	4	1	#viio7					f	i	i	#viio7		#vii	o	7					o7	1	1	4, 1, -2, -5		4	4	2	6	0.25	0.16666666666666666	0.8333333333333334	0.16666666666666666
192	192	0	0	2/2	4	1	i					f	i	i	i		i							m	1	1	-1, -4, 0		-1	-1	2	30	0.0625	0.16666666666666666	3.8333333333333335	0.041666666666666664
193	193	0	0	2/2	4	1	#viio43					f	i	i	#viio43		#vii	o	43					o7	1	1	-2, -5, 4, 1		4	-2	1	7	0.125	0.08333333333333333	0.9166666666666666	0.08333333333333333
193	193	1/4	1/4	2/2	4	1	#viio64					f	i	i	#viio64		#vii	o	64					o	1	1	-2, 4, 1		4	-2	3	5	0.375	0.4166666666666667	0.5833333333333334	0.4166666666666667
193	193	1/2	1/2	2/2	4	1	#viio43					f	i	i	#viio43		#vii	o	43					o7	1	1	-2, -5, 4, 1		4	-2	4	12	0.25	0.5	1.5	0.25
194	194	0	0	2/2	4	1	i]					f	i	i	i		i							m	1	1	-1, -4, 0		-1	-1	0	52	0.0	0.0	6.5	0.0
196	196	0	0	2/2	4	1	VI					f	i		VI		VI							M	1	1	-5, -1, -4		-5	-5	0	13	0.0	0.0	2.0	0.0
196	196	1/2	1/2	2/2	4	1	VI6					f	i		VI6		VI		6					M	1	1	-1, -4, -5		-5	-1	0	13	0.0	0.0	2.0	0.0
197	197	0	0	2/2	4	1	III					f	i		III		III							M	1	1	-4, 0, -3		-4	-4	0	13	0.0	0.0	2.0	0.0
197	197	1/2	1/2	2/2	4	1	III6					f	i		III6		III		6					M	1	1	0, -3, -4		-4	0	0	13	0.0	0.0	2.0	0.0
198	198	0	0	2/2	4	1	viio/VII					f	i		viio/VII		vii	o			VII			o	1	1	2, -1, -4		2	2	0	6	0.0	0.0	1.25	0.0
198	198	1/4	1/4	2/2	4	1	V65/VII					f	i		V65/VII		V		65		VII			Mm7	1	1	2, -1, -4, -2		-2	2	0	7	0.0	0.0	0.75	0.0
198	198	1/2	1/2	2/2	4	1	V43/VII					f	i		V43/VII		V		43		VII			Mm7	1	1	-1, -4, -2, 2		-2	-1	0	13	0.0	0.0	2.0	0.0
199	199	0	0	2/2	4	1	VII					f	i		VII		VII							M	1	1	-3, 1, -2		-3	-3	0	6	0.0	0.0	1.75	0.0
199	199	1/4	1/4	2/2	4	1	VII64					f	i		VII64		VII		64					M	1	1	-2, -3, 1		-3	-2	0	7	0.0	0.0	0.75	0.0
199	199	1/2	1/2	2/2	4	1	VII					f	i		VII		VII							M	1	1	-3, 1, -2		-3	-3	0	5	0.0	0.0	0.75	0.0
199	199	3/4	3/4	2/2	4	1	VII64					f	i		VII64		VII		64					M	1	1	-2, -3, 1		-3	-2	0	7	0.0	0.0	0.75	0.0
200	200	0	0	2/2	4	1	vii					f	i		vii		vii							m	1	1	-3, -6, -2		-3	-3	0	13	0.0	0.0	2.0	0.0
200	200	1/2	1/2	2/2	4	1	vii6					f	i		vii6		vii		6					m	1	1	-6, -2, -3		-3	-6	0	13	0.0	0.0	2.0	0.0
201	201	0	0	2/2	4	1	V/vii					f	i		V/vii		V				vii			M	1	1	-2, 2, -1		-2	-2	0	13	0.0	0.0	2.0	0.0
201	201	1/2	1/2	2/2	4	1	V6/vii					f	i		V6/vii		V		6		vii			M	1	1	2, -1, -2		-2	2	0	13	0.0	0.0	2.0	0.0
202	202	0	0	2/2	4	1	viio43/V					f	i		viio43/V		vii	o	43		V			o7	1	1	-1, -4, 5, 2		5	-1	0	19	0.0	0.0	3.25	0.0
202	202	3/4	3/4	2/2	4	1	viio2/V					f	i		viio2/V		vii	o	2		V			o7	1	1	-4, 5, 2, -1		5	-4	0	7	0.0	0.0	0.75	0.0
203	203	0	0	2/2	4	1	V[V					f	i	V	V		V							M	1	1	0, 4, 1		0	0	1	12	0.07692307692307693	0.08333333333333333	2.4166666666666665	0.03333333333333333
203	203	3/4	3/4	2/2	4	1	V7					f	i	V	V7		V		7					Mm7	1	1	0, 4, 1, -2		0	0	1	2	0.3333333333333333	0.08333333333333333	0.16666666666666666	0.3333333333333333
204	204	0	0	2/2	4	1	i					f	i	V	i		i							m	1	1	-1, -4, 0		-1	-1	0	12	0.0	0.0	1.75	0.0
204	204	1/2	1/2	2/2	4	1	viio43/V					f	i	V	viio43/V		vii	o	43		V			o7	1	1	-1, -4, 5, 2		5	-1	3	10	0.23076923076923078	0.4166666666666667	1.5833333333333333	0.20833333333333334
205	205	0	0	2/2	4	1	V					f	i	V	V		V							M	1	1	0, 4, 1		0	0	2	18	0.1	0.16666666666666666	2.8333333333333335	0.05555555555555555
205	205	3/4	3/4	2/2	4	1	V7					f	i	V	V7		V		7					Mm7	1	1	0, 4, 1, -2		0	0	2	4	0.3333333333333333	0.16666666666666666	0.3333333333333333	0.3333333333333333
206	206	0	0	2/2	4	1	i					f	i	V	i		i							m	1	1	-1, -4, 0		-1	-1	0	13	0.0	0.0	2.0	0.0
206	206	1/2	1/2	2/2	4	1	viio43/V					f	i	V	viio43/V		vii	o	43		V			o7	1	1	-1, -4, 5, 2		5	-1	3	10	0.23076923076923078	0.4166666666666667	1.5833333333333333	0.20833333333333334
207	207	0	0	2/2	4	1	V]					f	i	V	V		V							M	1	1	0, 4, 1		0	0	0	10	0.0	0.0	1.75	0.0
207	207	1/2	1/2	2/2	4	1	I.IV6					f	I		IV6		IV		6					M	1	0	2, -1, -2		-2	2	0	5	0.0	0.0	1.0	0.0
207	207	3/4	3/4	2/2	4	1	IV					f	I		IV		IV							M	1	0	-2, 2, -1		-2	-2	0	4	0.0	0.0	0.5	0.0
208	208	0	0	2/2	4	1	V65					f	I		V65		V		65					Mm7	1	0	4, 1, -2, 0		0	4	0	5	0.0	0.0	1.0	0.0
208	208	1/4	1/4	2/2	4	1	V7					f	I		V7		V		7					Mm7	1	0	0, 4, 1, -2		0	0	0	4	0.0	0.0	0.5	0.0
208	208	1/2	1/2	2/2	4	1	IV64					f	I		IV64		IV		64					M	1	0	-1, -2, 2		-2	-1	0	5	0.0	0.0	1.0	0.0
208	208	3/4	3/4	2/2	4	1	IV					f	I		IV		IV							M	1	0	-2, 2, -1		-2	-2	0	4	0.0	0.0	0.5	0.0
209	209	0	0	2/2	4	1	V65					f	I		V65		V		65					Mm7	1	0	4, 1, -2, 0		0	4	0	5	0.0	0.0	1.0	0.0
209	209	1/4	1/4	2/2	4	1	V7					f	I		V7		V		7					Mm7	1	0	0, 4, 1, -2		0	0	0	4	0.0	0.0	0.5	0.0
209	209	1/2	1/2	2/2	4	1	I(64)					f	I		I(64)		I			64				M	1	0	-1, -2, 2		-1	-1	0	3	0.0	0.0	1.5	0.0
210	210	0	0	2/2	4	1	V65					f	I		V65		V		65					Mm7	1	0	4, 1, -2, 0		0	4	0	10	0.0	0.0	2.5	0.0
210	210	1/2	1/2	2/2	4	1	I(64)					f	I		I(64)		I			64				M	1	0	-1, -2, 2		-1	-1	0	3	0.0	0.0	1.5	0.0
211	211	0	0	2/2	4	1	V65					f	I		V65		V		65					Mm7	1	0	4, 1, -2, 0		0	4	0	4	0.0	0.0	3.25	0.0
211	211	1/4	1/4	2/2	4	1	vii%7					f	I		vii%7		vii	%	7					%7	1	0	4, 1, -2, 2		4	4	0	1	0.0	0.0	0.25	0.0
211	211	1/2	1/2	2/2	4	1	viio\\					f	I		viio		vii	o					\\	o	1	0	4, 1, -2		4	4	2	6	0.25	0.5	1.75	0.2222222222222222
213	213	0	0	2/2	4	1	I[I(4)					f	I	I	I(4)		I			4				M	1	0	-1, -2, 0		-1	-1	0	3	0.0	0.0	0.625	0.0
213	213	1/4	1/4	2/2	4	1	I					f	I	I	I		I							M	1	0	-1, 3, 0		-1	-1	0	4	0.0	0.0	1.0	0.0
213	213	3/4	3/4	2/2	4	1	IV					f	I	I	IV		IV							M	1	0	-2, 2, -1		-2	-2	0	3	0.0	0.0	0.625	0.0
214	214	0	0	2/2	4	1	I6					f	I	I	I6		I		6					M	1	0	3, 0, -1		-1	3	0	7	0.0	0.0	1.875	0.0
214	214	1/2	1/2	2/2	4	1	I					f	I	I	I		I							M	1	0	-1, 3, 0		-1	-1	0	3	0.0	0.0	0.75	0.0
214	214	3/4	3/4	2/2	4	1	IV6					f	I	I	IV6		IV		6					M	1	0	2, -1, -2		-2	2	0	4	0.0	0.0	0.875	0.0
215	215	0	0	2/2	4	1	I64					f	I	I	I64		I		64					M	1	0	0, -1, 3		-1	0	0	5	0.0	0.0	1.125	0.0
215	215	1/4	1/4	2/2	4	1	I6					f	I	I	I6		I		6					M	1	0	3, 0, -1		-1	3	0	4	0.0	0.0	1.0	0.0
215	215	1/2	1/2	2/2	4	1	V64					f	I	I	V64		V		64					M	1	0	1, 0, 4		0	1	1	3	0.25	0.25	0.75	0.25
215	215	3/4	3/4	2/2	4	1	viio/IV	0	-8	/		f	I	I	viio/IV		vii	o			IV			o	1	0	3, 0, -3		3	3	1	3	0.25	0.125	0.75	0.14285714285714285
216	216	0	0	2/2	4	1	IV64(2)					f	I	I	IV64(2)		IV		64	2				M	1	0	-1, 0, 2		-2	-1	0	4	0.0	0.0	1.75	0.0
216	216	1/4	1/4	2/2	4	1	IV64					f	I	I	IV64		IV		64					M	1	0	-1, -2, 2		-2	-1	1	1	0.5	0.125	0.125	0.5
216	216	1/2	1/2	2/2	4	1	V64					f	I	I	V64		V		64					M	1	0	1, 0, 4		0	1	1	3	0.25	0.5	1.25	0.2857142857142857
216	216	3/4	3/4	2/2	4	1	viio6					f	I	I	viio6		vii	o	6					o	1	0	1, -2, 4		4	1	1	1	0.5	0.125	0.125	0.5
217	217	0	0	2/2	4	1	I6					f	I	I	I6		I		6					M	1	0	3, 0, -1		-1	3	0	5	0.0	0.0	1.125	0.0
217	217	1/4	1/4	2/2	4	1	I					f	I	I	I		I							M	1	0	-1, 3, 0		-1	-1	0	4	0.0	0.0	1.0	0.0
217	217	1/2	1/2	2/2	4	1	I6					f	I	I	I6		I		6					M	1	0	3, 0, -1		-1	3	0	4	0.0	0.0	1.0	0.0
217	217	3/4	3/4	2/2	4	1	IV					f	I	I	IV		IV							M	1	0	-2, 2, -1		-2	-2	0	4	0.0	0.0	0.875	0.0
218	218	0	0	2/2	4	1	I64					f	I	I	I64		I		64					M	1	0	0, -1, 3		-1	0	0	5	0.0	0.0	1.125	0.0
218	218	1/4	1/4	2/2	4	1	I6					f	I	I	I6		I		6					M	1	0	3, 0, -1		-1	3	0	4	0.0	0.0	1.0	0.0
218	218	1/2	1/2	2/2	4	1	I					f	I	I	I		I							M	1	0	-1, 3, 0		-1	-1	0	4	0.0	0.0	1.0	0.0
218	218	3/4	3/4	2/2	4	1	IV6					f	I	I	IV6		IV		6					M	1	0	2, -1, -2		-2	2	0	4	0.0	0.0	0.875	0.0
219	219	0	0	2/2	4	1	I64					f	I	I	I64		I		64					M	1	0	0, -1, 3		-1	0	0	9	0.0	0.0	2.125	0.0
219	219	1/2	1/2	2/2	4	1	iii6					f	I	I	iii6		iii		6					m	1	0	0, 4, 3		3	0	1	3	0.25	0.25	0.75	0.25
219	219	3/4	3/4	2/2	4	1	iiio6					f	I	I	iiio6		iii	o	6					o	1	0	0, -3, 3		3	0	1	3	0.25	0.125	0.75	0.14285714285714285
220	220	0	0	2/2	4	1	V6(2)/V					f	I	I	V6(2)/V		V		6	2	V			M	1	0	5, 2, 3		1	5	1	3	0.25	0.5	1.25	0.2857142857142857
220	220	1/4	1/4	2/2	4	1	V65/V					f	I	I	V65/V		V		65		V			Mm7	1	0	5, 2, -1, 1		1	5	0	2	0.0	0.0	0.25	0.0
220	220	1/2	1/2	2/2	4	1	viio64(4)					f	I	I	viio64(4)		vii	o	64	4				o	1	0	-2, 4, 3		4	-2	1	3	0.25	0.5	1.25	0.2857142857142857
220	220	3/4	3/4	2/2	4	1	viio64					f	I	I	viio64		vii	o	64					o	1	0	-2, 4, 1		4	-2	1	1	0.5	0.125	0.125	0.5
221	221	0	0	2/2	4	1	I]					f	I	I	I		I							M	1	0	-1, 3, 0		-1	-1	0	7	0.0	0.0	2.875	0.0
221	221	1/2	1/2	2/2	4	1	vi					f	I		vi		vi							m	1	0	2, -1, 3		2	2	0	2	0.0	0.0	0.5	0.0
221	221	3/4	3/4	2/2	4	1	ii65					f	I		ii65		ii		65					mm7	1	0	-2, 2, -1, 1		1	-2	0	3	0.0	0.0	0.625	0.0
222	222	0	0	2/2	4	1	I6					f	I		I6		I		6					M	1	0	3, 0, -1		-1	3	0	4	0.0	0.0	0.875	0.0
222	222	1/4	1/4	2/2	4	1	vi					f	I		vi		vi							m	1	0	2, -1, 3		2	2	0	4	0.0	0.0	1.0	0.0
222	222	1/2	1/2	2/2	4	1	I6					f	I		I6		I		6					M	1	0	3, 0, -1		-1	3	0	4	0.0	0.0	1.0	0.0
222	222	3/4	3/4	2/2	4	1	ii7					f	I		ii7		ii		7					mm7	1	0	1, -2, 2, -1		1	1	0	4	0.0	0.0	0.875	0.0
223	223	0	0	2/2	4	1	V7(6)/IV					f	I		V7(6)/IV		V		7	6	IV			Mm7	1	0	-1, 3, 2, -3		-1	-1	0	5	0.0	0.0	1.625	0.0
223	223	1/4	1/4	2/2	4	1	V7/IV					f	I		V7/IV		V		7		IV			Mm7	1	0	-1, 3, 0, -3		-1	-1	0	2	0.0	0.0	0.5	0.0
223	223	1/2	1/2	2/2	4	1	IV					f	I		IV		IV							M	1	0	-2, 2, -1		-2	-2	0	4	0.0	0.0	1.0	0.0
223	223	3/4	3/4	2/2	4	1	V(64)					f	I		V(64)		V			64				M	1	0	0, -1, 3		0	0	0	4	0.0	0.0	0.875	0.0
224	224	0	0	2/2	4	1	ii43					f	I		ii43		ii		43					mm7	1	0	2, -1, 1, -2		1	2	0	4	0.0	0.0	2.5	0.0
224	224	1/2	1/2	2/2	4	1	V7					f	I		V7		V		7					Mm7	1	0	0, 4, 1, -2		0	0	2	4	0.3333333333333333	0.25	1.25	0.16666666666666666
225	225	0	0	2/2	4	1	I					f	I		I		I							M	1	0	-1, 3, 0		-1	-1	0	7	0.0	0.0	1.875	0.0
225	225	1/2	1/2	2/2	4	1	vi					f	I		vi		vi							m	1	0	2, -1, 3		2	2	0	3	0.0	0.0	0.75	0.0
225	225	3/4	3/4	2/2	4	1	IV					f	I		IV		IV							M	1	0	-2, 2, -1		-2	-2	0	4	0.0	0.0	0.875	0.0
226	226	0	0	2/2	4	1	I6					f	I		I6		I		6					M	1	0	3, 0, -1		-1	3	0	5	0.0	0.0	1.125	0.0
226	226	1/4	1/4	2/2	4	1	vi					f	I		vi		vi							m	1	0	2, -1, 3		2	2	0	4	0.0	0.0	1.0	0.0
226	226	1/2	1/2	2/2	4	1	I6					f	I		I6		I		6					M	1	0	3, 0, -1		-1	3	0	4	0.0	0.0	1.0	0.0
226	226	3/4	3/4	2/2	4	1	ii7					f	I		ii7		ii		7					mm7	1	0	1, -2, 2, -1		1	1	0	4	0.0	0.0	0.875	0.0
227	227	0	0	2/2	4	1	V7/IV					f	I		V7/IV		V		7		IV			Mm7	1	0	-1, 3, 0, -3		-1	-1	0	4	0.0	0.0	2.25	0.0
227	227	1/2	1/2	2/2	4	1	IV					f	I		IV		IV							M	1	0	-2, 2, -1		-2	-2	0	3	0.0	0.0	0.75	0.0
227	227	3/4	3/4	2/2	4	1	V43/IV	0	-8	/		f	I		V43/IV		V		43		IV			Mm7	1	0	0, -3, -1, 3		-1	0	0	4	0.0	0.0	1.0	0.0
228	228	0	0	2/2	4	1	V2/IV					f	I		V2/IV		V		2		IV			Mm7	1	0	-3, -1, 3, 0		-1	-3	0	4	0.0	0.0	2.25	0.0
228	228	1/2	1/2	2/2	4	1	IV6					f	I		IV6		IV		6					M	1	0	2, -1, -2		-2	2	0	3	0.0	0.0	0.75	0.0
228	228	3/4	3/4	2/2	4	1	V(64)					f	I		V(64)		V			64				M	1	0	0, -1, 3		0	0	0	4	0.0	0.0	1.0	0.0
229	229	0	0	2/2	4	1	ii65					f	I		ii65		ii		65					mm7	1	0	-2, 2, -1, 1		1	-2	0	4	0.0	0.0	1.625	0.0
229	229	3/8	3/8	2/2	4	1	V(64)					f	I		V(64)		V			64				M	1	0	0, -1, 3		0	0	0	3	0.0	0.0	0.375	0.0
229	229	1/2	1/2	2/2	4	1	ii65					f	I		ii65		ii		65					mm7	1	0	-2, 2, -1, 1		1	-2	0	4	0.0	0.0	1.625	0.0
229	229	7/8	7/8	2/2	4	1	V(64)	0	-8	/		f	I		V(64)		V			64				M	1	0	0, -1, 3		0	0	0	3	0.0	0.0	0.375	0.0
230	230	0	0	2/2	4	1	ii65					f	I		ii65		ii		65					mm7	1	0	-2, 2, -1, 1		1	-2	0	4	0.0	0.0	1.625	0.0
230	230	3/8	3/8	2/2	4	1	V(64)					f	I		V(64)		V			64				M	1	0	0, -1, 3		0	0	0	3	0.0	0.0	0.375	0.0
230	230	1/2	1/2	2/2	4	1	ii65					f	I		ii65		ii		65					mm7	1	0	-2, 2, -1, 1		1	-2	0	4	0.0	0.0	1.625	0.0
230	230	7/8	7/8	2/2	4	1	V(64)	0	-8	/		f	I		V(64)		V			64				M	1	0	0, -1, 3		0	0	0	3	0.0	0.0	0.375	0.0
231	231	0	0	2/2	4	1	IV6					f	I		IV6		IV		6					M	1	0	2, -1, -2		-2	2	0	4	0.0	0.0	1.625	0.0
231	231	3/8	3/8	2/2	4	1	V2/IV					f	I		V2/IV		V		2		IV			Mm7	1	0	-3, -1, 3, 0		-1	-3	0	3	0.0	0.0	0.375	0.0
231	231	1/2	1/2	2/2	4	1	IV6					f	I		IV6		IV		6					M	1	0	2, -1, -2		-2	2	0	4	0.0	0.0	1.625	0.0
231	231	7/8	7/8	2/2	4	1	V2/IV	0	-8	/		f	I		V2/IV		V		2		IV			Mm7	1	0	-3, -1, 3, 0		-1	-3	0	3	0.0	0.0	0.375	0.0
232	232	0	0	2/2	4	1	IV6					f	I		IV6		IV		6					M	1	0	2, -1, -2		-2	2	0	4	0.0	0.0	1.625	0.0
232	232	3/8	3/8	2/2	4	1	V2/IV					f	I		V2/IV		V		2		IV			Mm7	1	0	-3, -1, 3, 0		-1	-3	0	3	0.0	0.0	0.375	0.0
232	232	1/2	1/2	2/2	4	1	IV6					f	I		IV6		IV		6					M	1	0	2, -1, -2		-2	2	0	4	0.0	0.0	1.625	0.0
232	232	7/8	7/8	2/2	4	1	V2/IV					f	I		V2/IV		V		2		IV			Mm7	1	0	-3, -1, 3, 0		-1	-3	0	3	0.0	0.0	0.375	0.0
233	233	0	0	2/2	4	1	IV6	0	-8	/	V/ii	f	I		IV6		IV		6					M	1	0	2, -1, -2		-2	2	0	1	0.0	0.0	1.0	0.0
234	234	0	0	2/2	4	1	V7/ii	-1	-5	/		f	I		V7/ii		V		7		ii			Mm7	1	0	2, 6, 3, 0		2	2	0	4	0.0	0.0	4.0	0.0
235	235	0	0	2/2	4	1	II					f	I		II		II							M	1	0	1, 5, 2		1	1	1	4	0.2	0.25	2.75	0.08333333333333333
235	235	1/2	1/2	2/2	4	1	ii					f	I		ii		ii							m	1	0	1, -2, 2		1	1	1	2	0.3333333333333333	0.25	0.75	0.25
236	236	0	0	2/2	4	1	V(134)					f	I		V(134)		V			134				M	1	0	0, -1, 1	3	0	0	0	4	0.0	0.0	2.25	0.0
236	236	1/4	1/4	2/2	4	1	V64					f	I		V64		V		64					M	1	0	1, 0, 4		0	1	0	3	0.0	0.0	1.5	0.0
236	236	3/4	3/4	2/2	4	1	V7					f	I		V7		V		7					Mm7	1	0	0, 4, 1, -2		0	0	0	1	0.0	0.0	0.25	0.0
237	237	0	0	2/2	4	1	V65/vi					f	I		V65/vi		V		65		vi			Mm7	1	0	7, 4, 1, 3		3	7	0	4	0.0	0.0	1.5	0.0
237	237	3/8	3/8	2/2	4	1	IV6					f	I		IV6		IV		6					M	1	0	2, -1, -2		-2	2	0	4	0.0	0.0	0.5	0.0
237	237	1/2	1/2	2/2	4	1	V65/vi					f	I		V65/vi		V		65		vi			Mm7	1	0	7, 4, 1, 3		3	7	0	4	0.0	0.0	1.5	0.0
237	237	7/8	7/8	2/2	4	1	IV6					f	I		IV6		IV		6					M	1	0	2, -1, -2		-2	2	0	4	0.0	0.0	0.5	0.0
238	238	0	0	2/2	4	1	V65/vi					f	I		V65/vi		V		65		vi			Mm7	1	0	7, 4, 1, 3		3	7	0	4	0.0	0.0	1.5	0.0
238	238	3/8	3/8	2/2	4	1	IV6					f	I		IV6		IV		6					M	1	0	2, -1, -2		-2	2	0	4	0.0	0.0	0.5	0.0
238	238	1/2	1/2	2/2	4	1	V65/vi					f	I		V65/vi		V		65		vi			Mm7	1	0	7, 4, 1, 3		3	7	0	4	0.0	0.0	1.5	0.0
238	238	7/8	7/8	2/2	4	1	IV6					f	I		IV6		IV		6					M	1	0	2, -1, -2		-2	2	0	4	0.0	0.0	0.5	0.0
239	239	0	0	2/2	4	1	#viio43/ii					f	I		#viio43/ii		#vii	o	43		ii			o7	1	0	0, -3, 6, 3		6	0	0	4	0.0	0.0	1.5	0.0
239	239	3/8	3/8	2/2	4	1	ii6					f	I		ii6		ii		6					m	1	0	-2, 2, 1		1	-2	0	4	0.0	0.0	0.5	0.0
239	239	1/2	1/2	2/2	4	1	#viio43/ii					f	I		#viio43/ii		#vii	o	43		ii			o7	1	0	0, -3, 6, 3		6	0	0	4	0.0	0.0	1.5	0.0
239	239	7/8	7/8	2/2	4	1	ii6					f	I		ii6		ii		6					m	1	0	-2, 2, 1		1	-2	0	4	0.0	0.0	0.5	0.0
240	240	0	0	2/2	4	1	#viio43/ii					f	I		#viio43/ii		#vii	o	43		ii			o7	1	0	0, -3, 6, 3		6	0	0	4	0.0	0.0	1.5	0.0
240	240	3/8	3/8	2/2	4	1	ii6					f	I		ii6		ii		6					m	1	0	-2, 2, 1		1	-2	0	4	0.0	0.0	0.5	0.0
240	240	1/2	1/2	2/2	4	1	#viio43/ii					f	I		#viio43/ii		#vii	o	43		ii			o7	1	0	0, -3, 6, 3		6	0	0	4	0.0	0.0	1.5	0.0
240	240	7/8	7/8	2/2	4	1	ii6					f	I		ii6		ii		6					m	1	0	-2, 2, 1		1	-2	0	4	0.0	0.0	0.5	0.0
241	241	0	0	2/2	4	1	bIII	0	-8	/	viio2/V	f	I		bIII		bIII							M	1	0	-4, 0, -3		-4	-4	0	1	0.0	0.0	1.0	0.0
242	242	0	0	2/2	4	1	viio7/V					f	I		viio7/V		vii	o	7		V			o7	1	0	5, 2, -1, -4		5	5	0	4	0.0	0.0	3.0	0.0
242	242	1/2	1/2	2/2	4	1	V6/V					f	I		V6/V		V		6		V			M	1	0	5, 2, 1		1	5	0	2	0.0	0.0	0.5	0.0
242	242	3/4	3/4	2/2	4	1	viio7/V	0	-8	/		f	I		viio7/V		vii	o	7		V			o7	1	0	5, 2, -1, -4		5	5	0	2	0.0	0.0	0.5	0.0
243	243	0	0	2/2	4	1	V7(4)					f	I		V7(4)		V		7	4				Mm7	1	0	0, -1, 1, -2		0	0	0	7	0.0	0.0	2.75	0.0
243	243	1/2	1/2	2/2	4	1	V7					f	I		V7		V		7					Mm7	1	0	0, 4, 1, -2		0	0	0	14	0.0	0.0	3.75	0.0
244	244	1/2	1/2	2/2	4	1	V7(64)					f	I		V7(64)		V		7	64				Mm7	1	0	0, -1, 3, -2		0	0	0	4	0.0	0.0	0.75	0.0
244	244	3/4	3/4	2/2	4	1	V7					f	I		V7		V		7					Mm7	1	0	0, 4, 1, -2		0	0	0	4	0.0	0.0	0.75	0.0
245	245	0	0	2/2	4	1	V(64)					f	I		V(64)		V			64				M	1	0	0, -1, 3		0	0	0	4	0.0	0.0	2.625	0.0
245	245	1/4	1/4	2/2	4	1	I					f	I		I		I							M	1	0	-1, 3, 0		-1	-1	1	1	0.5	0.125	0.25	0.3333333333333333
245	245	1/2	1/2	2/2	4	1	I6					f	I		I6		I		6					M	1	0	3, 0, -1		-1	3	0	2	0.0	0.0	0.5	0.0
245	245	3/4	3/4	2/2	4	1	V(64)	0	-8	/		f	I		V(64)		V			64				M	1	0	0, -1, 3		0	0	0	2	0.0	0.0	0.5	0.0
246	246	0	0	2/2	4	1	viio7/V					f	I		viio7/V		vii	o	7		V			o7	1	0	5, 2, -1, -4		5	5	0	4	0.0	0.0	3.0	0.0
246	246	1/2	1/2	2/2	4	1	V6/V					f	I		V6/V		V		6		V			M	1	0	5, 2, 1		1	5	0	2	0.0	0.0	0.5	0.0
246	246	3/4	3/4	2/2	4	1	viio7/V	0	-8	/		f	I		viio7/V		vii	o	7		V			o7	1	0	5, 2, -1, -4		5	5	0	2	0.0	0.0	0.5	0.0
247	247	0	0	2/2	4	1	V7(4)					f	I		V7(4)		V		7	4				Mm7	1	0	0, -1, 1, -2		0	0	0	7	0.0	0.0	3.0	0.0
247	247	1/2	1/2	2/2	4	1	V7					f	I		V7		V		7					Mm7	1	0	0, 4, 1, -2		0	0	0	13	0.0	0.0	3.5	0.0
248	248	1/2	1/2	2/2	4	1	V7(64)					f	I		V7(64)		V		7	64				Mm7	1	0	0, -1, 3, -2		0	0	0	4	0.0	0.0	0.75	0.0
248	248	3/4	3/4	2/2	4	1	V7					f	I		V7		V		7					Mm7	1	0	0, 4, 1, -2		0	0	0	4	0.0	0.0	0.75	0.0
249	249	0	0	2/2	4	1	V(64)					f	I		V(64)		V			64				M	1	0	0, -1, 3		0	0	0	5	0.0	0.0	1.375	0.0
249	249	1/4	1/4	2/2	4	1	I					f	I		I		I							M	1	0	-1, 3, 0		-1	-1	1	3	0.25	0.125	0.5	0.2
249	249	1/2	1/2	2/2	4	1	I6					f	I		I6		I		6					M	1	0	3, 0, -1		-1	3	0	2	0.0	0.0	0.5	0.0
249	249	3/4	3/4	2/2	4	1	I					f	I		I		I							M	1	0	-1, 3, 0		-1	-1	0	2	0.0	0.0	0.5	0.0
250	250	0	0	2/2	4	1	V7					f	I		V7		V		7					Mm7	1	0	0, 4, 1, -2		0	0	0	7	0.0	0.0	2.5	0.0
250	250	1/2	1/2	2/2	4	1	V7(64)					f	I		V7(64)		V		7	64				Mm7	1	0	0, -1, 3, -2		0	0	0	4	0.0	0.0	0.75	0.0
250	250	3/4	3/4	2/2	4	1	V7					f	I		V7		V		7					Mm7	1	0	0, 4, 1, -2		0	0	0	4	0.0	0.0	0.75	0.0
251	251	0	0	2/2	4	1	V(64)					f	I		V(64)		V			64				M	1	0	0, -1, 3		0	0	0	5	0.0	0.0	1.375	0.0
251	251	1/4	1/4	2/2	4	1	I					f	I		I		I							M	1	0	-1, 3, 0		-1	-1	1	3	0.25	0.125	0.5	0.2
251	251	1/2	1/2	2/2	4	1	I6					f	I		I6		I		6					M	1	0	3, 0, -1		-1	3	0	2	0.0	0.0	0.5	0.0
251	251	3/4	3/4	2/2	4	1	I					f	I		I		I							M	1	0	-1, 3, 0		-1	-1	0	2	0.0	0.0	0.5	0.0
252	252	0	0	2/2	4	1	V7\\					f	I		V7		V		7				\\	Mm7	1	0	0, 4, 1, -2		0	0	0	6	0.0	0.0	4.0	0.0
253	253	0	0	2/2	4	1	i.iio64					f	i		iio64		ii	o	64					o	1	1	-5, 1, -2		1	-5	0	3	0.0	0.0	1.5	0.0
254	254	0	0	2/2	4	1	#viio6					f	i		#viio6		#vii	o	6					o	1	1	1, -2, 4		4	1	0	5	0.0	0.0	2.5	0.0
255	255	0	0	2/2	4	1	iio64					f	i		iio64		ii	o	64					o	1	1	-5, 1, -2		1	-5	0	3	0.0	0.0	1.5	0.0
256	256	0	0	2/2	4	1	#viio6					f	i		#viio6		#vii	o	6					o	1	1	1, -2, 4		4	1	0	7	0.0	0.0	3.5	0.0
257	257	0	0	2/2	4	1	V6					f	i		V6		V		6					M	1	1	4, 1, 0		0	4	0	3	0.0	0.0	1.5	0.0
258	258	0	0	2/2	4	1	V7					f	i		V7		V		7					Mm7	1	1	0, 4, 1, -2		0	0	0	7	0.0	0.0	3.5	0.0
259	259	0	0	2/2	4	1	i[i					f	i	i	i		i							m	1	1	-1, -4, 0		-1	-1	14	26	0.35	1.75	6.25	0.21875
261	261	0	0	2/2	4	1	iv6					f	i	i	iv6		iv		6					m	1	1	-5, -1, -2		-2	-5	0	4	0.0	0.0	0.875	0.0
261	261	1/8	1/8	2/2	4	1	#viio64/iv					f	i	i	#viio64/iv		#vii	o	64		iv			o	1	1	-3, 3, 0		3	-3	0	3	0.0	0.0	0.375	0.0
261	261	1/4	1/4	2/2	4	1	iv64					f	i	i	iv64		iv		64					m	1	1	-1, -2, -5		-2	-1	0	3	0.0	0.0	0.375	0.0
261	261	3/8	3/8	2/2	4	1	iio64/iv					f	i	i	iio64/iv		ii	o	64		iv			o	1	1	-6, 0, -3		0	-6	0	3	0.0	0.0	0.375	0.0
261	261	1/2	1/2	2/2	4	1	iv64					f	i	i	iv64		iv		64					m	1	1	-1, -2, -5		-2	-1	0	4	0.0	0.0	0.875	0.0
261	261	5/8	5/8	2/2	4	1	V7/iv					f	i	i	V7/iv		V		7		iv			Mm7	1	1	-1, 3, 0, -3		-1	-1	0	3	0.0	0.0	0.375	0.0
261	261	3/4	3/4	2/2	4	1	iv64					f	i	i	iv64		iv		64					m	1	1	-1, -2, -5		-2	-1	0	3	0.0	0.0	0.375	0.0
261	261	7/8	7/8	2/2	4	1	V/iv					f	i	i	V/iv		V				iv			M	1	1	-1, 3, 0		-1	-1	1	2	0.3333333333333333	0.125	0.25	0.3333333333333333
262	262	0	0	2/2	4	1	iv6					f	i	i	iv6		iv		6					m	1	1	-5, -1, -2		-2	-5	0	4	0.0	0.0	0.875	0.0
262	262	1/8	1/8	2/2	4	1	#viio64/iv					f	i	i	#viio64/iv		#vii	o	64		iv			o	1	1	-3, 3, 0		3	-3	0	3	0.0	0.0	0.375	0.0
262	262	1/4	1/4	2/2	4	1	iv64					f	i	i	iv64		iv		64					m	1	1	-1, -2, -5		-2	-1	0	3	0.0	0.0	0.375	0.0
262	262	3/8	3/8	2/2	4	1	#viio64/iv					f	i	i	#viio64/iv		#vii	o	64		iv			o	1	1	-3, 3, 0		3	-3	0	3	0.0	0.0	0.375	0.0
262	262	1/2	1/2	2/2	4	1	iv6					f	i	i	iv6		iv		6					m	1	1	-5, -1, -2		-2	-5	0	4	0.0	0.0	0.875	0.0
262	262	5/8	5/8	2/2	4	1	III6					f	i	i	III6		III		6					M	1	1	0, -3, -4		-4	0	0	3	0.0	0.0	0.375	0.0
262	262	3/4	3/4	2/2	4	1	iio6					f	i	i	iio6		ii	o	6					o	1	1	-2, -5, 1		1	-2	0	3	0.0	0.0	0.375	0.0
262	262	7/8	7/8	2/2	4	1	i6]					f	i	i	i6		i		6					m	1	1	-4, 0, -1		-1	-4	0	3	0.0	0.0	0.375	0.0
263	263	0	0	2/2	4	1	#viio6					f	i		#viio6		#vii	o	6					o	1	1	1, -2, 4		4	1	0	5	0.0	0.0	1.75	0.0
263	263	1/4	1/4	2/2	4	1	iio					f	i		iio		ii	o						o	1	1	1, -2, -5		1	1	0	2	0.0	0.0	0.25	0.0
263	263	1/2	1/2	2/2	4	1	i6(6)					f	i		i6(6)		i		6	6				m	1	1	-4, -5, -1		-1	-4	2	2	0.5	0.75	0.625	0.5454545454545454
263	263	5/8	5/8	2/2	4	1	i6					f	i		i6		i		6					m	1	1	-4, 0, -1		-1	-4	0	4	0.0	0.0	0.625	0.0
264	264	0	0	2/2	4	1	#viio6					f	i		#viio6		#vii	o	6					o	1	1	1, -2, 4		4	1	0	5	0.0	0.0	1.75	0.0
264	264	1/4	1/4	2/2	4	1	iio					f	i		iio		ii	o						o	1	1	1, -2, -5		1	1	0	2	0.0	0.0	0.25	0.0
264	264	1/2	1/2	2/2	4	1	i6(6)					f	i		i6(6)		i		6	6				m	1	1	-4, -5, -1		-1	-4	2	2	0.5	0.75	0.625	0.5454545454545454
264	264	5/8	5/8	2/2	4	1	i6					f	i		i6		i		6					m	1	1	-4, 0, -1		-1	-4	0	4	0.0	0.0	0.625	0.0
265	265	0	0	2/2	4	1	ii%65					f	i		ii%65		ii	%	65					%7	1	1	-2, -5, -1, 1		1	-2	0	5	0.0	0.0	1.25	0.0
265	265	1/4	1/4	2/2	4	1	i64					f	i		i64		i		64					m	1	1	0, -1, -4		-1	0	0	4	0.0	0.0	0.75	0.0
265	265	1/2	1/2	2/2	4	1	iv6					f	i		iv6		iv		6					m	1	1	-5, -1, -2		-2	-5	0	5	0.0	0.0	1.25	0.0
265	265	3/4	3/4	2/2	4	1	V6/iv					f	i		V6/iv		V		6		iv			M	1	1	3, 0, -1		-1	3	0	4	0.0	0.0	0.75	0.0
266	266	0	0	2/2	4	1	iv					f	i		iv		iv							m	1	1	-2, -5, -1		-2	-2	0	4	0.0	0.0	1.0	0.0
266	266	1/2	1/2	2/2	4	1	iv6	0	-8	/	#viio2	f	i		iv6		iv		6					m	1	1	-5, -1, -2		-2	-5	0	2	0.0	0.0	0.5	0.0
267	267	0	0	2/2	4	1	#viio65					f	i		#viio65		#vii	o	65					o7	1	1	1, -2, -5, 4		4	1	2	17	0.10526315789473684	0.25	3.5	0.06666666666666667
268	268	0	0	2/2	4	1	#viio					f	i		#viio		#vii	o						o	1	1	4, 1, -2		4	4	0	7	0.0	0.0	1.0	0.0
268	268	1/4	1/4	2/2	4	1	#viio6					f	i		#viio6		#vii	o	6					o	1	1	1, -2, 4		4	1	3	3	0.5	0.375	0.375	0.5
268	268	1/2	1/2	2/2	4	1	#viio43					f	i		#viio43		#vii	o	43					o7	1	1	-2, -5, 4, 1		4	-2	3	11	0.21428571428571427	0.375	1.625	0.1875
269	269	0	0	2/2	4	1	i6					f	i		i6		i		6					m	1	1	-4, 0, -1		-1	-4	2	17	0.10526315789473684	0.25	3.5	0.06666666666666667
270	270	0	0	2/2	4	1	i					f	i		i		i							m	1	1	-1, -4, 0		-1	-1	0	7	0.0	0.0	1.0	0.0
270	270	1/4	1/4	2/2	4	1	i6					f	i		i6		i		6					m	1	1	-4, 0, -1		-1	-4	3	3	0.5	0.375	0.375	0.5
270	270	1/2	1/2	2/2	4	1	i					f	i		i		i							m	1	1	-1, -4, 0		-1	-1	0	7	0.0	0.0	1.125	0.0
270	270	3/4	3/4	2/2	4	1	i6					f	i		i6		i		6					m	1	1	-4, 0, -1		-1	-4	3	4	0.42857142857142855	0.375	0.5	0.42857142857142855
271	271	0	0	2/2	4	1	viio65/V					f	i		viio65/V		vii	o	65		V			o7	1	1	2, -1, -4, 5		5	2	1	6	0.14285714285714285	0.125	1.875	0.0625
271	271	1/2	1/2	2/2	4	1	#viio2					f	i		#viio2		#vii	o	2					o7	1	1	-5, 4, 1, -2		4	-5	1	11	0.08333333333333333	0.125	2.375	0.05
272	272	0	0	2/2	4	1	V(#64)					f	i		V(#64)		V			#64				M	1	1	0, -1, 1	3	0	0	1	6	0.14285714285714285	0.125	1.875	0.0625
272	272	1/2	1/2	2/2	4	1	V(64)					f	i		V(64)		V			64				M	1	1	0, -1, -4		0	0	1	7	0.125	0.125	2.375	0.05
273	273	0	0	2/2	4	1	iio6					f	i		iio6		ii	o	6					o	1	1	-2, -5, 1		1	-2	1	6	0.14285714285714285	0.125	1.875	0.0625
273	273	1/2	1/2	2/2	4	1	V					f	i		V		V							M	1	1	0, 4, 1		0	0	1	11	0.08333333333333333	0.125	2.375	0.05
274	274	0	0	2/2	4	1	i6					f	i		i6		i		6					m	1	1	-4, 0, -1		-1	-4	0	12	0.0	0.0	2.0	0.0
274	274	1/2	1/2	2/2	4	1	i(13)					f	i		i(13)		i			13				m	1	1	-1, -4, 0	-5	-1	-1	0	14	0.0	0.0	2.0	0.0
275	275	0	0	2/2	4	1	#viio65					f	i		#viio65		#vii	o	65					o7	1	1	1, -2, -5, 4		4	1	8	39	0.1702127659574468	1.0	7.0	0.125
277	277	0	0	2/2	4	1	i6					f	i		i6		i		6					m	1	1	-4, 0, -1		-1	-4	6	35	0.14634146341463414	0.75	7.0	0.0967741935483871
279	279	0	0	2/2	4	1	viio65/V					f	i		viio65/V		vii	o	65		V			o7	1	1	2, -1, -4, 5		5	2	1	7	0.125	0.125	2.375	0.05
279	279	1/2	1/2	2/2	4	1	VII(11)					f	i		VII(11)		VII			11				M	1	1	-3, 1, -2	-4	-3	-3	0	4	0.0	0.0	1.25	0.0
279	279	5/8	5/8	2/2	4	1	VII					f	i		VII		VII							M	1	1	-3, 1, -2		-3	-3	0	6	0.0	0.0	0.75	0.0
280	280	0	0	2/2	4	1	#viio7					f	i		#viio7		#vii	o	7					o7	1	1	4, 1, -2, -5		4	4	1	6	0.14285714285714285	0.125	1.875	0.0625
280	280	1/2	1/2	2/2	4	1	i(11)					f	i		i(11)		i			11				m	1	1	-1, -4, 0	-2	-1	-1	0	4	0.0	0.0	1.625	0.0
280	280	5/8	5/8	2/2	4	1	i					f	i		i		i							m	1	1	-1, -4, 0		-1	-1	0	3	0.0	0.0	0.375	0.0
281	281	0	0	2/2	4	1	V43					f	i		V43		V		43					Mm7	1	1	1, -2, 0, 4		0	1	1	6	0.14285714285714285	0.125	1.875	0.0625
281	281	1/2	1/2	2/2	4	1	viio2/V					f	i		viio2/V		vii	o	2		V			o7	1	1	-4, 5, 2, -1		5	-4	1	6	0.14285714285714285	0.125	1.75	0.06666666666666667
281	281	7/8	7/8	2/2	4	1	viio64/V	0	-8	/		f	i		viio64/V		vii	o	64		V			o	1	1	-1, 5, 2		5	-1	0	5	0.0	0.0	0.625	0.0
282	282	0	0	2/2	4	1	V(64)					f	i		V(64)		V			64				M	1	1	0, -1, -4		0	0	0	8	0.0	0.0	2.5	0.0
282	282	1/2	1/2	2/2	4	1	V					f	i		V		V							M	1	1	0, 4, 1		0	0	0	8	0.0	0.0	2.5	0.0
283	283	0	0	2/2	4	1	viio7/VII					f	i		viio7/VII		vii	o	7		VII			o7	1	1	2, -1, -4, -7		2	2	0	7	0.0	0.0	2.0	0.0
283	283	1/2	1/2	2/2	4	1	VII					f	i		VII		VII							M	1	1	-3, 1, -2		-3	-3	0	12	0.0	0.0	2.0	0.0
284	284	0	0	2/2	4	1	V65					f	i		V65		V		65					Mm7	1	1	4, 1, -2, 0		0	4	0	10	0.0	0.0	2.0	0.0
284	284	1/2	1/2	2/2	4	1	i					f	i		i		i							m	1	1	-1, -4, 0		-1	-1	0	7	0.0	0.0	2.0	0.0
285	285	0	0	2/2	4	1	#viio65					f	i		#viio65		#vii	o	65					o7	1	1	1, -2, -5, 4		4	1	0	7	0.0	0.0	2.0	0.0
285	285	1/2	1/2	2/2	4	1	i6					f	i		i6		i		6					m	1	1	-4, 0, -1		-1	-4	0	12	0.0	0.0	2.0	0.0
286	286	0	0	2/2	4	1	V65/iv					f	i		V65/iv		V		65		iv			Mm7	1	1	3, 0, -3, -1		-1	3	2	5	0.2857142857142857	0.25	1.75	0.125
286	286	1/2	1/2	2/2	4	1	V2/iv					f	i		V2/iv		V		2		iv			Mm7	1	1	-3, -1, 3, 0		-1	-3	1	6	0.14285714285714285	0.125	1.875	0.0625
287	287	0	0	2/2	4	1	iv					f	i		iv		iv							m	1	1	-2, -5, -1		-2	-2	12	15	0.4444444444444444	1.5	2.5	0.375
288	288	0	0	2/2	4	1	V(64)					f	i		V(64)		V			64				M	1	1	0, -1, -4		0	0	0	4	0.0	0.0	0.5	0.0
288	288	1/8	1/8	2/2	4	1	V					f	i		V		V							M	1	1	0, 4, 1		0	0	0	5	0.0	0.0	0.625	0.0
288	288	1/4	1/4	2/2	4	1	i					f	i		i		i							m	1	1	-1, -4, 0		-1	-1	0	10	0.0	0.0	1.25	0.0
288	288	1/2	1/2	2/2	4	1	V(64)					f	i		V(64)		V			64				M	1	1	0, -1, -4		0	0	0	5	0.0	0.0	0.625	0.0
288	288	5/8	5/8	2/2	4	1	V64					f	i		V64		V		64					M	1	1	1, 0, 4		0	1	0	5	0.0	0.0	0.625	0.0
288	288	3/4	3/4	2/2	4	1	i					f	i		i		i							m	1	1	-1, -4, 0		-1	-1	0	10	0.0	0.0	1.25	0.0
289	289	0	0	2/2	4	1	V(64)					f	i		V(64)		V			64				M	1	1	0, -1, -4		0	0	0	5	0.0	0.0	1.25	0.0
289	289	1/2	1/2	2/2	4	1	V7					f	i		V7		V		7					Mm7	1	1	0, 4, 1, -2		0	0	0	10	0.0	0.0	2.5	0.0
290	290	0	0	2/2	4	1	i					f	i		i		i							m	1	1	-1, -4, 0		-1	-1	0	16	0.0	0.0	6.0	0.0
291	291	1/2	1/2	2/2	4	1	v6					f	i		v6		v		6					m	1	1	-3, 1, 0		0	-3	0	8	0.0	0.0	2.0	0.0
292	292	0	0	2/2	4	1	iv6					f	i		iv6		iv		6					m	1	1	-5, -1, -2		-2	-5	0	4	0.0	0.0	2.0	0.0
292	292	1/2	1/2	2/2	4	1	V					f	i		V		V							M	1	1	0, 4, 1		0	0	0	4	0.0	0.0	2.0	0.0
293	293	0	0	2/2	4	1	iv6					f	i		iv6		iv		6					m	1	1	-5, -1, -2		-2	-5	0	4	0.0	0.0	2.0	0.0
293	293	1/2	1/2	2/2	4	1	V					f	i		V		V							M	1	1	0, 4, 1		0	0	0	8	0.0	0.0	2.0	0.0
294	294	0	0	2/2	4	1	iv					f	i		iv		iv							m	1	1	-2, -5, -1		-2	-2	0	4	0.0	0.0	2.0	0.0
294	294	1/2	1/2	2/2	4	1	i6					f	i		i6		i		6					m	1	1	-4, 0, -1		-1	-4	0	4	0.0	0.0	2.0	0.0
295	295	0	0	2/2	4	1	iio					f	i		iio		ii	o						o	1	1	1, -2, -5		1	1	16	16	0.5	4.0	4.0	0.5
297	297	0	0	2/2	4	1	V43					f	i		V43		V		43					Mm7	1	1	1, -2, 0, 4		0	1	0	16	0.0	0.0	4.0	0.0
298	298	0	0	2/2	4	1	i6					f	i		i6		i		6					m	1	1	-4, 0, -1		-1	-4	0	4	0.0	0.0	2.0	0.0
298	298	1/2	1/2	2/2	4	1	i					f	i		i		i							m	1	1	-1, -4, 0		-1	-1	0	4	0.0	0.0	2.0	0.0
299	299	0	0	2/2	4	1	VI					f	i		VI		VI							M	1	1	-5, -1, -4		-5	-5	2	5	0.2857142857142857	0.25	1.75	0.125
299	299	1/2	1/2	2/2	4	1	III6					f	i		III6		III		6					M	1	1	0, -3, -4		-4	0	2	8	0.2	0.25	1.75	0.125
300	300	0	0	2/2	4	1	viio6/III					f	i		viio6/III		vii	o	6		III			o	1	1	-2, -5, 1		1	-2	0	4	0.0	0.0	2.0	0.0
300	300	1/2	1/2	2/2	4	1	III					f	i		III		III							M	1	1	-4, 0, -3		-4	-4	0	4	0.0	0.0	2.0	0.0
301	301	0	0	2/2	4	1	iio6					f	i		iio6		ii	o	6					o	1	1	-2, -5, 1		1	-2	1	6	0.14285714285714285	0.125	1.875	0.0625
301	301	1/2	1/2	2/2	4	1	i6					f	i		i6		i		6					m	1	1	-4, 0, -1		-1	-4	2	8	0.2	0.25	1.75	0.125
302	302	0	0	2/2	4	1	iv6					f	i		iv6		iv		6					m	1	1	-5, -1, -2		-2	-5	0	5	0.0	0.0	2.5	0.0
302	302	1/2	1/2	2/2	4	1	V(64)					f	i		V(64)		V			64				M	1	1	0, -1, -4		0	0	0	5	0.0	0.0	2.5	0.0
303	303	0	0	2/2	4	1	ii%65					f	i		ii%65		ii	%	65					%7	1	1	-2, -5, -1, 1		1	-2	10	38	0.20833333333333334	1.75	8.25	0.175
305	305	0	0	2/2	4	1	V7					f	i		V7		V		7					Mm7	1	1	0, 4, 1, -2		0	0	3	21	0.125	0.375	4.625	0.075
306	306	0	0	2/2	4	1	i					f	i		i		i							m	1	1	-1, -4, 0		-1	-1	3	13	0.1875	0.375	4.625	0.075
307	307	0	0	2/2	4	1	ii%65					f	i		ii%65		ii	%	65					%7	1	1	-2, -5, -1, 1		1	-2	10	38	0.20833333333333334	1.75	8.25	0.175
309	309	0	0	2/2	4	1	V					f	i		V		V							M	1	1	0, 4, 1		0	0	2	9	0.18181818181818182	0.25	2.0	0.1111111111111111
309	309	1/2	1/2	2/2	4	1	iio6					f	i		iio6		ii	o	6					o	1	1	-2, -5, 1		1	-2	0	5	0.0	0.0	1.0	0.0
309	309	3/4	3/4	2/2	4	1	V					f	i		V		V							M	1	1	0, 4, 1		0	0	1	4	0.2	0.125	0.875	0.125
310	310	0	0	2/2	4	1	i6					f	i		i6		i		6					m	1	1	-4, 0, -1		-1	-4	2	5	0.2857142857142857	0.25	1.75	0.125
310	310	1/2	1/2	2/2	4	1	i					f	i		i		i							m	1	1	-1, -4, 0		-1	-1	2	5	0.2857142857142857	0.25	1.75	0.125
311	311	0	0	2/2	4	1	V43					f	i		V43		V		43					Mm7	1	1	1, -2, 0, 4		0	1	3	17	0.15	0.375	3.625	0.09375
312	312	0	0	2/2	4	1	i6					f	i		i6		i		6					m	1	1	-4, 0, -1		-1	-4	2	5	0.2857142857142857	0.25	1.75	0.125
312	312	1/2	1/2	2/2	4	1	i					f	i		i		i							m	1	1	-1, -4, 0		-1	-1	2	5	0.2857142857142857	0.25	1.75	0.125
313	313	0	0	2/2	4	1	V					f	i		V		V							M	1	1	0, 4, 1		0	0	7	22	0.2413793103448276	0.875	8.875	0.08974358974358974
315	315	0	0	2/2	4	1	V7					f	i		V7		V		7					Mm7	1	1	0, 4, 1, -2		0	0	7	42	0.14285714285714285	0.875	19.125	0.04375
319	319	0	0	2/2	4	1	i					f	i		i		i							m	1	1	-1, -4, 0		-1	-1	0	4	0.0	0.0	2.0	0.0
319	319	1/2	1/2	2/2	4	1	V7					f	i		V7		V		7					Mm7	1	1	0, 4, 1, -2		0	0	0	6	0.0	0.0	3.0	0.0
320	320	0	0	2/2	4	1	i					f	i		i		i							m	1	1	-1, -4, 0		-1	-1	0	5	0.0	0.0	2.5	0.0
320	320	1/2	1/2	2/2	4	1	V7					f	i		V7		V		7					Mm7	1	1	0, 4, 1, -2		0	0	0	6	0.0	0.0	3.0	0.0
321	321	0	0	2/2	4	1	i					f	i		i		i							m	1	1	-1, -4, 0		-1	-1	0	5	0.0	0.0	2.5	0.0
322	322	0	0	2/2	4	1	V7					f	i		V7		V		7					Mm7	1	1	0, 4, 1, -2		0	0	0	8	0.0	0.0	4.0	0.0
323	323	0	0	2/2	4	1	i\\					f	i		i		i						\\	m	1	1	-1, -4, 0		-1	-1	0	7	0.0	0.0	3.5	0.0
